School Name,Pickup Route,Pickup Bus Stop,Pickup Time,Dropoff Route,Dropoff Bus Stop,Dropoff Time
AL HOLMES,210,GRATIOT AVE@JOANN ST,7:50 AM,210,GRATIOT AVE@JOANN ST,4:12 PM
AL HOLMES,210,WALTHAM ST@NASHVILLE ST,7:54 AM,210,WALTHAM ST@NASHVILLE ST,4:09 PM
AL HOLMES,210,FINDLAY ST@HAMBURG ST,7:56 AM,210,FINDLAY ST@HAMBURG ST,4:02 PM
AL HOLMES,210,SAUER ST@RUNYON ST,8:02 AM,210,SAUER ST@RUNYON ST,4:25 PM
AL HOLMES,210,ENGLESIDE ST@BRADFORD ST,8:05 AM,210,ENGLESIDE ST@BRADFORD ST,4:07 PM
AL HOLMES,210,MINDEN ST@BRADFORD ST,8:06 AM,210,MINDEN ST@BRADFORD ST,4:05 PM
AL HOLMES,210,WOODLAWN ST@RAYMOND ST,8:16 AM,210,WOODLAWN ST@RAYMOND ST,3:49 PM
AL HOLMES,244,MARCUS ST@DWYER ST,7:46 AM,244,MARCUS ST@DWYER ST,4:16 PM
AL HOLMES,244,FOSTER ST@FARR ST,7:54 AM,244,FOSTER ST@FARR ST,4:06 PM
AL HOLMES,244,FOSTER ST@BENHAM ST,7:56 AM,244,FOSTER ST@BENHAM ST,4:03 PM
AL HOLMES,244,SHERWOOD ST@STRONG ST,8:00 AM,244,SHERWOOD ST@STRONG ST,4:01 PM
AL HOLMES,244,MILLER ST@HELEN ST,8:02 AM,244,MILLER ST@HELEN ST,4:11 PM
AL HOLMES,244,HARPER AVE@CANTON ST,8:05 AM,244,HARPER AVE@CANTON ST,3:59 PM
AL HOLMES,244,STRONG ST@LARK ST,8:07 AM,244,STRONG ST@LARK ST,3:57 PM
AL HOLMES,244,EDSEL FORD FWY E@CRANE ST,8:11 AM,244,EDSEL FORD FWY E@CRANE ST,3:54 PM
AL HOLMES,244,GRINNELL ST@MURAT ST,8:16 AM,244,GRINNELL ST@MURAT ST,3:49 PM
AL HOLMES,503,MCNICHOLS RD E@DWYER ST,8:00 AM,503,MCNICHOLS RD E@DWYER ST,4:04 PM
AL HOLMES,503,ELDON ST@DOBEL ST,8:04 AM,503,ELDON ST@DOBEL ST,3:59 PM
AL HOLMES,503,MONTLIEU ST@CASTLE ST,8:07 AM,503,MONTLIEU ST@CASTLE ST,3:56 PM
AL HOLMES,503,CARRIE ST@TAPPAN ST,8:13 AM,503,CARRIE ST@TAPPAN ST,3:52 PM
AL HOLMES,503,ARCOLA ST@ELDON ST,8:15 AM,503,ARCOLA ST@ELDON ST,3:50 PM
AL HOLMES,504,PORTLANCE ST@CANONBURY ST,7:48 AM,504,PORTLANCE ST@CANONBURY ST,4:20 PM
AL HOLMES,504,KENMOOR ST@ALGONAC ST,7:56 AM,504,KENMOOR ST@ALGONAC ST,4:13 PM
AL HOLMES,504,GUNSTON ST@KENMOOR ST,7:59 AM,504,GUNSTON ST@KENMOOR ST,4:15 PM
AL HOLMES,504,MINDEN ST@ELMO ST,8:02 AM,504,MINDEN ST@ELMO ST,4:07 PM
AL HOLMES,504,WHITHORN ST@ELMO ST,8:06 AM,504,WHITHORN ST@ELMO ST,4:03 PM
AL HOLMES,504,SANFORD ST@ELMO ST,8:07 AM,504,SANFORD ST@ELMO ST,4:01 PM
AL HOLMES,504,GUNSTON ST@ST PATRICK ST,8:09 AM,504,GUNSTON ST@ST PATRICK ST,3:59 PM
AL HOLMES,504,GUNSTON ST@WILFRED ST,8:10 AM,504,GUNSTON ST@WILFRED ST,3:56 PM
BAGLEY ES,644,MCNICHOLS RD W@TULLER ST,7:52 AM,644,MCNICHOLS RD W@TULLER ST,4:02 PM
BAGLEY ES,644,STOEPEL ST@GROVE ST,7:54 AM,644,STOEPEL ST@GROVE ST,4:15 PM
BAGLEY ES,644,SANTA MARIA ST@SANTA ROSA DR,7:59 AM,644,SANTA MARIA ST@SANTA ROSA DR,4:10 PM
BAGLEY ES,644,SANTA MARIA ST@PRAIRIE ST,8:00 AM,644,SANTA MARIA ST@PRAIRIE ST,4:08 PM
BAGLEY ES,644,SANTA  MARIA @ SANTA BARBARA DR,8:02 AM,644,SANTA  MARIA @ SANTA BARBARA DR,4:01 PM
BAGLEY ES,644,SANTA MARIA ST@ROSELAWN ST,8:07 AM,644,SANTA MARIA ST@ROSELAWN ST,3:59 PM
BAGLEY ES,644,SANTA CLARA ST@CHERRYLAWN ST,8:09 AM,644,SANTA CLARA ST@CHERRYLAWN ST,3:48 PM
BAGLEY ES,644,SANTA MARIA ST@INDIANA ST,8:11 AM,644,SANTA MARIA ST@INDIANA ST,3:57 PM
BAGLEY ES,644,MENDOTA ST@SANTA CLARA ST,8:14 AM,644,MENDOTA ST@SANTA CLARA ST,3:53 PM
BAGLEY ES,644,THATCHER ST@KENTUCKY ST,8:17 AM,644,THATCHER ST@KENTUCKY ST,3:51 PM
BAGLEY ES,650,APPOLINE ST@MARGARETA ST,8:00 AM,650,APPOLINE ST@MARGARETA ST,4:03 PM
BAGLEY ES,650,KENTUCKY ST@CLARITA ST,8:04 AM,650,KENTUCKY ST@CLARITA ST,4:00 PM
BAGLEY ES,650,CHIPPEWA ST@SAN JUAN DR,8:10 AM,650,CHIPPEWA ST@SAN JUAN DR,3:55 PM
BAGLEY ES,650,CLARITA ST@PRAIRIE ST,8:14 AM,650,CLARITA ST@PRAIRIE ST,3:51 PM
BAGLEY ES,650,PICKFORD ST@STOEPEL ST,8:16 AM,650,PICKFORD ST@STOEPEL ST,3:49 PM
BARTON ES,721,JOY RD@WHITCOMB ST,7:55 AM,721,JOY RD@WHITCOMB ST,4:01 PM
BARTON ES,721,MACKENZIE ST@TERRY ST,7:58 AM,721,MACKENZIE ST@TERRY ST,4:04 PM
BARTON ES,721,BELTON ST@COYLE ST,8:00 AM,721,BELTON ST@COYLE ST,3:59 PM
BARTON ES,721,BELTON ST@LAUDER ST,8:02 AM,721,BELTON ST@LAUDER ST,3:57 PM
BARTON ES,721,MARK TWAIN ST@MACKENZIE ST,8:05 AM,721,MARK TWAIN ST@MACKENZIE ST,4:06 PM
BARTON ES,721,BELTON ST@HARTWELL ST,8:09 AM,721,BELTON ST@HARTWELL ST,3:53 PM
BARTON ES,721,WARD ST@LITTLEFIELD ST,8:13 AM,721,WARD ST@LITTLEFIELD ST,3:51 PM
BARTON ES,721,BELTON ST@APPOLINE ST,8:15 AM,721,BELTON ST@APPOLINE ST,3:49 PM
BENNETT ES,715,OLIVET ST@GOVIN ST,7:27 AM,715,OLIVET ST@GOVIN ST,3:34 PM
BENNETT ES,715,W LAFAYETTE BLVD@LAWNDALE ST,7:30 AM,715,W LAFAYETTE BLVD@LAWNDALE ST,3:37 PM
BENNETT ES,715,CHAMBERLAIN ST@LAWNDALE ST,7:32 AM,715,CHAMBERLAIN ST@LAWNDALE ST,3:38 PM
BENNETT ES,715,WITT ST @ ELSMERE ST,7:35 AM,715,WITT ST @ ELSMERE ST,3:40 PM
BENNETT ES,715,W FORT ST@WOODMERE ST,7:37 AM,715,W FORT ST@WOODMERE ST,3:42 PM
BENNETT ES,715,BARRON ST@DEY ST,7:42 AM,715,BARRON ST@DEY ST,3:46 PM
BENNETT ES,715,WOODMERE ST@CHAMBERLAIN ST,7:49 AM,715,WOODMERE ST@CHAMBERLAIN ST,3:52 PM
BENNETT ES,715,WOODMERE ST@HOMER ST,7:51 AM,715,WOODMERE ST@HOMER ST,3:53 PM
BENNETT ES,715,WOODMERE ST@AVIS ST,7:55 AM,715,WOODMERE ST@AVIS ST,3:55 PM
BETHUNE ES/MS,603,PASADENA ST@LA SALLE BLVD,6:31 AM,603,PASADENA ST@LA SALLE BLVD,2:56 PM
BETHUNE ES/MS,603,ROSA PARKS BLVD@CLEMENTS ST,6:35 AM,603,ROSA PARKS BLVD@CLEMENTS ST,2:53 PM
BETHUNE ES/MS,603,FULLERTON ST@WILDEMERE ST,6:43 AM,603,FULLERTON ST@WILDEMERE ST,3:11 PM
BETHUNE ES/MS,603,W DAVISON @ PETOSKEY AVE,6:47 AM,603,W DAVISON @ PETOSKEY AVE,3:07 PM
BETHUNE ES/MS,603,EWALD CIR@HOLMUR ST,6:59 AM,603,EWALD CIR@HOLMUR ST,3:02 PM
BETHUNE ES/MS,603,KENDALL ST@DEXTER AVE,7:03 AM,603,KENDALL ST@DEXTER AVE,3:00 PM
BETHUNE ES/MS,613,JOHN C LODGE FWY@QUINCY ST,6:48 AM,613,JOHN C LODGE FWY@QUINCY ST,3:07 PM
BETHUNE ES/MS,613,DESOTO ST@MONICA ST,6:51 AM,613,DESOTO ST@MONICA ST,3:10 PM
BETHUNE ES/MS,613,FENKELL ST@TULLER ST,6:52 AM,613,FENKELL ST@TULLER ST,3:12 PM
BETHUNE ES/MS,613,DESOTO ST@GREENLAWN ST,6:54 AM,613,DESOTO ST@GREENLAWN ST,3:13 PM
BETHUNE ES/MS,613,FENKELL ST@CLOVERLAWN ST,6:56 AM,613,FENKELL ST@CLOVERLAWN ST,3:03 PM
BETHUNE ES/MS,613,ELLSWORTH ST@CHERRYLAWN ST,6:58 AM,613,ELLSWORTH ST@CHERRYLAWN ST,3:15 PM
BETHUNE ES/MS,613,FENKELL ST@WISCONSIN ST,7:01 AM,613,FENKELL ST@WISCONSIN ST,2:58 PM
BETHUNE ES/MS,613,FENKELL ST@KENTUCKY ST,7:02 AM,613,FENKELL ST@KENTUCKY ST,3:00 PM
BETHUNE ES/MS,613,PILGRIM ST@WASHBURN ST,7:05 AM,613,PILGRIM ST@WASHBURN ST,2:54 PM
BETHUNE ES/MS,613,PILGRIM ST@INDIANA ST,7:08 AM,613,PILGRIM ST@INDIANA ST,2:52 PM
BETHUNE ES/MS,613,MIDLAND ST@OHIO ST,7:11 AM,613,MIDLAND ST@OHIO ST,2:50 PM
BETHUNE ES/MS,614,FLORENCE ST@STANSBURY ST,6:51 AM,614,FLORENCE ST@STANSBURY ST,3:08 PM
BETHUNE ES/MS,614,HARTWELL ST@PILGRIM ST,6:54 AM,614,HARTWELL ST@PILGRIM ST,3:05 PM
BETHUNE ES/MS,614,PILGRIM ST@MONTE VISTA ST,7:00 AM,614,PILGRIM ST@MONTE VISTA ST,2:59 PM
BETHUNE ES/MS,614,MENDOTA ST@FLORENCE ST,7:04 AM,614,MENDOTA ST@FLORENCE ST,2:49 PM
BETHUNE ES/MS,614,SANTA MARIA ST@PINEHURST ST,7:10 AM,614,SANTA MARIA ST@PINEHURST ST,2:55 PM
BETHUNE ES/MS,644,EATON ST@SANTA ROSA DR,6:44 AM,644,EATON ST@SANTA ROSA DR,3:10 PM
BETHUNE ES/MS,644,EATON ST@PRAIRIE ST,6:47 AM,644,EATON ST@PRAIRIE ST,3:14 PM
BETHUNE ES/MS,644,TULLER ST@EATON ST,6:53 AM,644,TULLER ST@EATON ST,3:07 PM
BETHUNE ES/MS,644,EATON ST@TURNER ST,6:54 AM,644,EATON ST@TURNER ST,3:05 PM
BETHUNE ES/MS,644,EATON ST @ CLOVERLAWN ST,6:56 AM,644,EATON ST @ CLOVERLAWN ST,2:58 PM
BETHUNE ES/MS,644,LYNDON ST@CHERRYLAWN ST,7:04 AM,644,LYNDON ST@CHERRYLAWN ST,2:55 PM
BETHUNE ES/MS,644,EATON ST@WISCONSIN ST,7:08 AM,644,EATON ST@WISCONSIN ST,2:53 PM
BETHUNE ES/MS,680,CHEYENNE ST@EATON ST,6:47 AM,680,CHEYENNE ST@EATON ST,2:55 PM
BETHUNE ES/MS,680,EATON ST@SNOWDEN ST,6:48 AM,680,EATON ST@SNOWDEN ST,2:52 PM
BETHUNE ES/MS,680,CHALFONTE ST@WARD ST,6:53 AM,680,CHALFONTE ST@WARD ST,2:57 PM
BETHUNE ES/MS,680,FENKELL ST@STEEL ST,6:55 AM,680,FENKELL ST@STEEL ST,2:59 PM
BETHUNE ES/MS,680,CHALFONTE ST@APPOLINE ST,6:58 AM,680,CHALFONTE ST@APPOLINE ST,3:01 PM
BETHUNE ES/MS,680,MANOR ST@KEELER AVE,7:00 AM,680,MANOR ST@KEELER AVE,3:04 PM
BETHUNE ES/MS,680,KEELER AVE@MENDOTA ST,7:02 AM,680,KEELER AVE@MENDOTA ST,3:06 PM
BETHUNE ES/MS,680,PINEHURST ST@CHALFONTE ST,7:04 AM,680,PINEHURST ST@CHALFONTE ST,3:08 PM
BETHUNE ES/MS,680,BIRWOOD ST@EATON ST,7:07 AM,680,BIRWOOD ST@EATON ST,3:10 PM
BETHUNE ES/MS,680,EATON ST@WASHBURN ST,7:10 AM,680,EATON ST@WASHBURN ST,3:11 PM
BETHUNE ES/MS,709,WYOMING ST@GROVE ST,6:26 AM,709,WYOMING ST@GROVE ST,3:31 PM
BETHUNE ES/MS,709,GROVE ST@MONICA ST,6:32 AM,709,GROVE ST@MONICA ST,3:26 PM
BETHUNE ES/MS,709,MCNICHOLS RD W@STOEPEL ST,6:34 AM,709,MCNICHOLS RD W@STOEPEL ST,3:19 PM
BETHUNE ES/MS,709,STOEPEL ST@GROVE ST,6:36 AM,709,STOEPEL ST@GROVE ST,3:23 PM
BETHUNE ES/MS,709,LOG CABIN ST@HUGHES ST,6:51 AM,709,LOG CABIN ST@HUGHES ST,3:06 PM
BETHUNE ES/MS,709,HOLMUR ST@MIDLAND ST,7:02 AM,709,HOLMUR ST@MIDLAND ST,2:57 PM
BETHUNE ES/MS,709,MIDLAND ST@PETOSKEY AVE,7:08 AM,709,MIDLAND ST@PETOSKEY AVE,2:53 PM
BETHUNE ES/MS,709,GLOBE ST@MONICA ST,7:10 AM,709,GLOBE ST@MONICA ST,2:50 PM
BOW ES/MS,623,W OUTER DR@MURRAY HILL ST,7:52 AM,623,W OUTER DR@MURRAY HILL ST,4:04 PM
BOW ES/MS,623,PICKFORD ST@MANSFIELD ST,7:55 AM,623,PICKFORD ST@MANSFIELD ST,4:00 PM
BOW ES/MS,623,PICKFORD ST@RUTHERFORD ST,7:56 AM,623,PICKFORD ST@RUTHERFORD ST,4:01 PM
BOW ES/MS,623,CAMBRIDGE AVE@ASBURY PARK,7:59 AM,623,CAMBRIDGE AVE@ASBURY PARK,3:49 PM
BOW ES/MS,623,CAMBRIDGE AVE@GILCHRIST ST,8:01 AM,623,CAMBRIDGE AVE@GILCHRIST ST,3:50 PM
BOW ES/MS,623,OAKFIELD ST@CAMBRIDGE AVE,8:02 AM,623,OAKFIELD ST@CAMBRIDGE AVE,3:52 PM
BOW ES/MS,623,CAMBRIDGE AVE@ARCHDALE ST,8:03 AM,623,CAMBRIDGE AVE@ARCHDALE ST,3:53 PM
BOW ES/MS,623,ST MARTINS AVE@FENMORE ST,8:05 AM,623,ST MARTINS AVE@FENMORE ST,3:55 PM
BOW ES/MS,692,TROJAN ST@ROSEMONT AVE,8:05 AM,692,TROJAN ST@ROSEMONT AVE,4:00 PM
BOW ES/MS,692,PEMBROKE AVE@ROSEMONT AVE,8:07 AM,692,PEMBROKE AVE@ROSEMONT AVE,3:58 PM
BOW ES/MS,692,PEMBROKE AVE@ASHTON AVE,8:08 AM,692,PEMBROKE AVE@ASHTON AVE,3:57 PM
BOW ES/MS,692,PEMBROKE AVE@FENMORE ST,8:09 AM,692,PEMBROKE AVE@FENMORE ST,3:55 PM
BOW ES/MS,692,FARGO ST@FENMORE ST,8:11 AM,692,FARGO ST@FENMORE ST,3:54 PM
BOW ES/MS,692,ARCHDALE ST@TROJAN ST,8:12 AM,692,ARCHDALE ST@TROJAN ST,3:52 PM
BOW ES/MS,692,HESSEL ST@OAKFIELD ST,8:14 AM,692,HESSEL ST@OAKFIELD ST,3:51 PM
BOW ES/MS,692,TROJAN ST@GILCHRIST ST,8:16 AM,692,TROJAN ST@GILCHRIST ST,3:49 PM
BOW ES/MS,722,HUBBELL ST@NORFOLK ST,7:52 AM,722,HUBBELL ST@NORFOLK ST,3:59 PM
BOW ES/MS,722,VASSAR AVE@SUSSEX ST,7:56 AM,722,VASSAR AVE@SUSSEX ST,3:52 PM
BOW ES/MS,722,LAUDER ST@CAMBRIDGE AVE,7:58 AM,722,LAUDER ST@CAMBRIDGE AVE,3:54 PM
BOW ES/MS,722,CLARITA ST@PREST ST,8:01 AM,722,CLARITA ST@PREST ST,3:49 PM
BRENDA SCOTT,309,SAUER ST@RUNYON ST,7:55 AM,309,SAUER ST@RUNYON ST,4:09 PM
BRENDA SCOTT,309,BELAND ST@SAUER ST,7:58 AM,309,BELAND ST@SAUER ST,4:07 PM
BRENDA SCOTT,309,GREINER ST@TEPPERT ST,8:00 AM,309,GREINER ST@TEPPERT ST,4:04 PM
BRENDA SCOTT,309,LINNHURST ST@TEPPERT ST,8:05 AM,309,LINNHURST ST@TEPPERT ST,4:02 PM
BRENDA SCOTT,309,EASTWOOD ST@BELAND ST,8:07 AM,309,EASTWOOD ST@BELAND ST,3:58 PM
BRENDA SCOTT,309,ALGONAC ST@LAPPIN ST,8:09 AM,309,ALGONAC ST@LAPPIN ST,3:49 PM
BRENDA SCOTT,309,7 MILE RD E@BELAND ST,8:11 AM,309,7 MILE RD E@BELAND ST,3:48 PM
BRENDA SCOTT,309,E OUTER DR@YOLANDA ST,8:13 AM,309,E OUTER DR@YOLANDA ST,3:52 PM
BRENDA SCOTT,314,LINNHURST ST@PELKEY ST,8:11 AM,314,LINNHURST ST@PELKEY ST,3:59 PM
BRENDA SCOTT,314,GREINER ST@HICKORY ST,8:13 AM,314,GREINER ST@HICKORY ST,3:55 PM
BRENDA SCOTT,314,GREINER ST@FAIRPORT ST,8:15 AM,314,GREINER ST@FAIRPORT ST,3:50 PM
BRENDA SCOTT,314,GREINER ST@GOULBURN ST,8:16 AM,314,GREINER ST@GOULBURN ST,3:52 PM
BRENDA SCOTT,518,LINNHURST ST@JOANN ST,8:09 AM,518,LINNHURST ST@JOANN ST,4:01 PM
BRENDA SCOTT,518,WESTPHALIA ST@EASTWOOD ST,8:12 AM,518,WESTPHALIA ST@EASTWOOD ST,3:59 PM
BRENDA SCOTT,518,WALTHAM ST@EASTWOOD ST,8:13 AM,518,WALTHAM ST@EASTWOOD ST,3:51 PM
BRENDA SCOTT,518,LINNHURST ST@BARLOW ST,8:15 AM,518,LINNHURST ST@BARLOW ST,3:53 PM
BRENDA SCOTT,518,EASTWOOD ST @ STRASBURG ST,8:16 AM,518,EASTWOOD ST @ STRASBURG ST,3:49 PM
BRENDA SCOTT,531,FINDLAY ST@ELMO ST,8:06 AM,531,FINDLAY ST@ELMO ST,3:57 PM
BRENDA SCOTT,531,GUNSTON ST@FINDLAY ST,8:07 AM,531,GUNSTON ST@FINDLAY ST,3:58 PM
BRENDA SCOTT,531,GUNSTON ST@MINDEN ST,8:09 AM,531,GUNSTON ST@MINDEN ST,3:59 PM
BRENDA SCOTT,531,MINDEN ST@ELMO ST,8:10 AM,531,MINDEN ST@ELMO ST,3:55 PM
BRENDA SCOTT,531,KENNEBEC ST@ELMO ST,8:13 AM,531,KENNEBEC ST@ELMO ST,3:49 PM
BRENDA SCOTT,531,CONNER ST@PORTLANCE ST,8:15 AM,531,CONNER ST@PORTLANCE ST,3:51 PM
BRENDA SCOTT,534,CEDARGROVE ST@GROVER ST,8:00 AM,534,CEDARGROVE ST@GROVER ST,4:04 PM
BRENDA SCOTT,534,MCNICHOLS RD E@WESTPHALIA ST,8:02 AM,534,MCNICHOLS RD E@WESTPHALIA ST,3:50 PM
BRENDA SCOTT,534,MCNICHOLS RD E@WALTHAM ST,8:05 AM,534,MCNICHOLS RD E@WALTHAM ST,3:51 PM
BRENDA SCOTT,534,FINDLAY ST@HAMBURG ST,8:08 AM,534,FINDLAY ST@HAMBURG ST,4:01 PM
BRENDA SCOTT,534,MCNICHOLS RD E@HAMBURG ST,8:11 AM,534,MCNICHOLS RD E@HAMBURG ST,3:53 PM
BRENDA SCOTT,534,MCNICHOLS RD E@DRESDEN ST,8:12 AM,534,MCNICHOLS RD E@DRESDEN ST,3:54 PM
BRENDA SCOTT,534,ENGLESIDE ST@BRADFORD ST,8:14 AM,534,ENGLESIDE ST@BRADFORD ST,3:56 PM
BRENDA SCOTT,534,MINDEN ST@BRADFORD ST,8:15 AM,534,MINDEN ST@BRADFORD ST,3:58 PM
BRENDA SCOTT,544,GRATIOT AVE@FAIRMOUNT DR,7:47 AM,544,GRATIOT AVE@FAIRMOUNT DR,4:15 PM
BRENDA SCOTT,544,TACOMA ST@HOYT ST,7:50 AM,544,TACOMA ST@HOYT ST,4:11 PM
BRENDA SCOTT,544,ALCOY ST@BRINGARD DR,7:53 AM,544,ALCOY ST@BRINGARD DR,3:57 PM
BRENDA SCOTT,544,MANNING ST@DRESDEN ST,7:58 AM,544,MANNING ST@DRESDEN ST,3:52 PM
BRENDA SCOTT,544,7 MILE RD E@STRASBURG ST,8:01 AM,544,7 MILE RD E@STRASBURG ST,3:49 PM
BRENDA SCOTT,544,MANNING ST@WALTHAM ST,8:05 AM,544,MANNING ST@WALTHAM ST,3:54 PM
BRENDA SCOTT,544,LAPPIN ST@HICKORY ST,8:08 AM,544,LAPPIN ST@HICKORY ST,4:00 PM
BRENDA SCOTT,544,EASTWOOD ST@RENO ST,8:11 AM,544,EASTWOOD ST@RENO ST,4:04 PM
BRENDA SCOTT,544,RENO ST@LINNHURST ST,8:13 AM,544,RENO ST@LINNHURST ST,4:06 PM
BRENDA SCOTT,544,PARK GROVE ST@RENO ST,8:14 AM,544,PARK GROVE ST@RENO ST,4:07 PM
BREWER ES/MS,306,LINVILLE ST@BISHOP ST,8:26 AM,306,LINVILLE ST@BISHOP ST,4:35 PM
BREWER ES/MS,306,KING RICHARD ST@BRITAIN ST,8:36 AM,306,KING RICHARD ST@BRITAIN ST,4:28 PM
BREWER ES/MS,306,MORANG DR@LANARK ST,8:40 AM,306,MORANG DR@LANARK ST,4:30 PM
BREWER ES/MS,308,EMERY ST@JUSTINE ST,8:12 AM,308,EMERY ST@JUSTINE ST,4:48 PM
BREWER ES/MS,308,WALTHAM ST@EASTWOOD ST,8:33 AM,308,WALTHAM ST@EASTWOOD ST,4:31 PM
BREWER ES/MS,308,MCNICHOLS RD E@HICKORY ST,8:44 AM,308,MCNICHOLS RD E@HICKORY ST,4:20 PM
BREWER ES/MS,508,E OUTER DR@QUEEN ST,8:15 AM,508,E OUTER DR@QUEEN ST,4:27 PM
BREWER ES/MS,508,DUCHESS ST@HAVERHILL ST,8:17 AM,508,DUCHESS ST@HAVERHILL ST,4:25 PM
BREWER ES/MS,508,DUCHESS ST@COURVILLE ST,8:21 AM,508,DUCHESS ST@COURVILLE ST,4:21 PM
BREWER ES/MS,508,SOMERSET AVE@YORKSHIRE RD,8:26 AM,508,SOMERSET AVE@YORKSHIRE RD,4:40 PM
BREWER ES/MS,508,LAKEPOINTE ST@YORKSHIRE RD,8:28 AM,508,LAKEPOINTE ST@YORKSHIRE RD,4:36 PM
BREWER ES/MS,508,DUCHESS ST@BRITAIN ST,8:39 AM,508,DUCHESS ST@BRITAIN ST,4:52 PM
BREWER ES/MS,508,LAING ST@YORKSHIRE RD,8:45 AM,508,LAING ST@YORKSHIRE RD,4:33 PM
BREWER ES/MS,513,FLANDERS ST@QUEEN ST,8:08 AM,513,FLANDERS ST@QUEEN ST,4:19 PM
BREWER ES/MS,513,WILFRED ST@LEROY ST,8:10 AM,513,WILFRED ST@LEROY ST,4:21 PM
BREWER ES/MS,513,KILBOURNE ST@LEROY ST,8:12 AM,513,KILBOURNE ST@LEROY ST,4:22 PM
BREWER ES/MS,513,GLENFIELD ST@NEWPORT ST,8:15 AM,513,GLENFIELD ST@NEWPORT ST,4:25 PM
BREWER ES/MS,513,GLENFIELD ST@COPLIN ST,8:19 AM,513,GLENFIELD ST@COPLIN ST,4:29 PM
BREWER ES/MS,513,LORETTO ST@DICKERSON ST,8:24 AM,513,LORETTO ST@DICKERSON ST,4:36 PM
BREWER ES/MS,513,KILBOURNE ST@PARK DR,8:26 AM,513,KILBOURNE ST@PARK DR,4:39 PM
BREWER ES/MS,513,FINDLAY ST@HAMBURG ST,8:41 AM,513,FINDLAY ST@HAMBURG ST,4:43 PM
BREWER ES/MS,513,HOUSTON WHITTIER ST@GROVER ST,8:44 AM,513,HOUSTON WHITTIER ST@GROVER ST,4:33 PM
BREWER ES/MS,521,MORANG DR@GLENWOOD ST,8:00 AM,521,MORANG DR@GLENWOOD ST,4:52 PM
BREWER ES/MS,521,MORANG DR@EASTWOOD ST,8:03 AM,521,MORANG DR@EASTWOOD ST,4:47 PM
BREWER ES/MS,521,LINNHURST ST@CHALMERS ST,8:19 AM,521,LINNHURST ST@CHALMERS ST,4:37 PM
BREWER ES/MS,521,PARK GROVE ST@PEORIA ST,8:22 AM,521,PARK GROVE ST@PEORIA ST,4:35 PM
BREWER ES/MS,521,CEDARGROVE ST@GROVER ST,8:26 AM,521,CEDARGROVE ST@GROVER ST,4:32 PM
BREWER ES/MS,521,ALMA ST@CELESTINE ST,8:30 AM,521,ALMA ST@CELESTINE ST,4:29 PM
BREWER ES/MS,521,MAYFIELD ST@QUEEN ST,8:34 AM,521,MAYFIELD ST@QUEEN ST,4:22 PM
BREWER ES/MS,525,WADE ST@MANISTIQUE ST,8:18 AM,525,WADE ST@MANISTIQUE ST,4:46 PM
BREWER ES/MS,525,EVANSTON ST @ WAYBURN ST,8:20 AM,525,EVANSTON ST @ WAYBURN ST,4:44 PM
BREWER ES/MS,525,BERKSHIRE ST@LAKEPOINTE ST,8:23 AM,525,BERKSHIRE ST@LAKEPOINTE ST,4:42 PM
BREWER ES/MS,525,LAKEPOINTE ST@HAVERHILL ST,8:25 AM,525,LAKEPOINTE ST@HAVERHILL ST,4:40 PM
BREWER ES/MS,525,BALFOUR RD@HAVERHILL ST,8:30 AM,525,BALFOUR RD@HAVERHILL ST,4:32 PM
BREWER ES/MS,525,EVANSTON ST@BERKSHIRE ST,8:32 AM,525,EVANSTON ST@BERKSHIRE ST,4:34 PM
BREWER ES/MS,525,KING RICHARD ST@WHITTIER ST,8:37 AM,525,KING RICHARD ST@WHITTIER ST,4:29 PM
BREWER ES/MS,525,WHITTIER ST@BALFOUR RD,8:39 AM,525,WHITTIER ST@BALFOUR RD,4:27 PM
BREWER ES/MS,525,BEACONSFIELD ST@COURVILLE ST,8:43 AM,525,BEACONSFIELD ST@COURVILLE ST,4:24 PM
BREWER ES/MS,525,WHITTIER ST@LAKEPOINTE ST,8:45 AM,525,WHITTIER ST@LAKEPOINTE ST,4:20 PM
BUNCHE ES/MS,202,RIVARD ST@LAFAYETTE PLAISANCE ST,6:43 AM,202,RIVARD ST@LAFAYETTE PLAISANCE ST,3:17 PM
BUNCHE ES/MS,202,RIVARD ST@E LAFAYETTE ST,6:45 AM,202,RIVARD ST@E LAFAYETTE ST,3:16 PM
BUNCHE ES/MS,202,E LARNED ST@CHENE ST,6:49 AM,202,E LARNED ST@CHENE ST,2:58 PM
BUNCHE ES/MS,202,E LARNED ST@ST AUBIN ST,6:51 AM,202,E LARNED ST@ST AUBIN ST,3:00 PM
BUNCHE ES/MS,202,E LAFAYETTE ST@ST AUBIN ST,6:56 AM,202,E LAFAYETTE ST@ST AUBIN ST,3:05 PM
BUNCHE ES/MS,202,ST AUBIN ST@HYDE PARK DR,6:58 AM,202,ST AUBIN ST@HYDE PARK DR,3:07 PM
BUNCHE ES/MS,202,ORLEANS ST@CHATEAUFORT PL,7:00 AM,202,ORLEANS ST@CHATEAUFORT PL,3:09 PM
BUNCHE ES/MS,202,JOSEPH CAMPAU ST@ATWATER ST,7:07 AM,202,JOSEPH CAMPAU ST@ATWATER ST,2:55 PM
BUNCHE ES/MS,202,E JEFFERSON AVE@E HARBORTOWN DR,7:10 AM,202,E JEFFERSON AVE@E HARBORTOWN DR,2:50 PM
BUNCHE ES/MS,227,FARNSWORTH ST@PARKER ST,6:54 AM,227,FARNSWORTH ST@PARKER ST,3:09 PM
BUNCHE ES/MS,227,GRATIOT AVE@CANTON ST,6:57 AM,227,GRATIOT AVE@CANTON ST,3:05 PM
BUNCHE ES/MS,227,CANTON ST@SYLVESTER ST,6:59 AM,227,CANTON ST@SYLVESTER ST,3:01 PM
BUNCHE ES/MS,227,BENSON ST@ELLERY ST,7:06 AM,227,BENSON ST@ELLERY ST,2:53 PM
BUNCHE ES/MS,227,ELMWOOD ST@HENDRICKS ST,7:08 AM,227,ELMWOOD ST@HENDRICKS ST,2:51 PM
BUNCHE ES/MS,227,E VERNOR HWY@MCDOUGALL ST,7:11 AM,227,E VERNOR HWY@MCDOUGALL ST,2:50 PM
BUNCHE ES/MS,227,PRINCE HALL DR@PRINCE HALL RD,7:12 AM,227,PRINCE HALL DR@PRINCE HALL RD,2:48 PM
BUNCHE ES/MS,242,E GRAND BLVD@CONGRESS ST E,6:49 AM,242,E GRAND BLVD@CONGRESS ST E,3:07 PM
BUNCHE ES/MS,242,E GRAND BLVD@AGNES ST,6:52 AM,242,E GRAND BLVD@AGNES ST,3:03 PM
BUNCHE ES/MS,242,E LAFAYETTE ST@HELEN ST,6:54 AM,242,E LAFAYETTE ST@HELEN ST,3:05 PM
BUNCHE ES/MS,242,ST PAUL ST@HELEN ST,6:56 AM,242,ST PAUL ST@HELEN ST,3:01 PM
BUNCHE ES/MS,242,BENSON ST@CANTON ST,7:00 AM,242,BENSON ST@CANTON ST,2:57 PM
BUNCHE ES/MS,242,E VERNOR HWY@CANTON ST,7:03 AM,242,E VERNOR HWY@CANTON ST,2:59 PM
BUNCHE ES/MS,242,E VERNOR HWY@CHENE ST,7:11 AM,242,E VERNOR HWY@CHENE ST,2:50 PM
BURNS ES/MS,215,ASBURY PARK@BELTON ST,8:07 AM,215,ASBURY PARK@BELTON ST,4:55 PM
BURNS ES/MS,215,ACACIA ST@STAHELIN AVE,8:34 AM,215,ACACIA ST@STAHELIN AVE,4:28 PM
BURNS ES/MS,215,ACACIA ST@ARCHDALE ST,8:41 AM,215,ACACIA ST@ARCHDALE ST,4:23 PM
BURNS ES/MS,215,ABINGTON AVE@MIDFIELD ST,8:44 AM,215,ABINGTON AVE@MIDFIELD ST,4:20 PM
BURNS ES/MS,612,MIDLAND ST@HARTWELL ST,8:21 AM,612,MIDLAND ST@HARTWELL ST,4:38 PM
BURNS ES/MS,612,EATON ST@TRACEY ST,8:25 AM,612,EATON ST@TRACEY ST,4:30 PM
BURNS ES/MS,612,LYNDON ST@CRUSE ST,8:29 AM,612,LYNDON ST@CRUSE ST,4:19 PM
BURNS ES/MS,612,EATON ST@FREELAND ST,8:34 AM,612,EATON ST@FREELAND ST,4:21 PM
BURNS ES/MS,612,CHALFONTE ST@STANSBURY ST,8:43 AM,612,CHALFONTE ST@STANSBURY ST,4:28 PM
BURNS ES/MS,612,ARDMORE ST@CHALFONTE ST,8:45 AM,612,ARDMORE ST@CHALFONTE ST,4:26 PM
BURNS ES/MS,657,SHAFTSBURY AVE@FLORENCE ST,8:15 AM,657,SHAFTSBURY AVE@FLORENCE ST,4:48 PM
BURNS ES/MS,657,FLORENCE ST@STAHELIN AVE,8:18 AM,657,FLORENCE ST@STAHELIN AVE,4:47 PM
BURNS ES/MS,657,FENKELL ST@OAKFIELD ST,8:22 AM,657,FENKELL ST@OAKFIELD ST,4:32 PM
BURNS ES/MS,657,PILGRIM ST@FERGUSON ST,8:26 AM,657,PILGRIM ST@FERGUSON ST,4:37 PM
BURNS ES/MS,657,KEELER ST @ BILTMORE ST,8:28 AM,657,KEELER ST @ BILTMORE ST,4:35 PM
BURNS ES/MS,657,ST MARYS ST@KEELER ST,8:31 AM,657,ST MARYS ST@KEELER ST,4:39 PM
BURNS ES/MS,657,KEELER ST@PREVOST ST,8:32 AM,657,KEELER ST@PREVOST ST,4:41 PM
BURNS ES/MS,657,CHALFONTE ST@PREVOST ST,8:34 AM,657,CHALFONTE ST@PREVOST ST,4:27 PM
BURNS ES/MS,657,CHALFONTE ST@ST MARYS ST,8:36 AM,657,CHALFONTE ST@ST MARYS ST,4:29 PM
BURNS ES/MS,657,EATON ST@FORRER ST,8:39 AM,657,EATON ST@FORRER ST,4:26 PM
BURNS ES/MS,657,GREENFIELD RD@EATON ST,8:42 AM,657,GREENFIELD RD@EATON ST,4:23 PM
BURNS ES/MS,657,CHALFONTE ST@PREST ST,8:43 AM,657,CHALFONTE ST@PREST ST,4:21 PM
BURNS ES/MS,657,CHALFONTE ST@HUBBELL ST,8:47 AM,657,CHALFONTE ST@HUBBELL ST,4:18 PM
BURNS ES/MS,714,ASBURY PARK@KENDALL ST,8:13 AM,714,ASBURY PARK@KENDALL ST,4:49 PM
BURNS ES/MS,714,LYNDON ST @METTETAL ST,8:15 AM,714,LYNDON ST @METTETAL ST,4:52 PM
BURNS ES/MS,714,ACACIA ST@MONTROSE ST,8:18 AM,714,ACACIA ST@MONTROSE ST,4:44 PM
BURNS ES/MS,714,WINTHROP ST@ACACIA ST,8:19 AM,714,WINTHROP ST@ACACIA ST,4:46 PM
BURNS ES/MS,714,SCHOOLCRAFT ST@COYLE ST,8:24 AM,714,SCHOOLCRAFT ST@COYLE ST,4:36 PM
BURNS ES/MS,714,KENDALL ST@SUSSEX ST,8:25 AM,714,KENDALL ST@SUSSEX ST,4:41 PM
BURNS ES/MS,714,SCHOOLCRAFT ST@TERRY ST,8:28 AM,714,SCHOOLCRAFT ST@TERRY ST,4:37 PM
BURNS ES/MS,714,COYLE ST@TYLER ST,8:34 AM,714,COYLE ST@TYLER ST,4:28 PM
BURNS ES/MS,714,TYLER ST@SUSSEX ST,8:35 AM,714,TYLER ST@SUSSEX ST,4:29 PM
BURNS ES/MS,714,TYLER ST@WHITCOMB ST,8:37 AM,714,TYLER ST@WHITCOMB ST,4:31 PM
BURNS ES/MS,714,FULLERTON ST@LAUDER ST,8:39 AM,714,FULLERTON ST@LAUDER ST,4:24 PM
BURNS ES/MS,714,MARLOWE ST@TYLER ST,8:43 AM,714,MARLOWE ST@TYLER ST,4:22 PM
BURNS ES/MS,714,TYLER ST@MARK TWAIN ST,8:46 AM,714,TYLER ST@MARK TWAIN ST,4:19 PM
BURTON INT'L ES/MS,204,BUCHANAN ST@WESSON ST,6:34 AM,204,BUCHANAN ST@WESSON ST,3:27 PM
BURTON INT'L ES/MS,204,RICH ST@31ST ST,6:37 AM,204,RICH ST@31ST ST,3:14 PM
BURTON INT'L ES/MS,204,HERBERT ST E@30TH ST,6:42 AM,204,HERBERT ST E@30TH ST,3:17 PM
BURTON INT'L ES/MS,204,SCOTTEN ST@HORATIO ST,6:47 AM,204,SCOTTEN ST@HORATIO ST,3:07 PM
BURTON INT'L ES/MS,204,GRAND BLVD W@BUCHANAN ST,6:49 AM,204,GRAND BLVD W@BUCHANAN ST,3:09 PM
BURTON INT'L ES/MS,204,VINEWOOD ST@MAGNOLIA ST,6:53 AM,204,VINEWOOD ST@MAGNOLIA ST,3:03 PM
BURTON INT'L ES/MS,204,25TH ST@MAGNOLIA ST,6:56 AM,204,25TH ST@MAGNOLIA ST,3:01 PM
BURTON INT'L ES/MS,204,ASH ST@ROOSEVELT ST,6:58 AM,204,ASH ST@ROOSEVELT ST,2:58 PM
BURTON INT'L ES/MS,204,MARTIN LUTHER KING JR BLVD@LAWTON ST,7:01 AM,204,MARTIN LUTHER KING JR BLVD@LAWTON ST,2:56 PM
BURTON INT'L ES/MS,204,BUTTERNUT ST@18TH ST,7:07 AM,204,BUTTERNUT ST@18TH ST,2:51 PM
BURTON INT'L ES/MS,207,GRAND BLVD W@W WARREN AVE,6:46 AM,207,GRAND BLVD W@W WARREN AVE,3:14 PM
BURTON INT'L ES/MS,207,MERRICK ST@MCKINLEY ST,6:49 AM,207,MERRICK ST@MCKINLEY ST,3:11 PM
BURTON INT'L ES/MS,207,MERRICK ST@23RD ST,6:51 AM,207,MERRICK ST@23RD ST,3:09 PM
BURTON INT'L ES/MS,207,23RD ST@W HANCOCK ST,6:52 AM,207,23RD ST@W HANCOCK ST,3:05 PM
BURTON INT'L ES/MS,207,FOREST AVE W@COMMONWEALTH ST,6:59 AM,207,FOREST AVE W@COMMONWEALTH ST,2:56 PM
BURTON INT'L ES/MS,207,FOREST AVE W@TRUMBULL ST,7:01 AM,207,FOREST AVE W@TRUMBULL ST,2:57 PM
BURTON INT'L ES/MS,207,TRUMBULL ST@W HANCOCK ST,7:02 AM,207,TRUMBULL ST@W HANCOCK ST,2:58 PM
BURTON INT'L ES/MS,214,MARTIN LUTHER KING JR BLVD@CASS AVE,6:46 AM,214,MARTIN LUTHER KING JR BLVD@CASS AVE,2:57 PM
BURTON INT'L ES/MS,214,3RD ST@BRAINARD ST,6:49 AM,214,3RD ST@BRAINARD ST,2:52 PM
BURTON INT'L ES/MS,214,2ND AVE@SELDEN ST,6:54 AM,214,2ND AVE@SELDEN ST,3:05 PM
BURTON INT'L ES/MS,214,3RD ST@WILLIS ST W,6:56 AM,214,3RD ST@WILLIS ST W,3:01 PM
BURTON INT'L ES/MS,214,ALEXANDRINE ST W@CASS AVE,7:05 AM,214,ALEXANDRINE ST W@CASS AVE,2:59 PM
BURTON INT'L ES/MS,214,ANTHONY WAYNE DR@W HANCOCK ST,7:09 AM,214,ANTHONY WAYNE DR@W HANCOCK ST,3:08 PM
BURTON INT'L ES/MS,220,MICHIGAN AVE@COCHRANE ST,6:58 AM,220,MICHIGAN AVE@COCHRANE ST,3:01 PM
BURTON INT'L ES/MS,220,BAGLEY ST@10TH ST,7:00 AM,220,BAGLEY ST@10TH ST,3:04 PM
BURTON INT'L ES/MS,220,W LAFAYETTE BLVD@BROOKLYN ST,7:03 AM,220,W LAFAYETTE BLVD@BROOKLYN ST,2:55 PM
BURTON INT'L ES/MS,220,JEFFERSON AVE W@8TH ST,7:05 AM,220,JEFFERSON AVE W@8TH ST,2:58 PM
BURTON INT'L ES/MS,220,WASHINGTON BLVD@GRAND RIVER AVE,7:09 AM,220,WASHINGTON BLVD@GRAND RIVER AVE,2:52 PM
BURTON INT'L ES/MS,236,CASS AVE@PETERBORO ST,6:53 AM,236,CASS AVE@PETERBORO ST,3:08 PM
BURTON INT'L ES/MS,236,CHARLOTTE ST@4TH ST,6:57 AM,236,CHARLOTTE ST@4TH ST,3:02 PM
BURTON INT'L ES/MS,236,CHARLOTTE ST@CORNERSTONE BLVD,6:59 AM,236,CHARLOTTE ST@CORNERSTONE BLVD,3:04 PM
BURTON INT'L ES/MS,236,SELDEN ST@MIRACLES BLVD,7:01 AM,236,SELDEN ST@MIRACLES BLVD,2:59 PM
BURTON INT'L ES/MS,236,W CANFIELD ST@MIRACLES BLVD,7:07 AM,236,W CANFIELD ST@MIRACLES BLVD,2:55 PM
CARLETON ES,527,WHITTIER ST@BALFOUR RD,6:58 AM,527,WHITTIER ST@BALFOUR RD,3:01 PM
CARLETON ES,527,LAING ST@BRITAIN ST,7:02 AM,527,LAING ST@BRITAIN ST,2:50 PM
CARLETON ES,527,WAYBURN ST @ MORANG DR,7:05 AM,527,WAYBURN ST @ MORANG DR,2:48 PM
CARLETON ES,527,DUCHESS ST@CASINO ST,7:07 AM,527,DUCHESS ST@CASINO ST,2:52 PM
CARLETON ES,527,MOROSS RD@PAYTON ST,7:09 AM,527,MOROSS RD@PAYTON ST,2:54 PM
CARLETON ES,527,MOROSS RD@SOMERSET AVE,7:12 AM,527,MOROSS RD@SOMERSET AVE,2:57 PM
CARLETON ES,533,RIAD ST@MCCORMICK ST,6:52 AM,533,RIAD ST@MCCORMICK ST,3:10 PM
CARLETON ES,533,LANSDOWNE ST@MCCORMICK ST,6:53 AM,533,LANSDOWNE ST@MCCORMICK ST,3:12 PM
CARLETON ES,533,BEACONSFIELD ST@MCCORMICK ST,6:55 AM,533,BEACONSFIELD ST@MCCORMICK ST,3:14 PM
CARLETON ES,533,CASINO ST@BALFOUR RD,6:58 AM,533,CASINO ST@BALFOUR RD,2:48 PM
CARLETON ES,533,MORANG DR@LANARK ST,7:01 AM,533,MORANG DR@LANARK ST,2:51 PM
CARLETON ES,533,MORANG DR@DUPREY ST,7:02 AM,533,MORANG DR@DUPREY ST,2:52 PM
CARLETON ES,533,CADIEUX RD@MARNE ST,7:04 AM,533,CADIEUX RD@MARNE ST,2:54 PM
CARLETON ES,533,EDSEL FORD FWY E@BOLEYN ST,7:06 AM,533,EDSEL FORD FWY E@BOLEYN ST,2:56 PM
CARLETON ES,533,KING RICHARD ST@HARVARD RD,7:08 AM,533,KING RICHARD ST@HARVARD RD,2:58 PM
CARLETON ES,533,BALFOUR RD@BRITAIN ST,7:10 AM,533,BALFOUR RD@BRITAIN ST,2:59 PM
CARSTENS ES/MS,303,CHARLEVOIX ST@MANISTIQUE ST,7:51 AM,303,CHARLEVOIX ST@MANISTIQUE ST,4:17 PM
CARSTENS ES/MS,303,KERCHEVAL ST@CHALMERS ST,7:53 AM,303,KERCHEVAL ST@CHALMERS ST,4:06 PM
CARSTENS ES/MS,303,CHARLEVOIX ST@LAKEWOOD ST,7:56 AM,303,CHARLEVOIX ST@LAKEWOOD ST,4:13 PM
CARSTENS ES/MS,303,KERCHEVAL ST@LAKEWOOD ST,7:58 AM,303,KERCHEVAL ST@LAKEWOOD ST,4:05 PM
CARSTENS ES/MS,303,NEWPORT ST@KERCHEVAL ST,7:59 AM,303,NEWPORT ST@KERCHEVAL ST,4:11 PM
CARSTENS ES/MS,303,DICKERSON ST  @ VERNOR HWY,8:02 AM,303,DICKERSON ST  @ VERNOR HWY,4:02 PM
CARSTENS ES/MS,303,GRAY ST@E VERNOR HWY,8:07 AM,303,GRAY ST@E VERNOR HWY,3:59 PM
CARSTENS ES/MS,303,CHARLEVOIX ST@SPRINGLE ST,8:11 AM,303,CHARLEVOIX ST@SPRINGLE ST,3:57 PM
CARSTENS ES/MS,303,GOETHE ST@ALGONQUIN ST,8:13 AM,303,GOETHE ST@ALGONQUIN ST,3:53 PM
CARSTENS ES/MS,307,E JEFFERSON AVE@EASTLAWN ST,7:36 AM,307,E JEFFERSON AVE@EASTLAWN ST,3:59 PM
CARSTENS ES/MS,307,E JEFFERSON AVE@DREXEL ST,7:37 AM,307,E JEFFERSON AVE@DREXEL ST,4:01 PM
CARSTENS ES/MS,307,CHALMERS ST@FREUD ST,7:42 AM,307,CHALMERS ST@FREUD ST,4:18 PM
CARSTENS ES/MS,307,E JEFFERSON AVE@MARLBOROUGH ST,7:44 AM,307,E JEFFERSON AVE@MARLBOROUGH ST,4:04 PM
CARSTENS ES/MS,307,E JEFFERSON AVE@MANISTIQUE ST,7:49 AM,307,E JEFFERSON AVE@MANISTIQUE ST,4:05 PM
CARSTENS ES/MS,307,ESSEX AVE@ASHLAND ST,7:52 AM,307,ESSEX AVE@ASHLAND ST,4:08 PM
CARSTENS ES/MS,307,MANISTIQUE ST@KORTE ST,7:55 AM,307,MANISTIQUE ST@KORTE ST,4:10 PM
CARSTENS ES/MS,307,SCRIPPS ST@MARLBOROUGH ST,7:57 AM,307,SCRIPPS ST@MARLBOROUGH ST,4:12 PM
CARSTENS ES/MS,307,ESSEX AVE@CHALMERS ST,8:01 AM,307,ESSEX AVE@CHALMERS ST,4:16 PM
CARSTENS ES/MS,307,AVONDALE ST@NEWPORT ST,8:03 AM,307,AVONDALE ST@NEWPORT ST,4:21 PM
CARSTENS ES/MS,307,FREUD ST@NAVAHOE ST,8:13 AM,307,FREUD ST@NAVAHOE ST,3:52 PM
CARSTENS ES/MS,312,STRINGHAM CT@MCCOY CIR,7:35 AM,312,STRINGHAM CT@MCCOY CIR,4:03 PM
CARSTENS ES/MS,312,WAVENEY ST@SPRINGLE ST,7:40 AM,312,WAVENEY ST@SPRINGLE ST,3:54 PM
CARSTENS ES/MS,312,LENOX ST@WAVENEY ST,7:43 AM,312,LENOX ST@WAVENEY ST,3:59 PM
CARSTENS ES/MS,312,MACK AVE@ALTER RD,7:47 AM,312,MACK AVE@ALTER RD,4:14 PM
CARSTENS ES/MS,312,E WARREN AVE@WAYBURN ST,7:54 AM,312,E WARREN AVE@WAYBURN ST,4:08 PM
CARSTENS ES/MS,312,WINDSOR ST@SOMERSET AVE,7:59 AM,312,WINDSOR ST@SOMERSET AVE,4:18 PM
CARSTENS ES/MS,312,WINDSOR ST@BUCKINGHAM AVE,8:04 AM,312,WINDSOR ST@BUCKINGHAM AVE,4:29 PM
CARSTENS ES/MS,312,BRUNSWICK ST@HAVERHILL ST,8:05 AM,312,BRUNSWICK ST@HAVERHILL ST,4:27 PM
CARSTENS ES/MS,312,WINDSOR ST@BEDFORD ST,8:08 AM,312,WINDSOR ST@BEDFORD ST,4:24 PM
CARSTENS ES/MS,3616,HARPER AVE@FRENCH RD,7:56 AM,3616,HARPER AVE@FRENCH RD,4:13 PM
CARVER ES/MS,407,KIRKWOOD ST@PLAINVIEW AVE,6:51 AM,407,KIRKWOOD ST@PLAINVIEW AVE,2:49 PM
CARVER ES/MS,407,PAUL ST@PLAINVIEW AVE,6:54 AM,407,PAUL ST@PLAINVIEW AVE,2:52 PM
CARVER ES/MS,407,WHITLOCK ST@PLAINVIEW AVE,6:57 AM,407,WHITLOCK ST@PLAINVIEW AVE,2:55 PM
CARVER ES/MS,407,WHITLOCK ST@VAUGHAN ST,6:59 AM,407,WHITLOCK ST@VAUGHAN ST,2:54 PM
CARVER ES/MS,407,W WARREN AVE@ARTESIAN ST,7:07 AM,407,W WARREN AVE@ARTESIAN ST,3:04 PM
CARVER ES/MS,407,GRANDVILLE AVE@WHITLOCK ST,7:11 AM,407,GRANDVILLE AVE@WHITLOCK ST,2:57 PM
CARVER ES/MS,601,W CHICAGO ST@RUTLAND ST,6:56 AM,601,W CHICAGO ST@RUTLAND ST,3:02 PM
CARVER ES/MS,601,JOY RD@GRANDMONT AVE,7:01 AM,601,JOY RD@GRANDMONT AVE,2:58 PM
CARVER ES/MS,601,CONSTANCE ST@METTETAL ST,7:03 AM,601,CONSTANCE ST@METTETAL ST,2:56 PM
CARVER ES/MS,601,TIREMAN ST@MEMORIAL ST,7:07 AM,601,TIREMAN ST@MEMORIAL ST,2:52 PM
CARVER ES/MS,601,MAJESTIC ST@CLAYBURN ST,7:10 AM,601,MAJESTIC ST@CLAYBURN ST,2:50 PM
CARVER ES/MS,602,SAWYER ST@FAUST AVE,6:47 AM,602,SAWYER ST@FAUST AVE,3:09 PM
CARVER ES/MS,602,SAWYER ST@GREENVIEW AVE,6:48 AM,602,SAWYER ST@GREENVIEW AVE,3:10 PM
CARVER ES/MS,602,TIREMAN ST@FAUST AVE,6:51 AM,602,TIREMAN ST@FAUST AVE,3:12 PM
CARVER ES/MS,602,W WARREN AVE@PENROD ST,6:53 AM,602,W WARREN AVE@PENROD ST,3:06 PM
CARVER ES/MS,602,W WARREN AVE@FAUST AVE,6:55 AM,602,W WARREN AVE@FAUST AVE,3:07 PM
CARVER ES/MS,602,WHITLOCK ST@FAUST AVE,6:57 AM,602,WHITLOCK ST@FAUST AVE,2:57 PM
CARVER ES/MS,602,WHITLOCK ST@ROSEMONT AVE,7:00 AM,602,WHITLOCK ST@ROSEMONT AVE,3:04 PM
CARVER ES/MS,602,PAUL ST@ASHTON AVE,7:02 AM,602,PAUL ST@ASHTON AVE,3:00 PM
CARVER ES/MS,602,KIRKWOOD ST@STAHELIN AVE,7:09 AM,602,KIRKWOOD ST@STAHELIN AVE,2:51 PM
CARVER ES/MS,602,DAYTON ST@WESTWOOD ST,7:12 AM,602,DAYTON ST@WESTWOOD ST,2:49 PM
CASS TECHNICAL HS,408,BEARD ST@CHATFIELD ST,7:03 AM,408,BEARD ST@CHATFIELD ST,3:44 PM
CASS TECHNICAL HS,564,WAGNER ST@LUMLEY ST,6:58 AM,564,WAGNER ST@LUMLEY ST,3:45 PM
CHARLES WRIGHT,654,TELEGRAPH RD@VERNE ST,6:47 AM,654,TELEGRAPH RD@VERNE ST,3:23 PM
CHARLES WRIGHT,654,WOODBINE ST@GROVE ST,6:49 AM,654,WOODBINE ST@GROVE ST,3:19 PM
CHARLES WRIGHT,654,FLORENCE ST@WORMER ST,6:51 AM,654,FLORENCE ST@WORMER ST,3:21 PM
CHARLES WRIGHT,654,SANTA MARIA ST@LENORE,6:55 AM,654,SANTA MARIA ST@LENORE,3:12 PM
CHARLES WRIGHT,654,BENNETT ST@FENTON ST,6:58 AM,654,BENNETT ST@FENTON ST,3:15 PM
CHARLES WRIGHT,654,BENNETT ST@WORMER ST,6:59 AM,654,BENNETT ST@WORMER ST,3:10 PM
CHARLES WRIGHT,654,WORMER ST@PICKFORD ST,7:01 AM,654,WORMER ST@PICKFORD ST,3:08 PM
CHARLES WRIGHT,654,MARGARETA ST@SALEM ST,7:03 AM,654,MARGARETA ST@SALEM ST,3:05 PM
CHARLES WRIGHT,654,GRAYFIELD ST@MARGARETA ST,7:07 AM,654,GRAYFIELD ST@MARGARETA ST,2:57 PM
CHARLES WRIGHT,654,SHIAWASSEE DR@ROXFORD ST,7:11 AM,654,SHIAWASSEE DR@ROXFORD ST,3:01 PM
CHARLES WRIGHT,655,PURITAN ST@ROCKDALE ST,6:45 AM,655,PURITAN ST@ROCKDALE ST,3:09 PM
CHARLES WRIGHT,655,PILGRIM ST@ROCKDALE ST,6:46 AM,655,PILGRIM ST@ROCKDALE ST,3:11 PM
CHARLES WRIGHT,655,LAMPHERE ST@KESSLER ST,6:48 AM,655,LAMPHERE ST@KESSLER ST,3:14 PM
CHARLES WRIGHT,655,PILGRIM ST@BRAMELL ST,6:51 AM,655,PILGRIM ST@BRAMELL ST,3:17 PM
CHARLES WRIGHT,655,MIDLAND ST@BRAMELL ST,6:52 AM,655,MIDLAND ST@BRAMELL ST,3:22 PM
CHARLES WRIGHT,655,HAZELTON ST@PILGRIM ST,6:54 AM,655,HAZELTON ST@PILGRIM ST,3:19 PM
CHARLES WRIGHT,655,S RIVERDALE DR@HAZELTON ST,6:57 AM,655,S RIVERDALE DR@HAZELTON ST,3:05 PM
CHARLES WRIGHT,655,W PARKWAY ST@VERNE ST,6:59 AM,655,W PARKWAY ST@VERNE ST,3:02 PM
CHARLES WRIGHT,655,MCNICHOLS RD @ LAMPHERE ST,7:01 AM,655,MCNICHOLS RD @ LAMPHERE ST,2:56 PM
CHARLES WRIGHT,655,GROVE ST@ROCKDALE ST,7:03 AM,655,GROVE ST@ROCKDALE ST,2:59 PM
CHARLES WRIGHT,655,NORTHROP ST@SANTA MARIA ST,7:06 AM,655,NORTHROP ST@SANTA MARIA ST,2:54 PM
CHARLES WRIGHT,655,NORTHROP ST@WILLMARTH,7:08 AM,655,NORTHROP ST@WILLMARTH,2:52 PM
CHARLES WRIGHT,655,BEAVERLAND ST@CURTIS ST,7:10 AM,655,BEAVERLAND ST@CURTIS ST,2:49 PM
CHARLES WRIGHT,656,RIVERVIEW ST@VASSAR AVE,6:41 AM,656,RIVERVIEW ST@VASSAR AVE,2:49 PM
CHARLES WRIGHT,656,VERDUN ST@APPLETON ST,6:43 AM,656,VERDUN ST@APPLETON ST,2:51 PM
CHARLES WRIGHT,656,FRISBEE ST@APPLETON ST,6:44 AM,656,FRISBEE ST@APPLETON ST,2:53 PM
CHARLES WRIGHT,656,BERG RD@CHEROKEE ST,6:50 AM,656,BERG RD@CHEROKEE ST,3:00 PM
CHARLES WRIGHT,656,FARGO ST@HOUGHTON ST,6:57 AM,656,FARGO ST@HOUGHTON ST,3:14 PM
CHARLES WRIGHT,656,MCINTYRE ST@TROJAN ST,6:59 AM,656,MCINTYRE ST@TROJAN ST,3:08 PM
CHARLES WRIGHT,656,PEMBROKE AVE@COOLEY ST,7:01 AM,656,PEMBROKE AVE@COOLEY ST,3:16 PM
CHARLES WRIGHT,656,PEMBROKE AVE@BURGESS,7:03 AM,656,PEMBROKE AVE@BURGESS,3:18 PM
CHARLES WRIGHT,656,LAHSER RD@VASSAR AVE,7:05 AM,656,LAHSER RD@VASSAR AVE,3:21 PM
CHARLES WRIGHT,656,VASSAR AVE@COOLEY ST,7:07 AM,656,VASSAR AVE@COOLEY ST,3:23 PM
CHARLES WRIGHT,657,PATTON ST@HESSEL AVE,6:52 AM,657,PATTON ST@HESSEL AVE,3:06 PM
CHARLES WRIGHT,657,VAUGHAN ST@HESSEL AVE,6:54 AM,657,VAUGHAN ST@HESSEL AVE,3:13 PM
CHARLES WRIGHT,657,FARGO ST@PATTON ST,6:58 AM,657,FARGO ST@PATTON ST,3:09 PM
CHARLES WRIGHT,657,TROJAN  ST@BURT RD,7:00 AM,657,TROJAN  ST@BURT RD,3:03 PM
CHARLES WRIGHT,657,BLACKSTONE ST@PEMBROKE AVE,7:02 AM,657,BLACKSTONE ST@PEMBROKE AVE,2:53 PM
CHARLES WRIGHT,657,ST MARTINS AVE@WESTBROOK ST,7:04 AM,657,ST MARTINS AVE@WESTBROOK ST,2:50 PM
CHARLES WRIGHT,657,WESTBROOK ST@FARGO ST,7:06 AM,657,WESTBROOK ST@FARGO ST,2:55 PM
CHARLES WRIGHT,657,TROJAN ST@CHAPEL ST,7:08 AM,657,TROJAN ST@CHAPEL ST,2:57 PM
CHARLES WRIGHT,657,HESSEL AVE@BURGESS,7:10 AM,657,HESSEL AVE@BURGESS,2:59 PM
CHARLES WRIGHT,692,W 7 MILE RD@APPLETON ST,6:44 AM,692,W 7 MILE RD@APPLETON ST,2:48 PM
CHARLES WRIGHT,692,CLARITA ST@DALE ST,6:46 AM,692,CLARITA ST@DALE ST,2:50 PM
CHARLES WRIGHT,692,W 7 MILE RD@WOODBINE ST,6:49 AM,692,W 7 MILE RD@WOODBINE ST,2:54 PM
CHARLES WRIGHT,692,W 7 MILE RD@WORMER ST,6:50 AM,692,W 7 MILE RD@WORMER ST,2:56 PM
CHARLES WRIGHT,692,FRISBEE ST@LENORE,6:52 AM,692,FRISBEE ST@LENORE,2:59 PM
CHARLES WRIGHT,692,WINSTON ST@FRISBEE ST,6:54 AM,692,WINSTON ST@FRISBEE ST,3:01 PM
CHARLES WRIGHT,692,W 7 MILE RD@WINSTON ST,6:56 AM,692,W 7 MILE RD@WINSTON ST,3:04 PM
CHARLES WRIGHT,692,FIVE POINTS ST@VASSAR AVE,6:59 AM,692,FIVE POINTS ST@VASSAR AVE,3:06 PM
CHARLES WRIGHT,692,FRISBEE ST@GRANDVIEW ST,7:01 AM,692,FRISBEE ST@GRANDVIEW ST,3:09 PM
CHARLES WRIGHT,692,NORFOLK ST@SALEM ST,7:03 AM,692,NORFOLK ST@SALEM ST,3:12 PM
CHARLES WRIGHT,692,FENTON ST@NORFOLK ST,7:05 AM,692,FENTON ST@NORFOLK ST,3:14 PM
CHARLES WRIGHT,692,WOODBINE ST@FARGO ST,7:07 AM,692,WOODBINE ST@FARGO ST,3:17 PM
CHARLES WRIGHT,692,FRISBEE ST@WOODBINE ST,7:09 AM,692,FRISBEE ST@WOODBINE ST,3:20 PM
CHARLES WRIGHT,770,VOTROBECK DR@VOTROBECK CT,6:52 AM,770,VOTROBECK DR@VOTROBECK CT,3:14 PM
CHARLES WRIGHT,770,VASSAR AVE@HEYDEN ST,6:55 AM,770,VASSAR AVE@HEYDEN ST,3:11 PM
CHARLES WRIGHT,770,FIELDING ST@VASSAR AVE,6:59 AM,770,FIELDING ST@VASSAR AVE,3:05 PM
CHARLES WRIGHT,770,CAMBRIDGE AVE@PATTON ST,7:00 AM,770,CAMBRIDGE AVE@PATTON ST,3:07 PM
CHARLES WRIGHT,770,CAMBRIDGE AVE@BURT RD,7:03 AM,770,CAMBRIDGE AVE@BURT RD,2:59 PM
CHARLES WRIGHT,770,WESTBROOK ST@CAMBRIDGE AVE,7:05 AM,770,WESTBROOK ST@CAMBRIDGE AVE,2:53 PM
CHARLES WRIGHT,770,VASSAR AVE@TRINITY ST,7:08 AM,770,VASSAR AVE@TRINITY ST,2:56 PM
CHARLES WRIGHT,770,BURGESS@CAMBRIDGE AVE,7:11 AM,770,BURGESS@CAMBRIDGE AVE,2:49 PM
COLEMAN A YOUNG,641,GROVE ST@MARLOWE ST,7:36 AM,641,GROVE ST@MARLOWE ST,4:23 PM
COLEMAN A YOUNG,641,FLORENCE ST@MARK TWAIN ST,7:39 AM,641,FLORENCE ST@MARK TWAIN ST,4:21 PM
COLEMAN A YOUNG,641,PURITAN ST@LESURE ST,7:42 AM,641,PURITAN ST@LESURE ST,4:18 PM
COLEMAN A YOUNG,641,PURITAN ST@CHEYENNE ST,7:45 AM,641,PURITAN ST@CHEYENNE ST,4:16 PM
COLEMAN A YOUNG,641,KEELER ST@TRACEY ST,7:53 AM,641,KEELER ST@TRACEY ST,4:09 PM
COLEMAN A YOUNG,641,MIDLAND ST@ARDMORE ST,7:56 AM,641,MIDLAND ST@ARDMORE ST,3:50 PM
COLEMAN A YOUNG,641,MARK TWAIN ST@KEELER ST,8:01 AM,641,MARK TWAIN ST@KEELER ST,3:54 PM
COLEMAN A YOUNG,641,EATON ST@TRACEY ST,8:04 AM,641,EATON ST@TRACEY ST,4:06 PM
COLEMAN A YOUNG,641,EATON ST@HUBBELL ST,8:07 AM,641,EATON ST@HUBBELL ST,4:04 PM
COLEMAN A YOUNG,641,CHALFONTE ST@SUSSEX ST,8:10 AM,641,CHALFONTE ST@SUSSEX ST,4:01 PM
COLEMAN A YOUNG,641,KEELER ST@ROBSON ST,8:12 AM,641,KEELER ST@ROBSON ST,3:57 PM
COLEMAN A YOUNG,643,PILGRIM ST@FERGUSON ST,7:52 AM,643,PILGRIM ST@FERGUSON ST,4:11 PM
COLEMAN A YOUNG,643,KEELER ST @ BILTMORE ST,7:54 AM,643,KEELER ST @ BILTMORE ST,4:09 PM
COLEMAN A YOUNG,643,CHALFONTE ST@ST MARYS ST,7:58 AM,643,CHALFONTE ST@ST MARYS ST,4:02 PM
COLEMAN A YOUNG,643,CHALFONTE ST@WINTHROP ST,8:01 AM,643,CHALFONTE ST@WINTHROP ST,3:58 PM
COLEMAN A YOUNG,643,ST MARYS ST@KEELER ST,8:04 AM,643,ST MARYS ST@KEELER ST,4:07 PM
COLEMAN A YOUNG,643,RUTHERFORD ST@PILGRIM ST,8:06 AM,643,RUTHERFORD ST@PILGRIM ST,4:05 PM
COLEMAN A YOUNG,643,WINTHROP ST@KEELER ST,8:09 AM,643,WINTHROP ST@KEELER ST,3:56 PM
COLEMAN A YOUNG,643,KEELER ST@PREST ST,8:11 AM,643,KEELER ST@PREST ST,3:54 PM
COLEMAN A YOUNG,643,WINTHROP ST@PILGRIM ST,8:14 AM,643,WINTHROP ST@PILGRIM ST,3:52 PM
COLEMAN A YOUNG,643,GREENFIELD RD @ FLORENCE ST,8:16 AM,643,GREENFIELD RD @ FLORENCE ST,3:49 PM
COMMUNICATION & MEDIA ARTS HS,405,HACKETT ST@MANSFIELD ST,7:05 AM,405,HACKETT ST@MANSFIELD ST,2:57 PM
COOKE ES,776,CURTIS ST@WARWICK ST,6:42 AM,776,CURTIS ST@WARWICK ST,3:22 PM
COOKE ES,776,EDINBOROUGH RD@GROVE ST,6:47 AM,776,EDINBOROUGH RD@GROVE ST,3:16 PM
COOKE ES,776,PILGRIM ST@BRAILE ST,6:51 AM,776,PILGRIM ST@BRAILE ST,3:12 PM
COOKE ES,776,KEELER ST@FIELDING ST,6:54 AM,776,KEELER ST@FIELDING ST,3:09 PM
COOKE ES,776,EVERGREEN RD@MIDLAND ST,6:57 AM,776,EVERGREEN RD@MIDLAND ST,3:07 PM
COOKE ES,776,MIDLAND ST@PLAINVIEW AVE,6:58 AM,776,MIDLAND ST@PLAINVIEW AVE,3:00 PM
COOKE ES,776,FENKELL ST@PLAINVIEW AVE,7:02 AM,776,FENKELL ST@PLAINVIEW AVE,3:04 PM
COOKE ES,776,PLAINVIEW AVE@PILGRIM ST,7:05 AM,776,PLAINVIEW AVE@PILGRIM ST,2:57 PM
COOKE ES,776,W OUTER DR@MIDLAND ST,7:07 AM,776,W OUTER DR@MIDLAND ST,2:55 PM
COOKE ES,776,KEELER ST@GRANDVILLE AVE,7:08 AM,776,KEELER ST@GRANDVILLE AVE,2:52 PM
COOKE ES,776,KEELER ST@ARTESIAN ST,7:12 AM,776,KEELER ST@ARTESIAN ST,2:48 PM
COOKE ES,779,LYNDON ST@WARWICK ST,7:06 AM,779,LYNDON ST@WARWICK ST,2:53 PM
COOKE ES,779,FENKELL ST@ARTESIAN ST,7:09 AM,779,FENKELL ST@ARTESIAN ST,2:49 PM
COOKE ES,779,FENKELL ST@GRANDVILLE AVE,7:11 AM,779,FENKELL ST@GRANDVILLE AVE,2:50 PM
COOKE ES,4615,PICKFORD ST@RUTHERFORD ST,6:55 AM,4615,PICKFORD ST@RUTHERFORD ST,3:00 PM
COOKE ES,4615,W OUTER DR@MURRAY HILL ST,6:59 AM,4615,W OUTER DR@MURRAY HILL ST,2:58 PM
COOKE ES,4615,VERNE ST@HARLOW ST,7:03 AM,4615,VERNE ST@HARLOW ST,2:53 PM
COOKE ES,4615,GROVE ST@HARLOW ST,7:06 AM,4615,GROVE ST@HARLOW ST,2:54 PM
COOKE ES,4615,PILGRIM ST@LINDSAY ST,7:10 AM,4615,PILGRIM ST@LINDSAY ST,2:49 PM
DAVISON ES/MS,243,COMMOR ST@DYAR ST,6:51 AM,243,COMMOR ST@DYAR ST,3:04 PM
DAVISON ES/MS,243,MCLEAN ST@GODDARD ST,6:57 AM,243,MCLEAN ST@GODDARD ST,2:48 PM
DAVISON ES/MS,243,CARPENTER ST@GALLAGHER ST,7:01 AM,243,CARPENTER ST@GALLAGHER ST,3:00 PM
DAVISON ES/MS,243,CONANT ST@CARPENTER ST,7:04 AM,243,CONANT ST@CARPENTER ST,2:57 PM
DAVISON ES/MS,243,FREDRO ST@JUSTINE ST,7:09 AM,243,FREDRO ST@JUSTINE ST,2:54 PM
DAVISON ES/MS,244,LUCE ST@EUREKA ST,6:53 AM,244,LUCE ST@EUREKA ST,2:49 PM
DAVISON ES/MS,244,HALLECK ST@MORAN ST,6:58 AM,244,HALLECK ST@MORAN ST,2:58 PM
DAVISON ES/MS,244,LAWLEY ST@GALLAGHER ST,7:06 AM,244,LAWLEY ST@GALLAGHER ST,2:52 PM
DAVISON ES/MS,244,HALLECK ST@GALLAGHER ST,7:10 AM,244,HALLECK ST@GALLAGHER ST,2:55 PM
DAVISON ES/MS,505,REMINGTON ST E@REVERE ST,6:39 AM,505,REMINGTON ST E@REVERE ST,3:20 PM
DAVISON ES/MS,505,DEQUINDRE ST@WINCHESTER ST E,6:44 AM,505,DEQUINDRE ST@WINCHESTER ST E,3:16 PM
DAVISON ES/MS,505,WINCHESTER E @ ORLEANS ST,6:45 AM,505,WINCHESTER E @ ORLEANS ST,3:14 PM
DAVISON ES/MS,505,MINNESOTA ST@GODDARD ST,6:53 AM,505,MINNESOTA ST@GODDARD ST,3:04 PM
DAVISON ES/MS,505,STENDER ST@ST AUBIN ST,6:55 AM,505,STENDER ST@ST AUBIN ST,3:07 PM
DAVISON ES/MS,505,STENDER ST@ARLINGTON ST,6:57 AM,505,STENDER ST@ARLINGTON ST,3:03 PM
DAVISON ES/MS,505,STENDER ST@ANGLIN ST,6:58 AM,505,STENDER ST@ANGLIN ST,3:00 PM
DAVISON ES/MS,505,MINNESOTA ST@JOSEPH CAMPAU ST,7:01 AM,505,MINNESOTA ST@JOSEPH CAMPAU ST,2:59 PM
DAVISON ES/MS,505,NEVADA ST E@JOSEPH CAMPAU ST,7:02 AM,505,NEVADA ST E@JOSEPH CAMPAU ST,2:57 PM
DAVISON ES/MS,505,NEVADA ST E@CHAREST ST,7:06 AM,505,NEVADA ST E@CHAREST ST,2:54 PM
DAVISON ES/MS,505,RYAN RD@NANCY ST,7:08 AM,505,RYAN RD@NANCY ST,2:50 PM
DAVISON ES/MS,505,MORAN ST@VICTORIA ST,7:11 AM,505,MORAN ST@VICTORIA ST,2:48 PM
DAVISON ES/MS,506,COMMOR ST@FENELON ST,6:58 AM,506,COMMOR ST@FENELON ST,2:55 PM
DAVISON ES/MS,506,BUFFALO ST@TALBOT ST,7:02 AM,506,BUFFALO ST@TALBOT ST,2:52 PM
DAVISON ES/MS,506,FENELON ST@CASMERE ST,7:06 AM,506,FENELON ST@CASMERE ST,2:50 PM
DAVISON ES/MS,507,GARVIN ST@FENELON ST,7:10 AM,507,GARVIN ST@FENELON ST,2:49 PM
DAVISON ES/MS,545,CHARLES ST@BUFFALO ST,7:05 AM,545,CHARLES ST@BUFFALO ST,2:52 PM
DAVISON ES/MS,545,CARPENTER ST@RADOM ST,7:08 AM,545,CARPENTER ST@RADOM ST,2:50 PM
DAVISON ES/MS,558,BUFFALO ST@LANTZ ST E,6:49 AM,558,BUFFALO ST@LANTZ ST E,3:11 PM
DAVISON ES/MS,558,STOCKTON ST@GABLE ST,6:53 AM,558,STOCKTON ST@GABLE ST,3:08 PM
DAVISON ES/MS,558,DAVISON ST E@CALDWELL ST,6:55 AM,558,DAVISON ST E@CALDWELL ST,3:04 PM
DAVISON ES/MS,558,DESNER ST@DWYER ST,7:00 AM,558,DESNER ST@DWYER ST,3:01 PM
DAVISON ES/MS,558,RUPERT ST@DWYER ST,7:01 AM,558,RUPERT ST@DWYER ST,2:56 PM
DAVISON ES/MS,558,SOBIESKI ST@DWYER ST,7:03 AM,558,SOBIESKI ST@DWYER ST,2:58 PM
DAVISON ES/MS,558,RUPERT ST@BUFFALO ST,7:08 AM,558,RUPERT ST@BUFFALO ST,2:50 PM
DAVISON ES/MS,558,DESNER ST@BUFFALO ST,7:09 AM,558,DESNER ST@BUFFALO ST,2:52 PM
DETROIT INT'L ACDMY FOR YOUNG WOMEN,537,HOLBROOK ST@BEAUBIEN ST,6:55 AM,537,HOLBROOK ST@BEAUBIEN ST,3:59 PM
DETROIT INT'L ACDMY FOR YOUNG WOMEN,537,WOODWARD AVE@JOSEPHINE ST,6:57 AM,537,WOODWARD AVE@JOSEPHINE ST,4:01 PM
DETROIT INT'L ACDMY FOR YOUNG WOMEN,537,ARDEN PARK BLVD@BRUSH ST,6:59 AM,537,ARDEN PARK BLVD@BRUSH ST,4:04 PM
DETROIT INT'L ACDMY FOR YOUNG WOMEN,537,COMMOR ST@GRAND HAVEN ST,7:04 AM,537,COMMOR ST@GRAND HAVEN ST,3:54 PM
DETROIT INT'L ACDMY FOR YOUNG WOMEN,537,MILLER ST@DWYER ST,7:11 AM,537,MILLER ST@DWYER ST,3:47 PM
DETROIT INT'L ACDMY FOR YOUNG WOMEN,537,CONANT ST@CARPENTER ST,7:16 AM,537,CONANT ST@CARPENTER ST,3:38 PM
DETROIT INT'L ACDMY FOR YOUNG WOMEN,537,HALLECK ST@MORAN ST,7:18 AM,537,HALLECK ST@MORAN ST,3:40 PM
DETROIT INT'L ACDMY FOR YOUNG WOMEN,537,RUPERT ST@BUFFALO ST,7:22 AM,537,RUPERT ST@BUFFALO ST,3:30 PM
DETROIT INT'L ACDMY FOR YOUNG WOMEN,537,DESNER ST@BUFFALO ST,7:24 AM,537,DESNER ST@BUFFALO ST,3:32 PM
DETROIT INT'L ACDMY FOR YOUNG WOMEN,537,CHARLES ST@SYRACUSE ST,7:26 AM,537,CHARLES ST@SYRACUSE ST,3:34 PM
DETROIT INT'L ACDMY FOR YOUNG WOMEN,783,WINTHROP ST@W WARREN AVE,6:43 AM,783,WINTHROP ST@W WARREN AVE,3:48 PM
DETROIT INT'L ACDMY FOR YOUNG WOMEN,783,WHITLOCK ST@LONGACRE ST,6:57 AM,783,WHITLOCK ST@LONGACRE ST,3:51 PM
DETROIT INT'L ACDMY FOR YOUNG WOMEN,783,W WARREN AVE@LONGACRE ST,6:59 AM,783,W WARREN AVE@LONGACRE ST,3:53 PM
DETROIT INT'L ACDMY FOR YOUNG WOMEN,783,EVERGREEN AVE@JOY RD,7:05 AM,783,EVERGREEN AVE@JOY RD,3:59 PM
DETROIT SCHOOL OF ARTS HS,206,HOOVER ST@LINNHURST ST,6:57 AM,206,HOOVER ST@LINNHURST ST,3:53 PM
DETROIT SCHOOL OF ARTS HS,206,PARK DR@LONGVIEW ST,7:18 AM,206,PARK DR@LONGVIEW ST,3:43 PM
DETROIT SCHOOL OF ARTS HS,401,STRATHMOOR ST@PURITAN ST,7:16 AM,401,STRATHMOOR ST@PURITAN ST,3:43 PM
DIXON ES/MS,215,W CHICAGO ST@RUTLAND ST,6:57 AM,215,W CHICAGO ST@RUTLAND ST,2:53 PM
DIXON ES/MS,215,ELMIRA ST@METTETAL ST,7:01 AM,215,ELMIRA ST@METTETAL ST,3:00 PM
DIXON ES/MS,604,W WARREN AVE@VAUGHAN ST,6:41 AM,604,W WARREN AVE@VAUGHAN ST,3:14 PM
DIXON ES/MS,604,W WARREN AVE@PATTON ST,6:43 AM,604,W WARREN AVE@PATTON ST,3:13 PM
DIXON ES/MS,604,DACOSTA@MAJESTIC,6:49 AM,604,DACOSTA@MAJESTIC,3:07 PM
DIXON ES/MS,604,SAWYER@DACOSTA,6:50 AM,604,SAWYER@DACOSTA,3:06 PM
DIXON ES/MS,604,LAMPHERE@TIREMAN,6:53 AM,604,LAMPHERE@TIREMAN,3:00 PM
DIXON ES/MS,604,MAJESTIC@BRAMELL,7:02 AM,604,MAJESTIC@BRAMELL,2:52 PM
DIXON ES/MS,604,BEAVERLAND@SAWYER,7:05 AM,604,BEAVERLAND@SAWYER,2:54 PM
DIXON ES/MS,604,CONSTANCE@BRAMELL,7:09 AM,604,CONSTANCE@BRAMELL,2:58 PM
DIXON ES/MS,605,ROSEMONT AVE@CONSTANCE ST,6:39 AM,605,ROSEMONT AVE@CONSTANCE ST,3:22 PM
DIXON ES/MS,605,VAN BUREN ST@ PENROD ST,6:41 AM,605,VAN BUREN ST@ PENROD ST,3:24 PM
DIXON ES/MS,605,STAHELIN AVE@VAN BUREN ST,6:43 AM,605,STAHELIN AVE@VAN BUREN ST,3:07 PM
DIXON ES/MS,605,STAHELIN AVE@CONSTANCE ST,6:44 AM,605,STAHELIN AVE@CONSTANCE ST,3:09 PM
DIXON ES/MS,605,STAHELIN AVE@TIREMAN ST,6:48 AM,605,STAHELIN AVE@TIREMAN ST,3:15 PM
DIXON ES/MS,605,TIREMAN ST@WARWICK ST,6:58 AM,605,TIREMAN ST@WARWICK ST,2:59 PM
DIXON ES/MS,605,BELTON ST@WARWICK ST,6:59 AM,605,BELTON ST@WARWICK ST,3:04 PM
DIXON ES/MS,605,CONSTANCE ST@GRANDVILLE AVE,7:05 AM,605,CONSTANCE ST@GRANDVILLE AVE,2:53 PM
DIXON ES/MS,606,SAWYER ST@PENROD ST,6:45 AM,606,SAWYER ST@PENROD ST,2:52 PM
DIXON ES/MS,606,SAWYER ST@GREENVIEW AVE,6:47 AM,606,SAWYER ST@GREENVIEW AVE,2:54 PM
DIXON ES/MS,606,SAWYER ST@ARTESIAN ST,6:49 AM,606,SAWYER ST@ARTESIAN ST,2:59 PM
DIXON ES/MS,606,W WARREN AVE@ARTESIAN ST,6:50 AM,606,W WARREN AVE@ARTESIAN ST,2:56 PM
DIXON ES/MS,606,DAYTON ST@WESTWOOD ST,7:00 AM,606,DAYTON ST@WESTWOOD ST,3:15 PM
DIXON ES/MS,606,SAWYER ST@WESTWOOD ST,7:09 AM,606,SAWYER ST@WESTWOOD ST,3:06 PM
DIXON ES/MS,607,ORANGELAWN@BRAMELL,7:06 AM,607,ORANGELAWN@BRAMELL,2:52 PM
DIXON ES/MS,608,ORANGELAWN ST@PLAINVIEW AVE,6:41 AM,608,ORANGELAWN ST@PLAINVIEW AVE,3:19 PM
DIXON ES/MS,608,ORANGELAWN ST@HEYDEN ST,6:43 AM,608,ORANGELAWN ST@HEYDEN ST,3:14 PM
DIXON ES/MS,608,WESTFIELD ST@VAUGHAN ST,6:45 AM,608,WESTFIELD ST@VAUGHAN ST,3:16 PM
DIXON ES/MS,608,DOVER ST@VAUGHAN ST,6:47 AM,608,DOVER ST@VAUGHAN ST,2:55 PM
DIXON ES/MS,608,FIELDING ST@DOVER ST,6:49 AM,608,FIELDING ST@DOVER ST,2:57 PM
DIXON ES/MS,608,W CHICAGO ST@PATTON ST,6:53 AM,608,W CHICAGO ST@PATTON ST,3:12 PM
DIXON ES/MS,608,ELMIRA ST@BRAILE ST,6:56 AM,608,ELMIRA ST@BRAILE ST,3:09 PM
DIXON ES/MS,608,WESTFIELD ST@BURT RD,7:01 AM,608,WESTFIELD ST@BURT RD,3:05 PM
DIXON ES/MS,608,DOVER ST@BURT RD,7:04 AM,608,DOVER ST@BURT RD,3:02 PM
DIXON ES/MS,609,W CHICAGO ST@FAUST AVE,6:44 AM,609,W CHICAGO ST@FAUST AVE,2:52 PM
DIXON ES/MS,609,BRACE ST@ORANGELAWN ST,6:46 AM,609,BRACE ST@ORANGELAWN ST,2:54 PM
DIXON ES/MS,609,W CHICAGO ST@STAHELIN AVE,6:48 AM,609,W CHICAGO ST@STAHELIN AVE,2:56 PM
DIXON ES/MS,609,W CHICAGO ST@GRANDVILLE AVE,6:50 AM,609,W CHICAGO ST@GRANDVILLE AVE,2:58 PM
DIXON ES/MS,609,MINOCK ST@WESTFIELD ST,6:54 AM,609,MINOCK ST@WESTFIELD ST,3:01 PM
DIXON ES/MS,609,PLAINVIEW AVE@WESTFIELD ST,6:59 AM,609,PLAINVIEW AVE@WESTFIELD ST,3:04 PM
DIXON ES/MS,609,DOVER ST@PLAINVIEW AVE,7:01 AM,609,DOVER ST@PLAINVIEW AVE,3:06 PM
DIXON ES/MS,609,DOVER ST@WESTWOOD ST,7:03 AM,609,DOVER ST@WESTWOOD ST,3:09 PM
DIXON ES/MS,609,DOVER ST@WARWICK ST,7:05 AM,609,DOVER ST@WARWICK ST,3:11 PM
DIXON ES/MS,609,JOY RD@ASHTON AVE,7:08 AM,609,JOY RD@ASHTON AVE,3:15 PM
DIXON ES/MS,630,ORANGELAWN ST@WARWICK ST,6:55 AM,630,ORANGELAWN ST@WARWICK ST,3:09 PM
DIXON ES/MS,630,PLYMOUTH RD@MINOCK ST,6:58 AM,630,PLYMOUTH RD@MINOCK ST,3:04 PM
DIXON ES/MS,630,PLAINVIEW AVE@CAPITOL ST,7:00 AM,630,PLAINVIEW AVE@CAPITOL ST,3:02 PM
DIXON ES/MS,630,HEYDEN ST@WADSWORTH ST,7:02 AM,630,HEYDEN ST@WADSWORTH ST,2:55 PM
DIXON ES/MS,630,PIERSON ST@PIERSON CT N,7:05 AM,630,PIERSON ST@PIERSON CT N,2:52 PM
DIXON ES/MS,630,PLYMOUTH RD@VAUGHAN ST,7:09 AM,630,PLYMOUTH RD@VAUGHAN ST,3:00 PM
DIXON ES/MS,693,W WARREN AVE@AUBURN ST,6:40 AM,693,W WARREN AVE@AUBURN ST,3:18 PM
DIXON ES/MS,693,PLAINVIEW AVE@SAWYER ST,6:43 AM,693,PLAINVIEW AVE@SAWYER ST,3:10 PM
DIXON ES/MS,693,BELTON ST@AUBURN ST,6:46 AM,693,BELTON ST@AUBURN ST,3:14 PM
DIXON ES/MS,693,EVERGREEN AVE@TIREMAN ST,6:48 AM,693,EVERGREEN AVE@TIREMAN ST,3:04 PM
DIXON ES/MS,693,SAWYER ST@VAUGHAN ST,6:50 AM,693,SAWYER ST@VAUGHAN ST,3:06 PM
DIXON ES/MS,693,VAUGHAN ST@BELTON ST,6:53 AM,693,VAUGHAN ST@BELTON ST,3:03 PM
DIXON ES/MS,693,CONSTANCE ST@STOUT ST,6:58 AM,693,CONSTANCE ST@STOUT ST,2:58 PM
DIXON ES/MS,693,STOUT ST@SAWYER ST,7:03 AM,693,STOUT ST@SAWYER ST,2:54 PM
DIXON ES/MS,693,TIREMAN ST@BRAILE ST,7:11 AM,693,TIREMAN ST@BRAILE ST,2:48 PM
DOSSIN ES/MS,636,CHALFONTE ST@ST MARYS ST,7:50 AM,636,CHALFONTE ST@ST MARYS ST,4:10 PM
DOSSIN ES/MS,636,GLENDALE ST@ROBSON ST,8:12 AM,636,GLENDALE ST@ROBSON ST,3:51 PM
DOSSIN ES/MS,636,TYLER ST@WHITCOMB ST,8:15 AM,636,TYLER ST@WHITCOMB ST,3:53 PM
DOSSIN ES/MS,642,ABINGTON AVE@MIDFIELD ST,7:49 AM,642,ABINGTON AVE@MIDFIELD ST,4:20 PM
DOSSIN ES/MS,642,KENDALL ST@RUTLAND ST,7:53 AM,642,KENDALL ST@RUTLAND ST,4:08 PM
DOSSIN ES/MS,642,ASBURY PARK@KENDALL ST,7:55 AM,642,ASBURY PARK@KENDALL ST,4:04 PM
DOSSIN ES/MS,642,KENDALL ST@MANSFIELD ST,7:57 AM,642,KENDALL ST@MANSFIELD ST,4:00 PM
DOSSIN ES/MS,642,ACACIA ST@RUTHERFORD ST,8:02 AM,642,ACACIA ST@RUTHERFORD ST,4:17 PM
DOSSIN ES/MS,642,KENDALL ST@MONTROSE ST,8:04 AM,642,KENDALL ST@MONTROSE ST,3:57 PM
DOSSIN ES/MS,642,SCHOOLCRAFT ST@FORRER ST,8:06 AM,642,SCHOOLCRAFT ST@FORRER ST,3:58 PM
DOSSIN ES/MS,642,SCHOOLCRAFT ST@METTETAL ST,8:07 AM,642,SCHOOLCRAFT ST@METTETAL ST,4:02 PM
DOSSIN ES/MS,642,RUTHERFORD ST@W DAVISON,8:13 AM,642,RUTHERFORD ST@W DAVISON,3:53 PM
DOSSIN ES/MS,642,W DAVISON@MONTROSE ST,8:14 AM,642,W DAVISON@MONTROSE ST,3:54 PM
DOSSIN ES/MS,654,EVERGREEN RD@LYNDON ST,7:46 AM,654,EVERGREEN RD@LYNDON ST,4:04 PM
DOSSIN ES/MS,654,CRESCENT DR@ACACIA ST,7:47 AM,654,CRESCENT DR@ACACIA ST,4:06 PM
DOSSIN ES/MS,654,STOUT ST@PILGRIM ST,7:54 AM,654,STOUT ST@PILGRIM ST,4:18 PM
DOSSIN ES/MS,654,W DAVISON@GLASTONBURY AVE,8:09 AM,654,W DAVISON@GLASTONBURY AVE,3:52 PM
DOSSIN ES/MS,654,W DAVISON@PENROD ST,8:11 AM,654,W DAVISON@PENROD ST,3:49 PM
DUKE ELLINGTON,210,WOODLAWN ST@GRACE ST,6:43 AM,210,WOODLAWN ST@GRACE ST,3:13 PM
DUKE ELLINGTON,210,EVANSTON ST@GUNSTON ST,6:47 AM,210,EVANSTON ST@GUNSTON ST,2:58 PM
DUKE ELLINGTON,210,CONNER ST@CORBETT ST,6:49 AM,210,CONNER ST@CORBETT ST,3:00 PM
DUKE ELLINGTON,210,GUNSTON ST@LONGVIEW ST,6:51 AM,210,GUNSTON ST@LONGVIEW ST,3:02 PM
DUKE ELLINGTON,210,CHELSEA ST@GUNSTON ST,6:52 AM,210,CHELSEA ST@GUNSTON ST,3:03 PM
DUKE ELLINGTON,210,WILSHIRE DR@GUNSTON ST,6:53 AM,210,WILSHIRE DR@GUNSTON ST,3:04 PM
DUKE ELLINGTON,210,CONNER ST@WILSHIRE DR,6:55 AM,210,CONNER ST@WILSHIRE DR,3:06 PM
DUKE ELLINGTON,210,PROMENADE ST@GUNSTON ST,6:57 AM,210,PROMENADE ST@GUNSTON ST,3:08 PM
DUKE ELLINGTON,210,E OUTER DR@BARRETT ST,6:59 AM,210,E OUTER DR@BARRETT ST,3:10 PM
DUKE ELLINGTON,210,WADE ST@BARRETT ST,7:02 AM,210,WADE ST@BARRETT ST,2:56 PM
DUKE ELLINGTON,210,NORCROSS ST@EVANSTON ST,7:06 AM,210,NORCROSS ST@EVANSTON ST,2:54 PM
DUKE ELLINGTON,232,SANFORD ST@BRADFORD ST,6:36 AM,232,SANFORD ST@BRADFORD ST,3:22 PM
DUKE ELLINGTON,232,ROSEMARY ST@BARRETT ST,6:40 AM,232,ROSEMARY ST@BARRETT ST,3:19 PM
DUKE ELLINGTON,232,KILBOURNE ST@ROSEBERRY ST,6:41 AM,232,KILBOURNE ST@ROSEBERRY ST,3:17 PM
DUKE ELLINGTON,232,WILFRED ST@ROSEBERRY ST,6:43 AM,232,WILFRED ST@ROSEBERRY ST,3:15 PM
DUKE ELLINGTON,232,WILFRED ST@PARK DR,6:45 AM,232,WILFRED ST@PARK DR,3:13 PM
DUKE ELLINGTON,232,ROSEMARY ST@NEWPORT ST,6:48 AM,232,ROSEMARY ST@NEWPORT ST,3:10 PM
DUKE ELLINGTON,232,PROMENADE ST@NEWPORT ST,6:51 AM,232,PROMENADE ST@NEWPORT ST,3:07 PM
DUKE ELLINGTON,232,ROSEMARY ST@LEROY ST,6:53 AM,232,ROSEMARY ST@LEROY ST,3:04 PM
DUKE ELLINGTON,232,QUEEN ST@PROMENADE ST,6:56 AM,232,QUEEN ST@PROMENADE ST,2:59 PM
DUKE ELLINGTON,232,DUCHESS ST@HAVERHILL ST,6:59 AM,232,DUCHESS ST@HAVERHILL ST,3:01 PM
DUKE ELLINGTON,232,PROMENADE ST@MANISTIQUE ST,7:02 AM,232,PROMENADE ST@MANISTIQUE ST,2:57 PM
DUKE ELLINGTON,232,WADE ST@QUEEN ST,7:05 AM,232,WADE ST@QUEEN ST,2:55 PM
DUKE ELLINGTON,232,HAMPSHIRE ST@CHALMERS ST,7:07 AM,232,HAMPSHIRE ST@CHALMERS ST,2:51 PM
DUKE ELLINGTON,232,HAMPSHIRE ST@NEWPORT ST,7:09 AM,232,HAMPSHIRE ST@NEWPORT ST,2:53 PM
DUKE ELLINGTON,232,CORBETT ST @ NEWPORT ST,7:12 AM,232,CORBETT ST @ NEWPORT ST,2:48 PM
DURFEE @ CENTRAL,219,EWALD CIR@SANTA ROSA DR,6:46 AM,219,EWALD CIR@SANTA ROSA DR,3:14 PM
DURFEE @ CENTRAL,219,DAVISON W@SANTA ROSA DR,6:49 AM,219,DAVISON W@SANTA ROSA DR,3:11 PM
DURFEE @ CENTRAL,219,SANTA ROSA DR@W BUENA VISTA ST,6:51 AM,219,SANTA ROSA DR@W BUENA VISTA ST,3:07 PM
DURFEE @ CENTRAL,219,EWALD CIR@W BUENA VISTA ST,6:53 AM,219,EWALD CIR@W BUENA VISTA ST,3:09 PM
DURFEE @ CENTRAL,219,EWALD CIR@FULLERTON ST,6:55 AM,219,EWALD CIR@FULLERTON ST,3:03 PM
DURFEE @ CENTRAL,219,SANTA ROSA DR@FULLERTON ST,6:56 AM,219,SANTA ROSA DR@FULLERTON ST,3:05 PM
DURFEE @ CENTRAL,219,ELMHURST ST@PRAIRIE ST,6:59 AM,219,ELMHURST ST@PRAIRIE ST,3:01 PM
DURFEE @ CENTRAL,219,ELMHURST ST@STOEPEL ST,7:01 AM,219,ELMHURST ST@STOEPEL ST,2:57 PM
DURFEE @ CENTRAL,219,BURLINGAME ST@PRAIRIE ST,7:04 AM,219,BURLINGAME ST@PRAIRIE ST,2:54 PM
DURFEE @ CENTRAL,219,BURLINGAME ST@MONICA ST,7:06 AM,219,BURLINGAME ST@MONICA ST,2:55 PM
DURFEE @ CENTRAL,223,BROADSTREET AVE@KAY ST,6:43 AM,223,BROADSTREET AVE@KAY ST,3:13 PM
DURFEE @ CENTRAL,223,KAY ST@YOSEMITE ST,6:46 AM,223,KAY ST@YOSEMITE ST,3:11 PM
DURFEE @ CENTRAL,223,BELLETERRE ST@WELTON ST,6:52 AM,223,BELLETERRE ST@WELTON ST,3:09 PM
DURFEE @ CENTRAL,223,BURLINGAME ST@YELLOWSTONE ST,6:55 AM,223,BURLINGAME ST@YELLOWSTONE ST,3:02 PM
DURFEE @ CENTRAL,223,ELMHURST ST@YELLOWSTONE ST,6:56 AM,223,ELMHURST ST@YELLOWSTONE ST,3:03 PM
DURFEE @ CENTRAL,223,NARDIN PARK@WEBB ST,6:58 AM,223,NARDIN PARK@WEBB ST,3:05 PM
DURFEE @ CENTRAL,223,OTSEGO ST@BURLINGAME ST,7:01 AM,223,OTSEGO ST@BURLINGAME ST,2:59 PM
DURFEE @ CENTRAL,223,HOLMUR ST@TUXEDO ST,7:03 AM,223,HOLMUR ST@TUXEDO ST,2:57 PM
DURFEE @ CENTRAL,223,TUXEDO ST@WILDEMERE ST,7:06 AM,223,TUXEDO ST@WILDEMERE ST,2:54 PM
DURFEE @ CENTRAL,223,WEBB ST@WILDEMERE ST,7:07 AM,223,WEBB ST@WILDEMERE ST,2:51 PM
DURFEE @ CENTRAL,223,ELMHURST ST@LAWTON ST,7:10 AM,223,ELMHURST ST@LAWTON ST,2:49 PM
DURFEE @ CENTRAL,224,EWALD CIR@HOLMUR ST,6:44 AM,224,EWALD CIR@HOLMUR ST,3:02 PM
DURFEE @ CENTRAL,224,GRAND ST W@HOLMUR ST,6:47 AM,224,GRAND ST W@HOLMUR ST,3:00 PM
DURFEE @ CENTRAL,224,TYLER ST@HOLMUR ST,6:49 AM,224,TYLER ST@HOLMUR ST,3:08 PM
DURFEE @ CENTRAL,224,W BUENA VISTA ST@BROADSTREET AVE,6:51 AM,224,W BUENA VISTA ST@BROADSTREET AVE,3:10 PM
DURFEE @ CENTRAL,224,PETOSKEY AVE@STURTEVANT ST,6:54 AM,224,PETOSKEY AVE@STURTEVANT ST,3:13 PM
DURFEE @ CENTRAL,224,DEXTER AVE@CORTLAND ST,6:56 AM,224,DEXTER AVE@CORTLAND ST,3:15 PM
DURFEE @ CENTRAL,224,CORTLAND ST@WILDEMERE ST,6:58 AM,224,CORTLAND ST@WILDEMERE ST,2:50 PM
DURFEE @ CENTRAL,224,DEXTER AVE@WAVERLY ST,7:01 AM,224,DEXTER AVE@WAVERLY ST,3:04 PM
DURFEE @ CENTRAL,224,CLEMENTS ST@LAWTON ST,7:03 AM,224,CLEMENTS ST@LAWTON ST,2:54 PM
DURFEE @ CENTRAL,224,LINWOOD ST@GRAND ST W,7:06 AM,224,LINWOOD ST@GRAND ST W,2:56 PM
DURFEE @ CENTRAL,224,W BUENA VISTA ST@LAWTON ST,7:09 AM,224,W BUENA VISTA ST@LAWTON ST,2:52 PM
DURFEE @ CENTRAL,225,SEWARD ST@ROSA PARKS BLVD,6:53 AM,225,SEWARD ST@ROSA PARKS BLVD,3:06 PM
DURFEE @ CENTRAL,225,EUCLID ST W@BYRON ST,6:56 AM,225,EUCLID ST W@BYRON ST,3:01 PM
DURFEE @ CENTRAL,225,SEWARD ST@3RD ST,6:58 AM,225,SEWARD ST@3RD ST,2:58 PM
DURFEE @ CENTRAL,225,CLAIRMOUNT ST@3RD ST,7:04 AM,225,CLAIRMOUNT ST@3RD ST,2:55 PM
DURFEE @ CENTRAL,225,ROSA PARKS BLVD@HAZELWOOD ST,7:08 AM,225,ROSA PARKS BLVD@HAZELWOOD ST,2:51 PM
DURFEE @ CENTRAL,229,FULLERTON ST@WILDEMERE ST,6:51 AM,229,FULLERTON ST@WILDEMERE ST,3:06 PM
DURFEE @ CENTRAL,229,LINWOOD ST@STURTEVANT ST,6:54 AM,229,LINWOOD ST@STURTEVANT ST,3:03 PM
DURFEE @ CENTRAL,229,GLENDALE ST @ LASALLE BLVD,6:56 AM,229,GLENDALE ST @ LASALLE BLVD,3:00 PM
DURFEE @ CENTRAL,229,ROSA PARKS BLVD @ W BUENA VISTA ST,6:59 AM,229,ROSA PARKS BLVD @ W BUENA VISTA ST,2:54 PM
DURFEE @ CENTRAL,229,FULLERTON ST@14TH ST,7:02 AM,229,FULLERTON ST@14TH ST,2:57 PM
DURFEE @ CENTRAL,229,ROSA PARKS BLVD@HIGHLAND ST,7:04 AM,229,ROSA PARKS BLVD@HIGHLAND ST,2:52 PM
DURFEE @ CENTRAL,229,WOODROW WILSON ST@TUXEDO ST,7:07 AM,229,WOODROW WILSON ST@TUXEDO ST,2:49 PM
DURFEE @ CENTRAL,661,PINGREE ST@HOLMUR ST,6:50 AM,661,PINGREE ST@HOLMUR ST,3:07 PM
DURFEE @ CENTRAL,661,SAVERY ST@WAGER ST,6:53 AM,661,SAVERY ST@WAGER ST,3:04 PM
DURFEE @ CENTRAL,661,MCQUADE ST@W CHICAGO,6:56 AM,661,MCQUADE ST@W CHICAGO,3:01 PM
DURFEE @ CENTRAL,661,BOSTON BLVD W@OTSEGO ST,6:59 AM,661,BOSTON BLVD W@OTSEGO ST,2:57 PM
DURFEE @ CENTRAL,661,PETOSKEY AVE@KAY ST,7:01 AM,661,PETOSKEY AVE@KAY ST,2:59 PM
DURFEE @ CENTRAL,661,MCQUADE ST@GLYNN CT,7:04 AM,661,MCQUADE ST@GLYNN CT,2:55 PM
DURFEE @ CENTRAL,661,COLLINGWOOD ST@WILDEMERE ST,7:06 AM,661,COLLINGWOOD ST@WILDEMERE ST,2:53 PM
DURFEE @ CENTRAL,661,CALVERT ST@LAWTON ST,7:08 AM,661,CALVERT ST@LAWTON ST,2:51 PM
DURFEE @ CENTRAL,661,LINWOOD ST@BOSTON BLVD W,7:10 AM,661,LINWOOD ST@BOSTON BLVD W,2:49 PM
EARHART ES/MS,211,OLIVET ST@GOVIN ST,6:39 AM,211,OLIVET ST@GOVIN ST,3:05 PM
EARHART ES/MS,211,W LAFAYETTE BLVD@CENTRAL ST,6:42 AM,211,W LAFAYETTE BLVD@CENTRAL ST,3:02 PM
EARHART ES/MS,211,NAVY ST@GREEN ST N,6:51 AM,211,NAVY ST@GREEN ST N,3:12 PM
EARHART ES/MS,211,LANE ST@CENTRAL ST,6:53 AM,211,LANE ST@CENTRAL ST,3:17 PM
EARHART ES/MS,211,W LAFAYETTE BLVD@SOLVAY ST N,6:55 AM,211,W LAFAYETTE BLVD@SOLVAY ST N,3:01 PM
EARHART ES/MS,211,W LAFAYETTE BLVD@WHEELOCK ST,6:56 AM,211,W LAFAYETTE BLVD@WHEELOCK ST,3:00 PM
EARHART ES/MS,211,GREEN ST N@ROWAN ST,6:58 AM,211,GREEN ST N@ROWAN ST,3:09 PM
EARHART ES/MS,211,BEARD ST@LEXINGTON ST,7:00 AM,211,BEARD ST@LEXINGTON ST,2:56 PM
EARHART ES/MS,211,BEARD ST@W LAFAYETTE BLVD,7:03 AM,211,BEARD ST@W LAFAYETTE BLVD,2:57 PM
EARHART ES/MS,211,WATERMAN ST@BOSTWICK ST,7:05 AM,211,WATERMAN ST@BOSTWICK ST,2:54 PM
EARHART ES/MS,211,CADET ST@INFANTRY ST,7:07 AM,211,CADET ST@INFANTRY ST,2:51 PM
EARHART ES/MS,212,S DEY ST@HERKIMER ST,6:42 AM,212,S DEY ST@HERKIMER ST,3:13 PM
EARHART ES/MS,212,DEARBORN ST@MELVILLE ST,6:45 AM,212,DEARBORN ST@MELVILLE ST,3:08 PM
EARHART ES/MS,212,DEARBORN ST@HARBAUGH ST S,6:47 AM,212,DEARBORN ST@HARBAUGH ST S,3:09 PM
EARHART ES/MS,212,MANDALE ST@ELSMERE ST,6:54 AM,212,MANDALE ST@ELSMERE ST,3:03 PM
EARHART ES/MS,212,MANDALE ST@OAKDALE ST,6:55 AM,212,MANDALE ST@OAKDALE ST,3:01 PM
EARHART ES/MS,212,W VERNOR HWY@CABOT ST,6:58 AM,212,W VERNOR HWY@CABOT ST,2:56 PM
EARHART ES/MS,212,LAWNDALE ST@NAVY ST,7:02 AM,212,LAWNDALE ST@NAVY ST,2:58 PM
EARHART ES/MS,212,WOODMERE ST@CABOT ST,7:05 AM,212,WOODMERE ST@CABOT ST,2:54 PM
EARHART ES/MS,217,ARMY ST@MILITARY ST,6:41 AM,217,ARMY ST@MILITARY ST,3:07 PM
EARHART ES/MS,217,LIVERNOIS AVE@ARMY ST,6:43 AM,217,LIVERNOIS AVE@ARMY ST,3:09 PM
EARHART ES/MS,217,LIVERNOIS AVE@W LAFAYETTE BLVD,6:44 AM,217,LIVERNOIS AVE@W LAFAYETTE BLVD,3:10 PM
EARHART ES/MS,217,ARMY ST@CASGRAIN ST,6:47 AM,217,ARMY ST@CASGRAIN ST,3:13 PM
EARHART ES/MS,217,CAVALRY ST@BAKER ST,6:55 AM,217,CAVALRY ST@BAKER ST,3:02 PM
EARHART ES/MS,217,JUNCTION ST@PORTER ST,7:04 AM,217,JUNCTION ST@PORTER ST,2:56 PM
EARHART ES/MS,217,CHRISTIANCY ST@FERDINAND ST,7:06 AM,217,CHRISTIANCY ST@FERDINAND ST,2:52 PM
EARHART ES/MS,221,SELDEN ST@WABASH ST,6:46 AM,221,SELDEN ST@WABASH ST,3:12 PM
EARHART ES/MS,221,BAGLEY ST@10TH ST,6:52 AM,221,BAGLEY ST@10TH ST,3:06 PM
EARHART ES/MS,221,18TH ST@HOWARD ST,6:56 AM,221,18TH ST@HOWARD ST,3:02 PM
EARHART ES/MS,221,ST ANNE ST@WING PL,6:59 AM,221,ST ANNE ST@WING PL,3:00 PM
EARHART ES/MS,221,W FORT ST@GRAND BLVD W,7:02 AM,221,W FORT ST@GRAND BLVD W,2:56 PM
EARHART ES/MS,221,W FORT ST@JUNCTION ST,7:10 AM,221,W FORT ST@JUNCTION ST,2:53 PM
EARHART ES/MS,235,MCGRAW ST@CAMPBELL ST N,6:47 AM,235,MCGRAW ST@CAMPBELL ST N,3:13 PM
EARHART ES/MS,235,KIRKWOOD ST@MCDONALD ST,6:59 AM,235,KIRKWOOD ST@MCDONALD ST,3:03 PM
EARHART ES/MS,703,BUCHANAN ST@32ND ST,6:54 AM,703,BUCHANAN ST@32ND ST,3:03 PM
EARHART ES/MS,703,OTIS ST@GREUSEL ST,7:00 AM,703,OTIS ST@GREUSEL ST,2:56 PM
EARHART ES/MS,703,KOPERNICK ST@WESSON ST,7:01 AM,703,KOPERNICK ST@WESSON ST,2:58 PM
EARHART ES/MS,761,TOLEDO ST@CAMPBELL ST,6:31 AM,761,TOLEDO ST@CAMPBELL ST,3:10 PM
EARHART ES/MS,761,MCMILLAN ST@MILITARY ST,6:34 AM,761,MCMILLAN ST@MILITARY ST,3:12 PM
EARHART ES/MS,761,TOLEDO ST@MCKINSTRY ST,6:40 AM,761,TOLEDO ST@MCKINSTRY ST,3:07 PM
EARHART ES/MS,761,W VERNOR HWY@SCOTTEN ST,6:44 AM,761,W VERNOR HWY@SCOTTEN ST,3:05 PM
EARHART ES/MS,761,TOLEDO ST@VINEWOOD ST,6:47 AM,761,TOLEDO ST@VINEWOOD ST,3:01 PM
EARHART ES/MS,761,GRAND BLVD W@RISDON ST,6:50 AM,761,GRAND BLVD W@RISDON ST,3:03 PM
EARHART ES/MS,761,W VERNOR HWY@23RD ST,6:55 AM,761,W VERNOR HWY@23RD ST,2:55 PM
EARHART ES/MS,761,GRAND BLVD W@W VERNOR HWY,6:57 AM,761,GRAND BLVD W@W VERNOR HWY,2:56 PM
EARHART ES/MS,761,W VERNOR HWY@GRAND BLVD W,6:59 AM,761,W VERNOR HWY@GRAND BLVD W,2:57 PM
EARHART ES/MS,761,W VERNOR HWY@VINEWOOD ST,7:01 AM,761,W VERNOR HWY@VINEWOOD ST,2:58 PM
EARHART ES/MS,777,PITT ST@GREEN ST N,6:42 AM,777,PITT ST@GREEN ST N,2:52 PM
EARHART ES/MS,777,PITT ST@CENTRAL ST,6:44 AM,777,PITT ST@CENTRAL ST,2:54 PM
EARHART ES/MS,777,SPRINGWELLS ST N@PITT ST,6:47 AM,777,SPRINGWELLS ST N@PITT ST,2:57 PM
EARHART ES/MS,777,PITT ST@INGLIS ST,6:51 AM,777,PITT ST@INGLIS ST,3:01 PM
EARHART ES/MS,777,CARSON ST@BELLE ST,6:54 AM,777,CARSON ST@BELLE ST,3:03 PM
EARHART ES/MS,777,PITT ST@PEARL ST,6:55 AM,777,PITT ST@PEARL ST,3:06 PM
EARHART ES/MS,777,SPRINGWELLS ST@GARTNER ST,7:04 AM,777,SPRINGWELLS ST@GARTNER ST,3:14 PM
EARHART ES/MS,777,NAVY ST@MULLANE ST,7:05 AM,777,NAVY ST@MULLANE ST,3:16 PM
EARHART ES/MS,778,W FORT ST@WOODMERE ST,6:40 AM,778,W FORT ST@WOODMERE ST,3:13 PM
EARHART ES/MS,778,OLIVET ST@DISTEL ST,6:42 AM,778,OLIVET ST@DISTEL ST,3:11 PM
EARHART ES/MS,778,WOODMERE ST@W LAFAYETTE BLVD,6:44 AM,778,WOODMERE ST@W LAFAYETTE BLVD,3:14 PM
EARHART ES/MS,778,WOODMERE ST@HOMER ST,6:46 AM,778,WOODMERE ST@HOMER ST,3:08 PM
EARHART ES/MS,778,WOODMERE ST@AVIS ST,6:47 AM,778,WOODMERE ST@AVIS ST,3:07 PM
EARHART ES/MS,778,LONGWORTH ST@ELSMERE ST,6:53 AM,778,LONGWORTH ST@ELSMERE ST,3:03 PM
EARHART ES/MS,778,OLIVET ST@LAWNDALE ST,6:55 AM,778,OLIVET ST@LAWNDALE ST,2:51 PM
EARHART ES/MS,778,HOMER ST@LAWNDALE ST,6:58 AM,778,HOMER ST@LAWNDALE ST,3:01 PM
EARHART ES/MS,778,SPRINGWELLS ST@HOMER ST,7:01 AM,778,SPRINGWELLS ST@HOMER ST,2:54 PM
EARHART ES/MS,778,SPRINGWELLS ST@PERSHING ST,7:02 AM,778,SPRINGWELLS ST@PERSHING ST,2:55 PM
EARHART ES/MS,778,HOMER ST@MULLANE ST,7:06 AM,778,HOMER ST@MULLANE ST,2:59 PM
EDISON ES,690,ACACIA ST@STAHELIN AVE,6:46 AM,690,ACACIA ST@STAHELIN AVE,3:17 PM
EDISON ES,690,ACACIA ST@ARCHDALE ST,6:51 AM,690,ACACIA ST@ARCHDALE ST,3:12 PM
EDISON ES,690,ST MARYS ST@ACACIA ST,6:54 AM,690,ST MARYS ST@ACACIA ST,3:08 PM
EDISON ES,690,ACACIA ST@RUTHERFORD ST,6:55 AM,690,ACACIA ST@RUTHERFORD ST,3:03 PM
EDISON ES,690,KENDALL ST@MANSFIELD ST,6:58 AM,690,KENDALL ST@MANSFIELD ST,3:06 PM
EDISON ES,690,GREENFIELD RD@EATON ST,7:01 AM,690,GREENFIELD RD@EATON ST,2:55 PM
EDISON ES,690,CHALFONTE ST@WINTHROP ST,7:03 AM,690,CHALFONTE ST@WINTHROP ST,2:56 PM
EDISON ES,690,WINTHROP ST@EATON ST,7:05 AM,690,WINTHROP ST@EATON ST,2:58 PM
EDISON ES,690,CHALFONTE ST@PREVOST ST,7:07 AM,690,CHALFONTE ST@PREVOST ST,3:00 PM
EDISON ES,690,ST MARYS ST@KEELER ST,7:09 AM,690,ST MARYS ST@KEELER ST,2:51 PM
EDISON ES,690,PILGRIM ST@ST MARYS ST,7:11 AM,690,PILGRIM ST@ST MARYS ST,2:49 PM
EMERSON ES/MS,615,FLORENCE ST@BRAILE ST,6:33 AM,615,FLORENCE ST@BRAILE ST,2:56 PM
EMERSON ES/MS,615,BURT RD@FLORENCE ST,6:35 AM,615,BURT RD@FLORENCE ST,3:01 PM
EMERSON ES/MS,615,LAHSER RD@VERNE ST,6:45 AM,615,LAHSER RD@VERNE ST,3:06 PM
EMERSON ES/MS,615,LAHSER RD@MIDLAND ST,6:51 AM,615,LAHSER RD@MIDLAND ST,3:13 PM
EMERSON ES/MS,615,NORTHROP ST@WILLMARTH,7:07 AM,615,NORTHROP ST@WILLMARTH,3:24 PM
EMERSON ES/MS,616,ST MARTINS AVE@ASHTON AVE,6:35 AM,616,ST MARTINS AVE@ASHTON AVE,3:10 PM
EMERSON ES/MS,616,ASHTON AVE@CAMBRIDGE AVE,6:38 AM,616,ASHTON AVE@CAMBRIDGE AVE,3:12 PM
EMERSON ES/MS,616,CAMBRIDGE AVE@GLASTONBURY RD,6:46 AM,616,CAMBRIDGE AVE@GLASTONBURY RD,3:07 PM
EMERSON ES/MS,616,W 7 MILE RD@GREENVIEW AVE,6:49 AM,616,W 7 MILE RD@GREENVIEW AVE,3:05 PM
EMERSON ES/MS,616,VASSAR AVE@STAHELIN AVE,6:54 AM,616,VASSAR AVE@STAHELIN AVE,3:02 PM
EMERSON ES/MS,616,CAMBRIDGE AVE@SHAFTSBURY AVE,6:58 AM,616,CAMBRIDGE AVE@SHAFTSBURY AVE,3:00 PM
EMERSON ES/MS,616,VASSAR AVE@SHAFTSBURY AVE,6:59 AM,616,VASSAR AVE@SHAFTSBURY AVE,2:58 PM
EMERSON ES/MS,616,PEMBROKE AVE@ANNCHESTER RD,7:03 AM,616,PEMBROKE AVE@ANNCHESTER RD,2:56 PM
EMERSON ES/MS,616,WESTMORELAND RD@VASSAR AVE,7:05 AM,616,WESTMORELAND RD@VASSAR AVE,2:54 PM
EMERSON ES/MS,616,EVERGREEN RD@VOTROBECK CT,7:08 AM,616,EVERGREEN RD@VOTROBECK CT,2:50 PM
EMERSON ES/MS,616,EVERGREEN RD@CAMBRIDGE AVE,7:10 AM,616,EVERGREEN RD@CAMBRIDGE AVE,2:51 PM
EMERSON ES/MS,617,KEELER ST@GRANDVILLE AVE,6:44 AM,617,KEELER ST@GRANDVILLE AVE,3:11 PM
EMERSON ES/MS,617,FLORENCE ST@STAHELIN AVE,6:52 AM,617,FLORENCE ST@STAHELIN AVE,3:03 PM
EMERSON ES/MS,617,STAHELIN AVE@VERNE ST,6:54 AM,617,STAHELIN AVE@VERNE ST,3:05 PM
EMERSON ES/MS,617,PURITAN ST@GREENVIEW AVE,6:58 AM,617,PURITAN ST@GREENVIEW AVE,3:02 PM
EMERSON ES/MS,617,GROVE ST@ASHTON AVE,7:05 AM,617,GROVE ST@ASHTON AVE,2:53 PM
EMERSON ES/MS,617,MCNICHOLS RD W@GREENVIEW AVE,7:08 AM,617,MCNICHOLS RD W@GREENVIEW AVE,2:54 PM
EMERSON ES/MS,617,W OUTER DR@GREENVIEW AVE,7:11 AM,617,W OUTER DR@GREENVIEW AVE,2:49 PM
EMERSON ES/MS,623,HESSEL AVE@ANNCHESTER RD,6:31 AM,623,HESSEL AVE@ANNCHESTER RD,3:17 PM
EMERSON ES/MS,623,HESSEL AVE@GRANDVILLE AVE,6:35 AM,623,HESSEL AVE@GRANDVILLE AVE,3:19 PM
EMERSON ES/MS,623,HESSEL AVE@STAHELIN AVE,6:44 AM,623,HESSEL AVE@STAHELIN AVE,3:11 PM
EMERSON ES/MS,623,FARGO ST@GREENVIEW AVE,6:48 AM,623,FARGO ST@GREENVIEW AVE,3:08 PM
EMERSON ES/MS,623,GLASTONBURY RD@HESSEL AVE,6:51 AM,623,GLASTONBURY RD@HESSEL AVE,3:03 PM
EMERSON ES/MS,623,PEMBROKE AVE@ROSEMONT AVE,6:57 AM,623,PEMBROKE AVE@ROSEMONT AVE,2:58 PM
EMERSON ES/MS,624,EATON ST@GREYDALE ST,6:22 AM,624,EATON ST@GREYDALE ST,3:24 PM
EMERSON ES/MS,624,EVERGREEN RD@MIDLAND ST,6:36 AM,624,EVERGREEN RD@MIDLAND ST,3:04 PM
EMERSON ES/MS,624,PLAINVIEW AVE@PILGRIM ST,6:40 AM,624,PLAINVIEW AVE@PILGRIM ST,3:06 PM
EMERSON ES/MS,624,PILGRIM ST@VAUGHAN ST,6:45 AM,624,PILGRIM ST@VAUGHAN ST,3:00 PM
EMERSON ES/MS,624,PURITAN ST@HEYDEN ST,6:48 AM,624,PURITAN ST@HEYDEN ST,3:01 PM
EMERSON ES/MS,624,KEELER ST@FIELDING ST,6:54 AM,624,KEELER ST@FIELDING ST,3:11 PM
EMERSON ES/MS,624,FENKELL ST@BURGESS ST,7:00 AM,624,FENKELL ST@BURGESS ST,3:26 PM
EMERSON ES/MS,624,PILGRIM ST@TRINITY ST,7:04 AM,624,PILGRIM ST@TRINITY ST,2:54 PM
EMERSON ES/MS,625,CLARITA ST@HEYDEN ST,6:25 AM,625,CLARITA ST@HEYDEN ST,2:48 PM
EMERSON ES/MS,625,CLARITA ST@KENTFIELD ST,6:31 AM,625,CLARITA ST@KENTFIELD ST,2:52 PM
EMERSON ES/MS,625,W 7 MILE RD@STOUT ST,6:33 AM,625,W 7 MILE RD@STOUT ST,2:54 PM
EMERSON ES/MS,625,CLARITA ST@STOUT ST,6:36 AM,625,CLARITA ST@STOUT ST,2:55 PM
EMERSON ES/MS,625,PICKFORD ST@PIERSON ST,6:46 AM,625,PICKFORD ST@PIERSON ST,3:03 PM
EMERSON ES/MS,625,CLARITA ST@PIERSON ST,6:49 AM,625,CLARITA ST@PIERSON ST,3:04 PM
EMERSON ES/MS,625,PICKFORD ST@TRINITY ST,6:55 AM,625,PICKFORD ST@TRINITY ST,3:09 PM
EMERSON ES/MS,625,KARL ST@WESTBROOK ST,7:00 AM,625,KARL ST@WESTBROOK ST,3:12 PM
EMERSON ES/MS,625,CLARITA ST@CHAPEL ST,7:03 AM,625,CLARITA ST@CHAPEL ST,3:14 PM
EMERSON ES/MS,626,HESSEL AVE@BURT RD,6:52 AM,626,HESSEL AVE@BURT RD,3:09 PM
EMERSON ES/MS,626,FIELDING ST@VASSAR AVE,7:02 AM,626,FIELDING ST@VASSAR AVE,2:53 PM
EMERSON ES/MS,627,SANTA CLARA@BENTLER ST,6:38 AM,627,SANTA CLARA@BENTLER ST,3:12 PM
EMERSON ES/MS,627,SANTA CLARA@TRINITY ST,6:41 AM,627,SANTA CLARA@TRINITY ST,3:07 PM
EMERSON ES/MS,627,SANTA CLARA@BRAILE ST,6:44 AM,627,SANTA CLARA@BRAILE ST,3:04 PM
EMERSON ES/MS,627,SANTA MARIA ST@PATTON ST,6:48 AM,627,SANTA MARIA ST@PATTON ST,3:02 PM
EMERSON ES/MS,627,SANTA MARIA ST@FIELDING ST,6:50 AM,627,SANTA MARIA ST@FIELDING ST,2:59 PM
EMERSON ES/MS,627,VERNE ST@VAUGHAN ST,6:58 AM,627,VERNE ST@VAUGHAN ST,2:56 PM
EMERSON ES/MS,627,SANTA MARIA ST@VAUGHAN ST,7:01 AM,627,SANTA MARIA ST@VAUGHAN ST,2:53 PM
EMERSON ES/MS,627,HEYDEN ST@GLENCO ST,7:07 AM,627,HEYDEN ST@GLENCO ST,2:49 PM
EMERSON ES/MS,628,CURTIS ST@GREENVIEW AVE,6:28 AM,628,CURTIS ST@GREENVIEW AVE,3:22 PM
EMERSON ES/MS,628,HUNTINGTON RD@MARGARETA ST,7:07 AM,628,HUNTINGTON RD@MARGARETA ST,2:52 PM
EMERSON ES/MS,646,FORRER ST@SANTA MARIA ST,6:42 AM,646,FORRER ST@SANTA MARIA ST,3:16 PM
EMERSON ES/MS,646,PICKFORD ST@ASHTON AVE,7:00 AM,646,PICKFORD ST@ASHTON AVE,2:53 PM
EMERSON ES/MS,646,ROSEMONT AVE @ MARGARETA ST,7:09 AM,646,ROSEMONT AVE @ MARGARETA ST,2:51 PM
EMERSON ES/MS,647,ARCHDALE ST@MIDLAND ST,6:59 AM,647,ARCHDALE ST@MIDLAND ST,3:03 PM
EMERSON ES/MS,647,PURITAN ST@ASHTON AVE@ASHTON RD,7:03 AM,647,PURITAN ST@ASHTON AVE@ASHTON RD,2:58 PM
EMERSON ES/MS,707,PEMBROKE AVE@WASHBURN ST,6:20 AM,707,PEMBROKE AVE@WASHBURN ST,3:31 PM
EMERSON ES/MS,707,VASSAR AVE@PREVOST ST,6:52 AM,707,VASSAR AVE@PREVOST ST,3:02 PM
EMERSON ES/MS,707,CAMBRIDGE AVE@ARCHDALE ST,7:08 AM,707,CAMBRIDGE AVE@ARCHDALE ST,2:51 PM
FISHER MAGNET ACADEMY,501,CADIEUX RD@MARNE ST,6:43 AM,501,CADIEUX RD@MARNE ST,3:19 PM
FISHER MAGNET ACADEMY,501,KING RICHARD ST@HARVARD RD,6:47 AM,501,KING RICHARD ST@HARVARD RD,3:16 PM
FISHER MAGNET ACADEMY,501,GRAYTON ST@BALFOUR RD,6:51 AM,501,GRAYTON ST@BALFOUR RD,3:09 PM
FISHER MAGNET ACADEMY,501,LAING ST@BRITAIN ST,7:03 AM,501,LAING ST@BRITAIN ST,3:02 PM
FISHER MAGNET ACADEMY,501,MORANG DR@LAING ST,7:05 AM,501,MORANG DR@LAING ST,3:00 PM
FISHER MAGNET ACADEMY,501,PAYTON ST@MORANG DR,7:08 AM,501,PAYTON ST@MORANG DR,2:57 PM
FISHER MAGNET ACADEMY,502,CADILLAC BLVD@MACK AVE,6:39 AM,502,CADILLAC BLVD@MACK AVE,3:32 PM
FISHER MAGNET ACADEMY,508,MORANG DR@EASTWOOD ST,7:10 AM,508,MORANG DR@EASTWOOD ST,2:55 PM
FISHER MAGNET ACADEMY,509,MCNICHOLS RD E@WESTPHALIA ST,7:04 AM,509,MCNICHOLS RD E@WESTPHALIA ST,3:01 PM
FISHER MAGNET ACADEMY,518,COLLINGHAM DR@CUSHING ST,6:56 AM,518,COLLINGHAM DR@CUSHING ST,3:12 PM
FISHER MAGNET ACADEMY,518,COLLINGHAM DR@SHAKESPEARE ST,6:57 AM,518,COLLINGHAM DR@SHAKESPEARE ST,3:10 PM
FISHER MAGNET ACADEMY,518,COLLINGHAM DR @ CORDELL ST,6:59 AM,518,COLLINGHAM DR @ CORDELL ST,3:07 PM
FISHER MAGNET ACADEMY,518,CARLISLE ST@BOULDER ST,7:04 AM,518,CARLISLE ST@BOULDER ST,3:02 PM
FISHER MAGNET ACADEMY,518,EDMORE DR@REDMOND ST,7:11 AM,518,EDMORE DR@REDMOND ST,2:59 PM
FISHER MAGNET ACADEMY,521,CORAM ST@QUEEN ST,6:52 AM,521,CORAM ST@QUEEN ST,2:59 PM
FISHER MAGNET ACADEMY,521,MADDELEIN ST@MONARCH ST,6:58 AM,521,MADDELEIN ST@MONARCH ST,3:01 PM
FISHER MAGNET ACADEMY,521,CORAM ST@GRATIOT AVE,7:03 AM,521,CORAM ST@GRATIOT AVE,3:07 PM
FISHER MAGNET ACADEMY,521,STATE FAIR ST E@MONARCH ST,7:05 AM,521,STATE FAIR ST E@MONARCH ST,3:09 PM
FISHER MAGNET ACADEMY,521,STATE FAIR ST E@QUEEN ST,7:07 AM,521,STATE FAIR ST E@QUEEN ST,3:10 PM
FISHER MAGNET ACADEMY,521,ROSSINI DR@QUEEN ST,7:10 AM,521,ROSSINI DR@QUEEN ST,3:14 PM
FISHER MAGNET ACADEMY,521,ROSSINI DR@BROCK ST,7:13 AM,521,ROSSINI DR@BROCK ST,3:18 PM
FISHER MAGNET ACADEMY,524,EDMORE DR @ CUSHING S,6:55 AM,524,EDMORE DR @ CUSHING S,3:12 PM
FISHER MAGNET ACADEMY,524,SHAKESPEARE ST@ROSSINI DR,7:00 AM,524,SHAKESPEARE ST@ROSSINI DR,3:16 PM
FISHER MAGNET ACADEMY,524,EASTBURN ST@CORDELL ST,7:03 AM,524,EASTBURN ST@CORDELL ST,3:06 PM
FISHER MAGNET ACADEMY,524,ROSSINI DR @ BOULDER ST,7:07 AM,524,ROSSINI DR @ BOULDER ST,3:04 PM
FISHER MAGNET ACADEMY,524,ROSSINI DR@REDMOND ST,7:09 AM,524,ROSSINI DR@REDMOND ST,3:00 PM
FISHER MAGNET ACADEMY,524,FAIRMOUNT DR@REX ST,7:12 AM,524,FAIRMOUNT DR@REX ST,3:02 PM
FISHER MAGNET ACADEMY,525,MCCORMICK ST@BALFOUR RD,6:46 AM,525,MCCORMICK ST@BALFOUR RD,3:07 PM
FISHER MAGNET ACADEMY,525,BEACONSFIELD ST@MCCORMICK ST,6:47 AM,525,BEACONSFIELD ST@MCCORMICK ST,3:09 PM
FISHER MAGNET ACADEMY,525,MOROSS RD@WAYBURN ST,6:53 AM,525,MOROSS RD@WAYBURN ST,3:04 PM
FISHER MAGNET ACADEMY,525,LANSDOWNE ST@MCCORMICK ST,6:55 AM,525,LANSDOWNE ST@MCCORMICK ST,3:15 PM
FISHER MAGNET ACADEMY,525,RIAD ST@MCCORMICK ST,6:58 AM,525,RIAD ST@MCCORMICK ST,3:18 PM
FISHER MAGNET ACADEMY,525,RAID ST@WASHTENAW ST,7:00 AM,525,RAID ST@WASHTENAW ST,3:19 PM
FISHER MAGNET ACADEMY,525,DUCHESS ST@CASINO ST,7:03 AM,525,DUCHESS ST@CASINO ST,3:02 PM
FISHER MAGNET ACADEMY,525,PAYTON ST@CASINO ST,7:04 AM,525,PAYTON ST@CASINO ST,2:59 PM
FISHER MAGNET ACADEMY,525,MOROSS RD@PAYTON ST,7:06 AM,525,MOROSS RD@PAYTON ST,2:56 PM
FISHER MAGNET ACADEMY,526,TACOMA ST@CORDELL ST,7:01 AM,526,TACOMA ST@CORDELL ST,3:10 PM
FISHER MAGNET ACADEMY,526,NOVARA ST@CORDELL ST,7:05 AM,526,NOVARA ST@CORDELL ST,3:14 PM
FISHER MAGNET ACADEMY,526,BOULDER ST@MADDELEIN ST,7:07 AM,526,BOULDER ST@MADDELEIN ST,3:16 PM
FISHER MAGNET ACADEMY,526,MANNING ST@REDMOND ST,7:12 AM,526,MANNING ST@REDMOND ST,3:04 PM
FISHER MAGNET ACADEMY,529,SOMERSET AVE@CASINO ST,6:47 AM,529,SOMERSET AVE@CASINO ST,3:17 PM
FISHER MAGNET ACADEMY,529,SOMERSET AVE@BRITAIN ST,6:52 AM,529,SOMERSET AVE@BRITAIN ST,3:20 PM
FISHER MAGNET ACADEMY,529,BEACONSFIELD ST@CASINO ST,6:58 AM,529,BEACONSFIELD ST@CASINO ST,3:13 PM
FISHER MAGNET ACADEMY,529,ROSSITER ST@CASINO ST,7:00 AM,529,ROSSITER ST@CASINO ST,3:12 PM
FISHER MAGNET ACADEMY,529,LANSDOWNE ST@CASINO ST,7:01 AM,529,LANSDOWNE ST@CASINO ST,3:08 PM
FISHER MAGNET ACADEMY,529,WAYBURN ST @ MORANG DR,7:03 AM,529,WAYBURN ST @ MORANG DR,3:06 PM
FISHER MAGNET ACADEMY,529,WAYBURN ST@BRITAIN ST,7:07 AM,529,WAYBURN ST@BRITAIN ST,3:05 PM
FISHER MAGNET ACADEMY,530,MORANG DR@CAMLEY ST,6:59 AM,530,MORANG DR@CAMLEY ST,3:05 PM
FISHER MAGNET ACADEMY,530,PEERLESS ST@CASINO ST,7:03 AM,530,PEERLESS ST@CASINO ST,3:00 PM
FISHER MAGNET ACADEMY,530,CASINO ST@MCKINNEY ST,7:09 AM,530,CASINO ST@MCKINNEY ST,2:59 PM
FISHER MAGNET ACADEMY,534,EASTWOOD ST@REX ST,6:50 AM,534,EASTWOOD ST@REX ST,3:17 PM
FISHER MAGNET ACADEMY,534,KELLY RD@MOROSS RD,6:52 AM,534,KELLY RD@MOROSS RD,3:19 PM
FISHER MAGNET ACADEMY,534,KELLY RD@LINNHURST ST,6:54 AM,534,KELLY RD@LINNHURST ST,3:15 PM
FISHER MAGNET ACADEMY,534,FAIRCREST ST@BROCK ST,6:59 AM,534,FAIRCREST ST@BROCK ST,3:11 PM
FISHER MAGNET ACADEMY,534,SARATOGA ST@MACCRARY ST,7:01 AM,534,SARATOGA ST@MACCRARY ST,3:08 PM
FISHER MAGNET ACADEMY,534,SARATOGA ST@CELESTINE ST,7:02 AM,534,SARATOGA ST@CELESTINE ST,3:03 PM
FISHER MAGNET ACADEMY,534,LINNHURST ST@PEORIA ST,7:08 AM,534,LINNHURST ST@PEORIA ST,3:06 PM
FISHER MAGNET ACADEMY,534,GRATIOT AVE@FORDHAM ST,7:10 AM,534,GRATIOT AVE@FORDHAM ST,2:57 PM
FISHER MAGNET ACADEMY,541,MANNING ST@FAIRPORT ST,6:34 AM,541,MANNING ST@FAIRPORT ST,3:19 PM
FISHER MAGNET ACADEMY,541,FAIRMOUNT DR@HOYT ST,6:50 AM,541,FAIRMOUNT DR@HOYT ST,3:09 PM
FISHER MAGNET ACADEMY,541,STATE FAIR ST E@REGENT DR,7:00 AM,541,STATE FAIR ST E@REGENT DR,3:02 PM
FISHER MAGNET ACADEMY,541,GRATIOT AVE@STATE FAIR ST E,7:03 AM,541,GRATIOT AVE@STATE FAIR ST E,3:01 PM
FISHER MAGNET ACADEMY,541,BRINGARD DR@QUEEN ST,7:06 AM,541,BRINGARD DR@QUEEN ST,2:56 PM
FISHER MAGNET ACADEMY,541,EDMORE DR@HAYES ST,7:09 AM,541,EDMORE DR@HAYES ST,2:58 PM
FISHER MAGNET ACADEMY,541,EDMORE DR@CRUSADE ST,7:13 AM,541,EDMORE DR@CRUSADE ST,2:53 PM
FISHER MAGNET ACADEMY,541,CRUSADE ST@BRINGARD DR,7:15 AM,541,CRUSADE ST@BRINGARD DR,2:52 PM
FISHER MAGNET ACADEMY,3005,ROSEMARY ST@NEWPORT ST,6:33 AM,3005,ROSEMARY ST@NEWPORT ST,3:15 PM
FISHER MAGNET ACADEMY,3005,DUCHESS ST@COURVILLE ST,7:00 AM,3005,DUCHESS ST@COURVILLE ST,3:01 PM
FISHER MAGNET ACADEMY,3015,LAPPIN ST@WALTHAM ST,6:43 AM,3015,LAPPIN ST@WALTHAM ST,3:13 PM
FISHER MAGNET ACADEMY,3015,PINEWOOD ST@BARLOW ST,6:45 AM,3015,PINEWOOD ST@BARLOW ST,3:15 PM
FISHER MAGNET ACADEMY,3015,LAPPIN ST@JOANN ST,6:49 AM,3015,LAPPIN ST@JOANN ST,3:07 PM
FISHER MAGNET ACADEMY,3015,LINNHURST ST@JOANN ST,7:00 AM,3015,LINNHURST ST@JOANN ST,3:02 PM
FISHER MAGNET ACADEMY,3016,FRANKFORT ST@BERKSHIRE ST,6:51 AM,3016,FRANKFORT ST@BERKSHIRE ST,3:11 PM
FISHER MAGNET ACADEMY,3016,BEACONSFIELD ST@HAVERHILL ST,7:05 AM,3016,BEACONSFIELD ST@HAVERHILL ST,3:00 PM
GARDNER ES,602,MAJESTIC ST@GRANDMONT AVE,8:00 AM,602,MAJESTIC ST@GRANDMONT AVE,3:55 PM
GARDNER ES,602,MAJESTIC ST@CLAYBURN ST,8:01 AM,602,MAJESTIC ST@CLAYBURN ST,3:57 PM
GARDNER ES,602,MAJESTIC ST@RUTLAND,8:03 AM,602,MAJESTIC ST@RUTLAND,3:58 PM
GARDNER ES,602,DIVERSEY ST@LONGACRE ST,8:06 AM,602,DIVERSEY ST@LONGACRE ST,4:03 PM
GARDNER ES,602,RUTLAND ST@ DIVERSEY,8:08 AM,602,RUTLAND ST@ DIVERSEY,4:04 PM
GARDNER ES,602,DIVERSEY ST@MANSFIELD ST,8:12 AM,602,DIVERSEY ST@MANSFIELD ST,3:51 PM
GARDNER ES,602,MAJESTIC ST@WINTHROP ST,8:15 AM,602,MAJESTIC ST@WINTHROP ST,3:49 PM
GARDNER ES,608,ASHTON AVE@SAWYER ST,7:49 AM,608,ASHTON AVE@SAWYER ST,4:05 PM
GARDNER ES,608,SAWYER ST@FAUST AVE,7:50 AM,608,SAWYER ST@FAUST AVE,4:07 PM
GARDNER ES,608,W WARREN AVE@RUTLAND ST,7:53 AM,608,W WARREN AVE@RUTLAND ST,4:01 PM
GARDNER ES,608,WHITLOCK ST@WOODMONT AVE,7:57 AM,608,WHITLOCK ST@WOODMONT AVE,3:50 PM
GARDNER ES,608,WHITLOCK ST@RUTLAND ST,7:58 AM,608,WHITLOCK ST@RUTLAND ST,3:52 PM
GARDNER ES,608,PAUL ST@RUTLAND ST,8:00 AM,608,PAUL ST@RUTLAND ST,3:54 PM
GARDNER ES,608,PAUL ST@ARCHDALE ST,8:02 AM,608,PAUL ST@ARCHDALE ST,3:55 PM
GARDNER ES,608,WHITLOCK ST@ARCHDALE ST,8:05 AM,608,WHITLOCK ST@ARCHDALE ST,3:58 PM
GOLIGHTLY ED ES/MS,201,WOODLAND ST@BRUSH ST,6:41 AM,201,WOODLAND ST@BRUSH ST,3:25 PM
GOLIGHTLY ED ES/MS,201,BRUSH ST@HARMON ST,6:42 AM,201,BRUSH ST@HARMON ST,3:21 PM
GOLIGHTLY ED ES/MS,201,ARDEN PARK BLVD@BRUSH ST,6:44 AM,201,ARDEN PARK BLVD@BRUSH ST,3:15 PM
GOLIGHTLY ED ES/MS,201,OAKLAND ST@WESTMINSTER ST,6:46 AM,201,OAKLAND ST@WESTMINSTER ST,3:17 PM
GOLIGHTLY ED ES/MS,201,WESTMINSTER ST@DELMAR ST,6:49 AM,201,WESTMINSTER ST@DELMAR ST,3:18 PM
GOLIGHTLY ED ES/MS,201,BRUSH ST@OWEN ST,6:51 AM,201,BRUSH ST@OWEN ST,3:05 PM
GOLIGHTLY ED ES/MS,201,LEICESTER CT@JOHN R ST,6:54 AM,201,LEICESTER CT@JOHN R ST,3:10 PM
GOLIGHTLY ED ES/MS,201,JOHN R ST@JOSEPHINE ST,6:55 AM,201,JOHN R ST@JOSEPHINE ST,3:07 PM
GOLIGHTLY ED ES/MS,201,HOLBROOK ST@BEAUBIEN ST,6:56 AM,201,HOLBROOK ST@BEAUBIEN ST,3:04 PM
GOLIGHTLY ED ES/MS,201,OAKLAND ST@ALGER ST,6:58 AM,201,OAKLAND ST@ALGER ST,3:02 PM
GOLIGHTLY ED ES/MS,201,HAGUE ST@OAKLAND ST,7:00 AM,201,HAGUE ST@OAKLAND ST,3:01 PM
GOLIGHTLY ED ES/MS,201,MT VERNON ST@KINGSLEY CT,7:02 AM,201,MT VERNON ST@KINGSLEY CT,2:59 PM
GOLIGHTLY ED ES/MS,201,BEAUBIEN ST@MT VERNON ST,7:04 AM,201,BEAUBIEN ST@MT VERNON ST,2:57 PM
GOLIGHTLY ED ES/MS,201,MARSTON ST@JOHN R ST,7:06 AM,201,MARSTON ST@JOHN R ST,2:54 PM
GOLIGHTLY ED ES/MS,201,MELROSE ST@CLAY ST,7:08 AM,201,MELROSE ST@CLAY ST,2:52 PM
GOLIGHTLY ED ES/MS,201,HARPER AVE@BEAUBIEN ST,7:12 AM,201,HARPER AVE@BEAUBIEN ST,2:48 PM
GOLIGHTLY ED ES/MS,203,MEDBURY ST@ELLERY ST,6:52 AM,203,MEDBURY ST@ELLERY ST,3:04 PM
GOLIGHTLY ED ES/MS,203,MT ELLIOTT ST@FREDERICK ST,6:54 AM,203,MT ELLIOTT ST@FREDERICK ST,3:01 PM
GOLIGHTLY ED ES/MS,203,MEDBURY ST@E GRAND BLVD,6:58 AM,203,MEDBURY ST@E GRAND BLVD,3:07 PM
GOLIGHTLY ED ES/MS,203,CANFIELD ST E@ST AUBIN ST,7:04 AM,203,CANFIELD ST E@ST AUBIN ST,2:55 PM
GOLIGHTLY ED ES/MS,203,CANFIELD ST E@ST ANTOINE ST,7:11 AM,203,CANFIELD ST E@ST ANTOINE ST,2:50 PM
GOMPERS ES/MS,610,DOLSON ST@LAHSER RD,6:46 AM,610,DOLSON ST@LAHSER RD,2:51 PM
GOMPERS ES/MS,610,GLENDALE ST@GRAYFIELD ST,6:52 AM,610,GLENDALE ST@GRAYFIELD ST,2:57 PM
GOMPERS ES/MS,610,GLENDALE ST@RIVERDALE AVE,6:53 AM,610,GLENDALE ST@RIVERDALE AVE,2:58 PM
GOMPERS ES/MS,610,GLENDALE ST@APPLETON ST,6:56 AM,610,GLENDALE ST@APPLETON ST,3:01 PM
GOMPERS ES/MS,610,GLENDALE ST@DALE ST,6:58 AM,610,GLENDALE ST@DALE ST,3:02 PM
GOMPERS ES/MS,610,SCHOOLCRAFT@RIVERVIEW ST,7:00 AM,610,SCHOOLCRAFT@RIVERVIEW ST,3:04 PM
GOMPERS ES/MS,610,RIVERVIEW ST@DALE ST,7:05 AM,610,RIVERVIEW ST@DALE ST,3:08 PM
GOMPERS ES/MS,633,FENKELL ST@PLAINVIEW AVE,6:49 AM,633,FENKELL ST@PLAINVIEW AVE,3:10 PM
GOMPERS ES/MS,633,MIDLAND ST@PLAINVIEW AVE,6:50 AM,633,MIDLAND ST@PLAINVIEW AVE,3:11 PM
GOMPERS ES/MS,633,EVERGREEN RD@MIDLAND ST,6:52 AM,633,EVERGREEN RD@MIDLAND ST,3:07 PM
GOMPERS ES/MS,633,FENKELL ST@EVERGREEN RD,6:54 AM,633,FENKELL ST@EVERGREEN RD,3:08 PM
GOMPERS ES/MS,633,W OUTER DR@EVERGREEN RD,6:56 AM,633,W OUTER DR@EVERGREEN RD,2:51 PM
GOMPERS ES/MS,633,FENKELL ST@VAUGHAN ST,6:57 AM,633,FENKELL ST@VAUGHAN ST,2:49 PM
GOMPERS ES/MS,633,W OUTER DR@HEYDEN ST,6:59 AM,633,W OUTER DR@HEYDEN ST,2:53 PM
GOMPERS ES/MS,633,FENKELL ST@FIELDING ST,7:01 AM,633,FENKELL ST@FIELDING ST,2:55 PM
GOMPERS ES/MS,633,MIDLAND ST@PATTON ST,7:04 AM,633,MIDLAND ST@PATTON ST,3:04 PM
GOMPERS ES/MS,633,BURT RD@FLORENCE ST,7:07 AM,633,BURT RD@FLORENCE ST,3:00 PM
GOMPERS ES/MS,633,PILGRIM ST@BURT RD,7:09 AM,633,PILGRIM ST@BURT RD,2:58 PM
GOMPERS ES/MS,633,KEELER ST@BURT RD,7:11 AM,633,KEELER ST@BURT RD,2:57 PM
GOMPERS ES/MS,635,TYLER ST@LAUDER ST,6:32 AM,635,TYLER ST@LAUDER ST,3:27 PM
GOMPERS ES/MS,635,CHALFONTE ST@ROSEMONT AVE,6:45 AM,635,CHALFONTE ST@ROSEMONT AVE,3:06 PM
GOMPERS ES/MS,635,EATON ST@GLASTONBURY AVE,6:48 AM,635,EATON ST@GLASTONBURY AVE,2:58 PM
GOMPERS ES/MS,635,EATON ST@ARTESIAN ST,6:49 AM,635,EATON ST@ARTESIAN ST,2:55 PM
GOMPERS ES/MS,635,SCHOOLCRAFT@ASHTON RD,6:55 AM,635,SCHOOLCRAFT@ASHTON RD,3:10 PM
GOMPERS ES/MS,635,SCHOOLCRAFT@ROSEMONT AVE,6:56 AM,635,SCHOOLCRAFT@ROSEMONT AVE,3:11 PM
GOMPERS ES/MS,635,W DAVISON@PENROD ST,6:58 AM,635,W DAVISON@PENROD ST,3:19 PM
GOMPERS ES/MS,635,SCHOOLCRAFT@GREENVIEW RD,7:00 AM,635,SCHOOLCRAFT@GREENVIEW RD,3:13 PM
GOMPERS ES/MS,635,W DAVISON@GLASTONBURY AVE,7:01 AM,635,W DAVISON@GLASTONBURY AVE,3:17 PM
GOMPERS ES/MS,635,W DAVISON@WESTWOOD ST,7:04 AM,635,W DAVISON@WESTWOOD ST,3:15 PM
GOMPERS ES/MS,635,PIEDMONT ST@ACACIA ST,7:08 AM,635,PIEDMONT ST@ACACIA ST,2:52 PM
GOMPERS ES/MS,635,LYNDON ST@GRANDVILLE AVE,7:10 AM,635,LYNDON ST@GRANDVILLE AVE,2:49 PM
GOMPERS ES/MS,640,TELEGRAPH RD@FENKELL ST,6:31 AM,640,TELEGRAPH RD@FENKELL ST,3:26 PM
GOMPERS ES/MS,640,WOODBINE ST@GROVE ST,6:34 AM,640,WOODBINE ST@GROVE ST,3:23 PM
GOMPERS ES/MS,640,FIVE POINTS ST @SANTA MARIA ST,6:38 AM,640,FIVE POINTS ST @SANTA MARIA ST,3:20 PM
GOMPERS ES/MS,640,CURTIS ST@LENORE,6:41 AM,640,CURTIS ST@LENORE,3:17 PM
GOMPERS ES/MS,640,W PARKWAY ST@VERNE ST,6:46 AM,640,W PARKWAY ST@VERNE ST,3:12 PM
GOMPERS ES/MS,640,PILGRIM ST@DACOSTA ST,6:50 AM,640,PILGRIM ST@DACOSTA ST,3:04 PM
GOMPERS ES/MS,640,MIDLAND ST@BRAMELL ST,6:55 AM,640,MIDLAND ST@BRAMELL ST,3:09 PM
GOMPERS ES/MS,640,MIDLAND ST@GREYDALE ST,6:57 AM,640,MIDLAND ST@GREYDALE ST,2:55 PM
GOMPERS ES/MS,640,FLORENCE ST@BENTLER ST,7:00 AM,640,FLORENCE ST@BENTLER ST,3:00 PM
GOMPERS ES/MS,640,KEELER ST@BENTLER ST,7:03 AM,640,KEELER ST@BENTLER ST,2:57 PM
GOMPERS ES/MS,640,FENKELL ST@BURGESS ST,7:05 AM,640,FENKELL ST@BURGESS ST,2:52 PM
GOMPERS ES/MS,640,KEELER ST@GREYDALE ST,7:07 AM,640,KEELER ST@GREYDALE ST,2:53 PM
GOMPERS ES/MS,640,CHALFONTE ST@DACOSTA ST,7:10 AM,640,CHALFONTE ST@DACOSTA ST,2:49 PM
GOMPERS ES/MS,665,ORANGELAWN ST@PIERSON ST,6:46 AM,665,ORANGELAWN ST@PIERSON ST,3:05 PM
GOMPERS ES/MS,665,EVERGREEN AVE@ELMIRA ST,6:54 AM,665,EVERGREEN AVE@ELMIRA ST,3:10 PM
GOMPERS ES/MS,665,PLYMOUTH RD@MINOCK ST,6:57 AM,665,PLYMOUTH RD@MINOCK ST,3:13 PM
GOMPERS ES/MS,665,HEYDEN ST@WADSWORTH ST,6:59 AM,665,HEYDEN ST@WADSWORTH ST,3:01 PM
GOMPERS ES/MS,665,CAPITOL ST@BRAILE ST,7:02 AM,665,CAPITOL ST@BRAILE ST,2:58 PM
GOMPERS ES/MS,665,BRAILE ST@GLENDALE ST,7:05 AM,665,BRAILE ST@GLENDALE ST,2:55 PM
GOMPERS ES/MS,665,GLENDALE ST@KENTFIELD ST,7:08 AM,665,GLENDALE ST@KENTFIELD ST,2:52 PM
GOMPERS ES/MS,665,BURT RD@W DAVISON,7:11 AM,665,BURT RD@W DAVISON,2:49 PM
GOMPERS ES/MS,695,EATON ST@BRAMELL ST,6:44 AM,695,EATON ST@BRAMELL ST,3:06 PM
GOMPERS ES/MS,695,LYNDON ST@LAMPHERE ST,6:47 AM,695,LYNDON ST@LAMPHERE ST,3:09 PM
GOMPERS ES/MS,695,ROCKDALE ST@LYNDON ST,6:49 AM,695,ROCKDALE ST@LYNDON ST,3:10 PM
GOMPERS ES/MS,695,DACOSTA ST@KENDALL ST,6:52 AM,695,DACOSTA ST@KENDALL ST,2:59 PM
GOMPERS ES/MS,695,BRAMELL ST@KENDALL ST,6:54 AM,695,BRAMELL ST@KENDALL ST,3:01 PM
GOMPERS ES/MS,695,KANE ST N@RAY ST,7:00 AM,695,KANE ST N@RAY ST,3:03 PM
GOMPERS ES/MS,695,W OUTER DR@KENDALL ST,7:03 AM,695,W OUTER DR@KENDALL ST,2:57 PM
GOMPERS ES/MS,695,KENDALL ST@BURGESS ST,7:05 AM,695,KENDALL ST@BURGESS ST,2:54 PM
GOMPERS ES/MS,695,LYNDON ST@WESTBROOK ST,7:12 AM,695,LYNDON ST@WESTBROOK ST,2:48 PM
GOMPERS ES/MS,714,KENDALL ST@PLAINVIEW AVE,6:54 AM,714,KENDALL ST@PLAINVIEW AVE,3:00 PM
GOMPERS ES/MS,714,GRANDVILLE AVE@KENDALL ST,6:56 AM,714,GRANDVILLE AVE@KENDALL ST,3:02 PM
GOMPERS ES/MS,714,LYNDON ST@AUBURN ST,6:58 AM,714,LYNDON ST@AUBURN ST,3:05 PM
GOMPERS ES/MS,714,EVERGREEN RD@LYNDON ST,7:00 AM,714,EVERGREEN RD@LYNDON ST,3:06 PM
GOMPERS ES/MS,714,EVERGREEN RD@ACACIA ST,7:01 AM,714,EVERGREEN RD@ACACIA ST,2:56 PM
GOMPERS ES/MS,714,SCHOOLCRAFT@VAUGHAN ST,7:05 AM,714,SCHOOLCRAFT@VAUGHAN ST,2:58 PM
GOMPERS ES/MS,714,KENTFIELD ST@CRESCENT DR,7:08 AM,714,KENTFIELD ST@CRESCENT DR,2:49 PM
GOMPERS ES/MS,714,EATON ST@FIELDING ST,7:10 AM,714,EATON ST@FIELDING ST,2:52 PM
GOMPERS ES/MS,714,EATON ST@BRAILE ST,7:12 AM,714,EATON ST@BRAILE ST,2:53 PM
HAMILTON ES/MS,514,CANFIELD ST E@DICKERSON ST,7:55 AM,514,CANFIELD ST E@DICKERSON ST,4:08 PM
HAMILTON ES/MS,514,CANFIELD ST E@GRAY ST,7:57 AM,514,CANFIELD ST E@GRAY ST,4:07 PM
HAMILTON ES/MS,514,FOREST AVE E@ANDERDON ST,8:00 AM,514,FOREST AVE E@ANDERDON ST,4:05 PM
HAMILTON ES/MS,514,STRINGHAM CT@BANNEKER CT,8:03 AM,514,STRINGHAM CT@BANNEKER CT,4:00 PM
HAMILTON ES/MS,514,STRINGHAM CT@DREW CT,8:05 AM,514,STRINGHAM CT@DREW CT,4:01 PM
HAMILTON ES/MS,514,HERN ST@LEIDICH ST,8:08 AM,514,HERN ST@LEIDICH ST,3:57 PM
HAMILTON ES/MS,514,NORCROSS ST@HERN ST,8:10 AM,514,NORCROSS ST@HERN ST,3:55 PM
HAMILTON ES/MS,517,ASHLAND ST @ FOREST AVE E,8:08 AM,517,ASHLAND ST @ FOREST AVE E,3:49 PM
HAMILTON ES/MS,517,ALTER RD@WAVENEY ST,8:10 AM,517,ALTER RD@WAVENEY ST,3:51 PM
HAMILTON ES/MS,517,WAVENEY ST@CHALMERS ST,8:11 AM,517,WAVENEY ST@CHALMERS ST,3:53 PM
HAMILTON ES/MS,517,FOREST AVE E@LAKEWOOD ST,8:14 AM,517,FOREST AVE E@LAKEWOOD ST,3:55 PM
HAMILTON ES/MS,517,FOREST AVE E@LAKEVIEW ST,8:15 AM,517,FOREST AVE E@LAKEVIEW ST,3:56 PM
HAMILTON ES/MS,517,FOREST AVE E@COPLIN ST,8:16 AM,517,FOREST AVE E@COPLIN ST,3:58 PM
HARMS ES,702,WOODMERE ST@RICHARD ST,7:05 AM,702,WOODMERE ST@RICHARD ST,2:51 PM
HARMS ES,702,WOODMERE ST@SHARON ST,7:07 AM,702,WOODMERE ST@SHARON ST,2:50 PM
HARMS ES,702,PITT ST@PEARL ST,7:11 AM,702,PITT ST@PEARL ST,2:48 PM
HENDERSON ES/MS,216,DIVERSEY ST@MANSFIELD ST,8:36 AM,216,DIVERSEY ST@MANSFIELD ST,4:34 PM
HENDERSON ES/MS,216,MAJESTIC ST@RUTHERFORD ST,8:41 AM,216,MAJESTIC ST@RUTHERFORD ST,4:33 PM
HENDERSON ES/MS,216,MAJESTIC ST@WINTHROP ST,8:44 AM,216,MAJESTIC ST@WINTHROP ST,4:30 PM
HENDERSON ES/MS,237,WASHBURN ST@FULLERTON ST,8:26 AM,237,WASHBURN ST@FULLERTON ST,4:46 PM
HENDERSON ES/MS,237,CHEYENNE ST@CAPITOL ST,8:40 AM,237,CHEYENNE ST@CAPITOL ST,4:25 PM
HENDERSON ES/MS,240,WHITLOCK ST@FORRER ST,7:54 AM,240,WHITLOCK ST@FORRER ST,4:22 PM
HENDERSON ES/MS,240,PAUL ST@RUTHERFORD ST,7:57 AM,240,PAUL ST@RUTHERFORD ST,4:24 PM
HENDERSON ES/MS,240,W WARREN AVE@METTETAL ST,8:05 AM,240,W WARREN AVE@METTETAL ST,4:30 PM
HENDERSON ES/MS,240,PAUL ST@METTETAL ST,8:10 AM,240,PAUL ST@METTETAL ST,4:35 PM
HENDERSON ES/MS,240,WHITLOCK ST@WOODMONT AVE,8:14 AM,240,WHITLOCK ST@WOODMONT AVE,4:37 PM
HENDERSON ES/MS,240,WHITLOCK ST@GRANDMONT AVE,8:20 AM,240,WHITLOCK ST@GRANDMONT AVE,4:41 PM
HENDERSON ES/MS,240,PAUL ST@RUTLAND ST,8:23 AM,240,PAUL ST@RUTLAND ST,4:43 PM
HENDERSON ES/MS,240,WHITLOCK ST@ARCHDALE ST,8:30 AM,240,WHITLOCK ST@ARCHDALE ST,4:50 PM
HENDERSON ES/MS,240,WHITLOCK ST@LONGACRE ST,8:34 AM,240,WHITLOCK ST@LONGACRE ST,4:48 PM
HENDERSON ES/MS,410,PLYMOUTH RD@HUBBELL ST,8:15 AM,410,PLYMOUTH RD@HUBBELL ST,4:53 PM
HENDERSON ES/MS,410,ORANGELAWN ST@MARK TWAIN ST,8:17 AM,410,ORANGELAWN ST@MARK TWAIN ST,4:47 PM
HENDERSON ES/MS,410,ELMIRA ST@STRATHMOOR ST,8:19 AM,410,ELMIRA ST@STRATHMOOR ST,4:51 PM
HENDERSON ES/MS,410,MARLOWE ST@ORANGELAWN ST,8:24 AM,410,MARLOWE ST@ORANGELAWN ST,4:42 PM
HENDERSON ES/MS,410,ELMIRA ST@MARLOWE ST,8:27 AM,410,ELMIRA ST@MARLOWE ST,4:44 PM
HENDERSON ES/MS,410,ORANGELAWN ST@TERRY ST,8:31 AM,410,ORANGELAWN ST@TERRY ST,4:35 PM
HENDERSON ES/MS,410,ORANGELAWN ST@COYLE ST,8:34 AM,410,ORANGELAWN ST@COYLE ST,4:33 PM
HENDERSON ES/MS,410,ORANGELAWN ST@PREST ST,8:42 AM,410,ORANGELAWN ST@PREST ST,4:21 PM
HENDERSON ES/MS,606,ELMIRA ST@ROSEMONT AVE,8:07 AM,606,ELMIRA ST@ROSEMONT AVE,4:26 PM
HENDERSON ES/MS,606,MINOCK ST@WESTFIELD ST,8:17 AM,606,MINOCK ST@WESTFIELD ST,4:52 PM
HENDERSON ES/MS,606,WARWICK ST@WESTFIELD ST,8:18 AM,606,WARWICK ST@WESTFIELD ST,4:48 PM
HENDERSON ES/MS,606,W CHICAGO ST@GREENVIEW AVE,8:26 AM,606,W CHICAGO ST@GREENVIEW AVE,4:35 PM
HENDERSON ES/MS,606,FITZPATRICK CT@FAUST AVE,8:31 AM,606,FITZPATRICK CT@FAUST AVE,4:32 PM
HENDERSON ES/MS,606,W CHICAGO ST@PENROD ST,8:36 AM,606,W CHICAGO ST@PENROD ST,4:37 PM
HENDERSON ES/MS,606,LONGACRE ST@ELMIRA ST,8:43 AM,606,LONGACRE ST@ELMIRA ST,4:21 PM
HENDERSON ES/MS,606,W CHICAGO ST@RUTLAND ST,8:47 AM,606,W CHICAGO ST@RUTLAND ST,4:19 PM
HENDERSON ES/MS,632,ELLIS ST@PINEHURST ST,8:30 AM,632,ELLIS ST@PINEHURST ST,4:40 PM
HENDERSON ES/MS,632,W CHICAGO ST@APPOLINE ST,8:33 AM,632,W CHICAGO ST@APPOLINE ST,4:37 PM
HENDERSON ES/MS,632,W CHICAGO ST@MARLOWE ST,8:41 AM,632,W CHICAGO ST@MARLOWE ST,4:23 PM
HENDERSON ES/MS,632,WESTFIELD ST@TERRY ST,8:44 AM,632,WESTFIELD ST@TERRY ST,4:21 PM
HENDERSON ES/MS,632,W CHICAGO ST@WHITCOMB ST,8:46 AM,632,W CHICAGO ST@WHITCOMB ST,4:19 PM
HENDERSON ES/MS,635,JOY RD@LONGACRE ST,8:04 AM,635,JOY RD@LONGACRE ST,4:55 PM
HENDERSON ES/MS,635,JOY RD@GRANDMONT AVE,8:09 AM,635,JOY RD@GRANDMONT AVE,4:50 PM
HENDERSON ES/MS,635,ABINGTON AVE@BELTON AVE,8:15 AM,635,ABINGTON AVE@BELTON AVE,4:46 PM
HENDERSON ES/MS,635,CONSTANCE ST@METTETAL ST,8:19 AM,635,CONSTANCE ST@METTETAL ST,4:43 PM
HENDERSON ES/MS,635,GREENFIELD RD@MACKENZIE ST,8:25 AM,635,GREENFIELD RD@MACKENZIE ST,4:35 PM
HENDERSON ES/MS,635,BELTON ST@TERRY ST,8:28 AM,635,BELTON ST@TERRY ST,4:33 PM
HENDERSON ES/MS,635,ELLIS ST@TERRY ST,8:35 AM,635,ELLIS ST@TERRY ST,4:29 PM
HENDERSON ES/MS,635,ELLIS ST@MONTROSE ST,8:38 AM,635,ELLIS ST@MONTROSE ST,4:24 PM
HENDERSON ES/MS,635,JOY RD@PREVOST ST,8:41 AM,635,JOY RD@PREVOST ST,4:22 PM
HENDERSON ES/MS,635,METTETAL ST@ELLIS ST,8:44 AM,635,METTETAL ST@ELLIS ST,4:18 PM
HENDERSON ES/MS,667,GLASTONBURY AVE@WEAVER ST,8:18 AM,667,GLASTONBURY AVE@WEAVER ST,4:49 PM
HENDERSON ES/MS,667,WADSWORTH ST@FAUST AVE,8:22 AM,667,WADSWORTH ST@FAUST AVE,4:48 PM
HENDERSON ES/MS,667,PLYMOUTH RD@PENROD ST,8:23 AM,667,PLYMOUTH RD@PENROD ST,4:44 PM
HENDERSON ES/MS,667,PLYMOUTH RD@ASHTON AVE,8:27 AM,667,PLYMOUTH RD@ASHTON AVE,4:39 PM
HENDERSON ES/MS,667,MEMORIAL ST@WADSWORTH ST,8:29 AM,667,MEMORIAL ST@WADSWORTH ST,4:37 PM
HENDERSON ES/MS,667,ASBURY PARK@WADSWORTH ST,8:33 AM,667,ASBURY PARK@WADSWORTH ST,4:33 PM
HENDERSON ES/MS,667,MANSFIELD ST@WADSWORTH ST,8:34 AM,667,MANSFIELD ST@WADSWORTH ST,4:32 PM
HENDERSON ES/MS,667,CAPITOL ST@MONTROSE ST,8:37 AM,667,CAPITOL ST@MONTROSE ST,4:29 PM
HENDERSON ES/MS,667,WHITCOMB ST@WADSWORTH ST,8:39 AM,667,WHITCOMB ST@WADSWORTH ST,4:26 PM
HENDERSON ES/MS,667,ROBSON ST @ WADSWORTH ST,8:40 AM,667,ROBSON ST @ WADSWORTH ST,4:25 PM
HENDERSON ES/MS,667,LAUDER ST@WADSWORTH ST,8:42 AM,667,LAUDER ST@WADSWORTH ST,4:23 PM
HENDERSON ES/MS,667,ELMIRA ST@WINTHROP ST,8:45 AM,667,ELMIRA ST@WINTHROP ST,4:20 PM
HENDERSON ES/MS,667,ELMIRA ST@METTETAL ST,8:47 AM,667,ELMIRA ST@METTETAL ST,4:18 PM
HENDERSON ES/MS,693,CONSTANCE ST@STOUT ST,8:11 AM,693,CONSTANCE ST@STOUT ST,4:50 PM
HENDERSON ES/MS,693,SAWYER ST@PENROD ST,8:38 AM,693,SAWYER ST@PENROD ST,4:29 PM
HENDERSON ES/MS,693,ASHTON AVE@SAWYER ST,8:40 AM,693,ASHTON AVE@SAWYER ST,4:24 PM
HENDERSON ES/MS,4606,PINEHURST ST@CHALFONTE ST,8:25 AM,4606,PINEHURST ST@CHALFONTE ST,4:37 PM
HENDERSON ES/MS,4611,RUTLAND ST@DIVERSEY ST,8:05 AM,4611,RUTLAND ST@DIVERSEY ST,4:52 PM
HENDERSON ES/MS,4611,MAJESTIC ST@CLAYBURN ST,8:09 AM,4611,MAJESTIC ST@CLAYBURN ST,4:44 PM
HUTCHINSON ES/MS,234,MAXWELL ST@MOFFAT ST,6:32 AM,234,MAXWELL ST@MOFFAT ST,3:26 PM
HUTCHINSON ES/MS,234,MOFFAT ST@SENECA ST,6:34 AM,234,MOFFAT ST@SENECA ST,3:21 PM
HUTCHINSON ES/MS,234,CRANE ST@CHAPIN ST,6:39 AM,234,CRANE ST@CHAPIN ST,3:19 PM
HUTCHINSON ES/MS,234,BELVIDERE ST@CHAPIN ST,6:42 AM,234,BELVIDERE ST@CHAPIN ST,3:15 PM
HUTCHINSON ES/MS,234,MOFFAT ST@BELVIDERE ST,6:43 AM,234,MOFFAT ST@BELVIDERE ST,3:17 PM
HUTCHINSON ES/MS,234,MOFFAT ST@MCCLELLAN ST,6:45 AM,234,MOFFAT ST@MCCLELLAN ST,3:09 PM
HUTCHINSON ES/MS,234,MOFFAT ST@COOPER ST,6:46 AM,234,MOFFAT ST@COOPER ST,3:10 PM
HUTCHINSON ES/MS,234,COOPER ST@CAIRNEY ST,6:50 AM,234,COOPER ST@CAIRNEY ST,3:13 PM
HUTCHINSON ES/MS,234,CADILLAC AVE@SHOEMAKER ST,6:52 AM,234,CADILLAC AVE@SHOEMAKER ST,3:04 PM
HUTCHINSON ES/MS,234,CADILLAC AVE@CHAPIN ST,6:54 AM,234,CADILLAC AVE@CHAPIN ST,3:05 PM
HUTCHINSON ES/MS,234,CADILLAC AVE@MOFFAT ST,6:55 AM,234,CADILLAC AVE@MOFFAT ST,3:07 PM
HUTCHINSON ES/MS,234,SHOEMAKER ST@HARDING ST,7:04 AM,234,SHOEMAKER ST@HARDING ST,2:58 PM
HUTCHINSON ES/MS,234,SHOEMAKER ST@SPRINGFIELD ST,7:06 AM,234,SHOEMAKER ST@SPRINGFIELD ST,2:53 PM
HUTCHINSON ES/MS,250,GEORGIA ST@HOLCOMB ST,6:57 AM,250,GEORGIA ST@HOLCOMB ST,2:50 PM
HUTCHINSON ES/MS,312,E JEFFERSON AVE@PARKVIEW DR,6:33 AM,312,E JEFFERSON AVE@PARKVIEW DR,2:58 PM
HUTCHINSON ES/MS,312,E JEFFERSON AVE@MCCLELLAN ST,6:37 AM,312,E JEFFERSON AVE@MCCLELLAN ST,3:00 PM
HUTCHINSON ES/MS,312,E JEFFERSON AVE@HURLBUT ST,6:44 AM,312,E JEFFERSON AVE@HURLBUT ST,2:53 PM
HUTCHINSON ES/MS,312,MARQUETTE DR@FREUD ST,6:48 AM,312,MARQUETTE DR@FREUD ST,3:04 PM
HUTCHINSON ES/MS,312,MEADOWBROOK ST@LISETTE,6:53 AM,312,MEADOWBROOK ST@LISETTE,3:08 PM
HUTCHINSON ES/MS,312,GOETHE ST@FAIRVIEW ST,6:59 AM,312,GOETHE ST@FAIRVIEW ST,3:12 PM
HUTCHINSON ES/MS,312,MACK AVE@FAIRVIEW ST,7:03 AM,312,MACK AVE@FAIRVIEW ST,3:15 PM
HUTCHINSON ES/MS,312,MACK AVE@FRENCH RD,7:06 AM,312,MACK AVE@FRENCH RD,3:16 PM
HUTCHINSON ES/MS,312,MACK AVE@GARLAND ST,7:10 AM,312,MACK AVE@GARLAND ST,3:18 PM
HUTCHINSON ES/MS,313,E WARREN AVE@FRENCH RD,6:47 AM,313,E WARREN AVE@FRENCH RD,2:59 PM
HUTCHINSON ES/MS,313,CANFIELD ST E@LILLIBRIDGE ST,6:49 AM,313,CANFIELD ST E@LILLIBRIDGE ST,3:07 PM
HUTCHINSON ES/MS,313,CANFIELD ST E@BENITEAU ST,6:51 AM,313,CANFIELD ST E@BENITEAU ST,3:02 PM
HUTCHINSON ES/MS,313,CANFIELD ST E@FRENCH RD,6:59 AM,313,CANFIELD ST E@FRENCH RD,3:11 PM
HUTCHINSON ES/MS,313,GARLAND ST@CANFIELD ST E,7:00 AM,313,GARLAND ST@CANFIELD ST E,3:13 PM
HUTCHINSON ES/MS,313,CANFIELD ST E@BEWICK ST,7:01 AM,313,CANFIELD ST E@BEWICK ST,3:14 PM
HUTCHINSON ES/MS,313,PENNSYLVANIA ST@SYLVESTER ST,7:03 AM,313,PENNSYLVANIA ST@SYLVESTER ST,2:49 PM
HUTCHINSON ES/MS,313,PENNSYLVANIA ST@FOREST AVE E,7:07 AM,313,PENNSYLVANIA ST@FOREST AVE E,2:53 PM
HUTCHINSON ES/MS,313,PENNSYLVANIA ST@CANFIELD ST E,7:08 AM,313,PENNSYLVANIA ST@CANFIELD ST E,2:51 PM
JOHN R KING,612,SHIAWASSEE DR@KRESS ST,6:46 AM,612,SHIAWASSEE DR@KRESS ST,3:13 PM
JOHN R KING,612,GILCHRIST ST@CLARITA ST,7:01 AM,612,GILCHRIST ST@CLARITA ST,2:58 PM
JOHN R KING,612,CLARITA ST@MANSFIELD ST,7:04 AM,612,CLARITA ST@MANSFIELD ST,2:56 PM
JOHN R KING,612,CURTIS ST@GILCHRIST ST,7:07 AM,612,CURTIS ST@GILCHRIST ST,2:53 PM
JOHN R KING,642,W OUTER DR@MANSFIELD ST,6:49 AM,642,W OUTER DR@MANSFIELD ST,3:06 PM
JOHN R KING,642,SANTA MARIA ST@WINTHROP ST,6:51 AM,642,SANTA MARIA ST@WINTHROP ST,3:13 PM
JOHN R KING,642,MCNICHOLS RD W@PREVOST ST,6:52 AM,642,MCNICHOLS RD W@PREVOST ST,3:11 PM
JOHN R KING,642,SANTA MARIA ST@MANSFIELD ST,6:54 AM,642,SANTA MARIA ST@MANSFIELD ST,3:08 PM
JOHN R KING,642,W OUTER DR@MURRAY HILL ST,6:57 AM,642,W OUTER DR@MURRAY HILL ST,3:05 PM
JOHN R KING,642,MURRAY HILL ST@THATCHER ST,6:59 AM,642,MURRAY HILL ST@THATCHER ST,3:03 PM
JOHN R KING,642,PICKFORD ST@RUTHERFORD ST,7:01 AM,642,PICKFORD ST@RUTHERFORD ST,2:52 PM
JOHN R KING,642,PICKFORD ST@WINTHROP ST,7:04 AM,642,PICKFORD ST@WINTHROP ST,2:55 PM
JOHN R KING,642,GREENFIELD RD@PICKFORD ST,7:07 AM,642,GREENFIELD RD@PICKFORD ST,2:59 PM
JOHN R KING,642,THATCHER ST@PREST ST,7:09 AM,642,THATCHER ST@PREST ST,3:01 PM
JOHN R KING,643,FLORENCE ST@WINTHROP ST,6:35 AM,643,FLORENCE ST@WINTHROP ST,3:04 PM
JOHN R KING,643,GROVE ST@PREST ST,6:38 AM,643,GROVE ST@PREST ST,3:01 PM
JOHN R KING,643,SANTA MARIA ST@PREST ST,6:40 AM,643,SANTA MARIA ST@PREST ST,3:07 PM
JOHN R KING,643,GROVE ST@MARLOWE ST,6:43 AM,643,GROVE ST@MARLOWE ST,2:59 PM
JOHN R KING,643,FLORENCE ST@STRATHMOOR ST,6:46 AM,643,FLORENCE ST@STRATHMOOR ST,2:55 PM
JOHN R KING,643,PURITAN ST@LESURE ST,6:55 AM,643,PURITAN ST@LESURE ST,2:48 PM
JOHN R KING,643,FLORENCE ST@TRACEY ST,6:57 AM,643,FLORENCE ST@TRACEY ST,2:50 PM
JOHN R KING,643,GROVE ST@TRACEY ST,7:00 AM,643,GROVE ST@TRACEY ST,3:11 PM
JOHN R KING,643,SANTA MARIA ST@WARD ST,7:04 AM,643,SANTA MARIA ST@WARD ST,3:16 PM
JOHN R KING,643,GROVE ST@STEEL ST,7:06 AM,643,GROVE ST@STEEL ST,3:18 PM
JOHN R KING,643,FLORENCE ST@MANOR ST,7:09 AM,643,FLORENCE ST@MANOR ST,3:20 PM
JOHN R KING,645,ARCHDALE ST@MIDLAND ST,6:36 AM,645,ARCHDALE ST@MIDLAND ST,3:20 PM
JOHN R KING,645,PILGRIM ST@FERGUSON ST,6:39 AM,645,PILGRIM ST@FERGUSON ST,3:10 PM
JOHN R KING,645,MIDLAND ST@MURRAY HILL ST,6:41 AM,645,MIDLAND ST@MURRAY HILL ST,3:09 PM
JOHN R KING,645,KEELER ST @ BILTMORE ST,6:44 AM,645,KEELER ST @ BILTMORE ST,3:13 PM
JOHN R KING,645,ST MARYS ST@KEELER ST,6:51 AM,645,ST MARYS ST@KEELER ST,3:07 PM
JOHN R KING,645,RUTHERFORD ST@PILGRIM ST,6:53 AM,645,RUTHERFORD ST@PILGRIM ST,3:05 PM
JOHN R KING,645,WINTHROP ST@PILGRIM ST,6:56 AM,645,WINTHROP ST@PILGRIM ST,3:00 PM
JOHN R KING,645,KEELER ST@PREVOST ST,6:59 AM,645,KEELER ST@PREVOST ST,3:03 PM
JOHN R KING,645,WINTHROP ST@KEELER ST,7:01 AM,645,WINTHROP ST@KEELER ST,2:58 PM
JOHN R KING,645,KEELER ST@PREST ST,7:03 AM,645,KEELER ST@PREST ST,2:56 PM
JOHN R KING,645,PILGRIM ST@WHITCOMB ST,7:09 AM,645,PILGRIM ST@WHITCOMB ST,2:54 PM
JOHN R KING,650,CLARITA ST@PREST ST,6:47 AM,650,CLARITA ST@PREST ST,3:12 PM
JOHN R KING,650,CLARITA ST@MARLOWE ST,6:49 AM,650,CLARITA ST@MARLOWE ST,3:09 PM
JOHN R KING,650,MARK TWAIN ST@CLARITA ST,6:51 AM,650,MARK TWAIN ST@CLARITA ST,3:07 PM
JOHN R KING,650,SCHAEFER HWY@CURTIS ST,6:55 AM,650,SCHAEFER HWY@CURTIS ST,3:03 PM
JOHN R KING,650,THATCHER ST@ARDMORE ST,6:58 AM,650,THATCHER ST@ARDMORE ST,2:56 PM
JOHN R KING,650,ARDMORE ST@PICKFORD ST,6:59 AM,650,ARDMORE ST@PICKFORD ST,3:00 PM
JOHN R KING,650,CURTIS ST@HUBBELL ST,7:06 AM,650,CURTIS ST@HUBBELL ST,2:54 PM
JOHN R KING,650,SANTA MARIA ST@STRATHMOOR ST,7:08 AM,650,SANTA MARIA ST@STRATHMOOR ST,2:51 PM
JOHN R KING,650,ARDMORE ST@SANTA MARIA ST,7:11 AM,650,ARDMORE ST@SANTA MARIA ST,2:49 PM
JOHN R KING,651,FLORENCE ST@FERGUSON ST,6:43 AM,651,FLORENCE ST@FERGUSON ST,3:04 PM
JOHN R KING,651,FLORENCE ST@GILCHRIST ST,6:44 AM,651,FLORENCE ST@GILCHRIST ST,3:07 PM
JOHN R KING,651,PILGRIM ST@ARCHDALE ST,6:50 AM,651,PILGRIM ST@ARCHDALE ST,3:10 PM
JOHN R KING,651,FLORENCE ST@HARLOW ST,6:52 AM,651,FLORENCE ST@HARLOW ST,3:14 PM
JOHN R KING,651,ARCHDALE ST@GROVE ST,6:55 AM,651,ARCHDALE ST@GROVE ST,3:16 PM
JOHN R KING,651,MCNICHOLS RD W@ARCHDALE ST,6:57 AM,651,MCNICHOLS RD W@ARCHDALE ST,3:18 PM
JOHN R KING,651,GROVE ST@BILTMORE ST,6:59 AM,651,GROVE ST@BILTMORE ST,3:02 PM
JOHN R KING,651,GROVE ST@MURRAY HILL ST,7:00 AM,651,GROVE ST@MURRAY HILL ST,3:00 PM
JOHN R KING,651,GROVE ST@FORRER ST,7:03 AM,651,GROVE ST@FORRER ST,2:55 PM
JOHN R KING,651,MANSFIELD ST@VERNE ST,7:07 AM,651,MANSFIELD ST@VERNE ST,2:57 PM
JOHN R KING,651,FLORENCE ST@ST MARYS ST,7:09 AM,651,FLORENCE ST@ST MARYS ST,2:58 PM
JOHN R KING,651,FLORENCE ST@PREVOST ST,7:10 AM,651,FLORENCE ST@PREVOST ST,2:52 PM
JOHN R KING,667,CHALFONTE ST@PREVOST ST,6:40 AM,667,CHALFONTE ST@PREVOST ST,3:22 PM
JOHN R KING,667,CHALFONTE ST@SUSSEX ST,6:43 AM,667,CHALFONTE ST@SUSSEX ST,3:19 PM
JOHN R KING,667,LYNDON ST@COYLE ST,6:45 AM,667,LYNDON ST@COYLE ST,3:16 PM
JOHN R KING,667,KENDALL ST@SUSSEX ST,6:48 AM,667,KENDALL ST@SUSSEX ST,3:14 PM
JOHN R KING,667,ARDMORE ST@CHALFONTE ST,6:56 AM,667,ARDMORE ST@CHALFONTE ST,3:07 PM
JOHN R KING,667,CHALFONTE ST@APPOLINE ST,7:01 AM,667,CHALFONTE ST@APPOLINE ST,2:59 PM
JOHN R KING,667,MIDLAND ST@BIRWOOD ST,7:05 AM,667,MIDLAND ST@BIRWOOD ST,2:56 PM
JOHN R KING,667,PILGRIM ST@MONTE VISTA ST,7:06 AM,667,PILGRIM ST@MONTE VISTA ST,2:54 PM
JOHN R KING,667,MONTE VISTA ST@MIDLAND ST,7:08 AM,667,MONTE VISTA ST@MIDLAND ST,2:51 PM
JOHN R KING,712,MIDLAND ST@STEEL ST,6:55 AM,712,MIDLAND ST@STEEL ST,2:55 PM
JOHN R KING,712,PURITAN ST@CHEYENNE ST,6:57 AM,712,PURITAN ST@CHEYENNE ST,2:57 PM
JOHN R KING,712,FLORENCE ST@CHEYENNE ST,7:00 AM,712,FLORENCE ST@CHEYENNE ST,2:50 PM
JOHN R KING,712,HARTWELL ST@PILGRIM ST,7:06 AM,712,HARTWELL ST@PILGRIM ST,3:02 PM
JOHN R KING,712,PURITAN ST@HARTWELL ST,7:08 AM,712,PURITAN ST@HARTWELL ST,3:04 PM
JOHN R KING,712,SCHAEFER HWY@PURITAN ST,7:09 AM,712,SCHAEFER HWY@PURITAN ST,3:05 PM
JOHN R KING,712,HARTWELL ST@FLORENCE ST,7:11 AM,712,HARTWELL ST@FLORENCE ST,2:49 PM
JOHN R KING,722,PILGRIM ST@CHEYENNE ST,7:01 AM,722,PILGRIM ST@CHEYENNE ST,3:03 PM
JOHN R KING,722,MIDLAND ST@HARTWELL ST,7:03 AM,722,MIDLAND ST@HARTWELL ST,2:57 PM
JOHN R KING,722,MIDLAND ST@ARDMORE ST,7:09 AM,722,MIDLAND ST@ARDMORE ST,2:52 PM
JOHN R KING,722,MARK TWAIN ST@KEELER ST,7:12 AM,722,MARK TWAIN ST@KEELER ST,2:48 PM
LAW ES/MS,308,WALTHAM ST@NASHVILLE ST,6:28 AM,308,WALTHAM ST@NASHVILLE ST,3:19 PM
LAW ES/MS,308,SAUER ST@RUNYON ST,6:39 AM,308,SAUER ST@RUNYON ST,3:11 PM
LAW ES/MS,308,GREINER ST@TEPPERT ST,6:55 AM,308,GREINER ST@TEPPERT ST,3:00 PM
LAW ES/MS,360,COVERT ST@CONCORD ST,6:40 AM,360,COVERT ST@CONCORD ST,3:22 PM
LAW ES/MS,360,BRIMSON ST@CONCORD ST,6:41 AM,360,BRIMSON ST@CONCORD ST,3:19 PM
LAW ES/MS,360,BUHR ST@CARRIE ST,6:45 AM,360,BUHR ST@CARRIE ST,3:17 PM
LAW ES/MS,360,NEVADA ST E@CLIFF ST,6:49 AM,360,NEVADA ST E@CLIFF ST,3:13 PM
LAW ES/MS,360,VAN DYKE ST@EMILY ST,6:50 AM,360,VAN DYKE ST@EMILY ST,3:09 PM
LAW ES/MS,360,PACKARD ST@GRIXDALE ST E,6:52 AM,360,PACKARD ST@GRIXDALE ST E,3:07 PM
LAW ES/MS,360,HILDALE ST E@VEACH ST,6:55 AM,360,HILDALE ST E@VEACH ST,3:04 PM
LAW ES/MS,360,VEACH ST@HOLLYWOOD ST E,6:56 AM,360,VEACH ST@HOLLYWOOD ST E,3:01 PM
LAW ES/MS,360,ROBINWOOD ST E@CARRIE ST,7:04 AM,360,ROBINWOOD ST E@CARRIE ST,2:50 PM
LAW ES/MS,360,ROBINWOOD ST E@HELEN ST,7:06 AM,360,ROBINWOOD ST E@HELEN ST,2:51 PM
LAW ES/MS,360,EMERY ST@CONCORD ST,7:11 AM,360,EMERY ST@CONCORD ST,2:48 PM
LAW ES/MS,512,TERRELL ST@SAVAGE ST,6:54 AM,512,TERRELL ST@SAVAGE ST,3:05 PM
LAW ES/MS,512,BRAMFORD ST@SAVAGE ST,6:56 AM,512,BRAMFORD ST@SAVAGE ST,3:04 PM
LAW ES/MS,512,STOTTER ST@MILBANK ST,6:59 AM,512,STOTTER ST@MILBANK ST,3:02 PM
LAW ES/MS,512,SAVAGE ST@ROGGE ST,7:06 AM,512,SAVAGE ST@ROGGE ST,2:51 PM
LAW ES/MS,512,MILBANK ST@HELEN ST,7:10 AM,512,MILBANK ST@HELEN ST,2:55 PM
LAW ES/MS,512,SAVAGE ST@HELEN ST,7:11 AM,512,SAVAGE ST@HELEN ST,2:57 PM
LAW ES/MS,515,EMERY ST@NORWOOD ST,6:33 AM,515,EMERY ST@NORWOOD ST,3:11 PM
LAW ES/MS,515,EMERY ST@WEXFORD ST,6:42 AM,515,EMERY ST@WEXFORD ST,3:08 PM
LAW ES/MS,515,7 MILE RD E@EUREKA ST,7:04 AM,515,7 MILE RD E@EUREKA ST,2:55 PM
LAW ES/MS,515,EMERY ST@KEYSTONE ST,7:08 AM,515,EMERY ST@KEYSTONE ST,2:51 PM
LAW ES/MS,560,MORANG DR@EASTWOOD ST,6:31 AM,560,MORANG DR@EASTWOOD ST,3:15 PM
LAW ES/MS,560,HICKORY ST@BRINGARD DR,6:56 AM,560,HICKORY ST@BRINGARD DR,3:00 PM
LAW ES/MS,562,E OUTER DR@YOLANDA ST,6:52 AM,562,E OUTER DR@YOLANDA ST,2:59 PM
LAW ES/MS,562,E OUTER DR@LANTZ ST E,6:53 AM,562,E OUTER DR@LANTZ ST E,3:01 PM
MACKENZIE ES/MS,604,BELTON ST@BINGHAM ST,8:00 AM,604,BELTON ST@BINGHAM ST,4:03 PM
MACKENZIE ES/MS,604,WARD ST@LITTLEFIELD ST,8:02 AM,604,WARD ST@LITTLEFIELD ST,4:01 PM
MACKENZIE ES/MS,604,WESTFIELD ST@CHEYENNE ST,8:07 AM,604,WESTFIELD ST@CHEYENNE ST,3:56 PM
MACKENZIE ES/MS,604,ELLIS ST@CHEYENNE ST,8:09 AM,604,ELLIS ST@CHEYENNE ST,3:58 PM
MACKENZIE ES/MS,604,APPOLINE ST@ELLIS ST,8:10 AM,604,APPOLINE ST@ELLIS ST,3:53 PM
MACKENZIE ES/MS,604,JOY RD@MEYERS RD,8:13 AM,604,JOY RD@MEYERS RD,4:06 PM
MACKENZIE ES/MS,604,WESTFIELD ST@MEYERS RD,8:16 AM,604,WESTFIELD ST@MEYERS RD,3:49 PM
MACKENZIE ES/MS,625,W CHICAGO ST@RUTLAND ST,7:43 AM,625,W CHICAGO ST@RUTLAND ST,4:15 PM
MACKENZIE ES/MS,625,ELMIRA ST@FORRER ST,7:47 AM,625,ELMIRA ST@FORRER ST,4:10 PM
MACKENZIE ES/MS,625,WESTFIELD ST@TERRY ST,7:53 AM,625,WESTFIELD ST@TERRY ST,4:06 PM
MACKENZIE ES/MS,625,MARLOWE ST@ORANGELAWN ST,7:56 AM,625,MARLOWE ST@ORANGELAWN ST,4:04 PM
MACKENZIE ES/MS,625,W CHICAGO ST@STRATHMOOR ST,7:59 AM,625,W CHICAGO ST@STRATHMOOR ST,4:02 PM
MACKENZIE ES/MS,625,ORANGELAWN ST@DECATUR ST,8:05 AM,625,ORANGELAWN ST@DECATUR ST,3:59 PM
MACKENZIE ES/MS,625,WESTFIELD ST@CARLIN ST,8:08 AM,625,WESTFIELD ST@CARLIN ST,3:57 PM
MACKENZIE ES/MS,625,SCHAEFER HWY@W CHICAGO ST,8:09 AM,625,SCHAEFER HWY@W CHICAGO ST,3:55 PM
MACKENZIE ES/MS,625,ORANGELAWN ST@LITTLEFIELD ST,8:11 AM,625,ORANGELAWN ST@LITTLEFIELD ST,3:51 PM
MACKENZIE ES/MS,625,PLYMOUTH RD@LITTLEFIELD ST,8:14 AM,625,PLYMOUTH RD@LITTLEFIELD ST,3:53 PM
MACKENZIE ES/MS,627,WESTFIELD ST@WINTHROP ST,7:43 AM,627,WESTFIELD ST@WINTHROP ST,4:22 PM
MACKENZIE ES/MS,627,ELLIS ST@MONTROSE ST,7:45 AM,627,ELLIS ST@MONTROSE ST,4:24 PM
MACKENZIE ES/MS,627,WESTFIELD ST@PREST ST,7:49 AM,627,WESTFIELD ST@PREST ST,4:21 PM
MACKENZIE ES/MS,627,WESTFIELD ST@SUSSEX ST,7:51 AM,627,WESTFIELD ST@SUSSEX ST,4:19 PM
MACKENZIE ES/MS,627,ELLIS ST@WHITCOMB ST,7:53 AM,627,ELLIS ST@WHITCOMB ST,4:17 PM
MACKENZIE ES/MS,627,ELLIS ST@TERRY ST,7:55 AM,627,ELLIS ST@TERRY ST,4:13 PM
MACKENZIE ES/MS,627,JOY RD@ROBSON ST,7:57 AM,627,JOY RD@ROBSON ST,4:11 PM
MACKENZIE ES/MS,627,JOY RD@WHITCOMB ST,7:58 AM,627,JOY RD@WHITCOMB ST,4:16 PM
MACKENZIE ES/MS,627,WHITCOMB ST@BELTON ST,8:00 AM,627,WHITCOMB ST@BELTON ST,4:08 PM
MACKENZIE ES/MS,627,BELTON ST@COYLE ST,8:02 AM,627,BELTON ST@COYLE ST,4:05 PM
MACKENZIE ES/MS,627,BELTON ST@LAUDER ST,8:04 AM,627,BELTON ST@LAUDER ST,4:02 PM
MACKENZIE ES/MS,627,HUBBELL ST@BELTON ST,8:06 AM,627,HUBBELL ST@BELTON ST,3:59 PM
MACKENZIE ES/MS,627,MACKENZIE ST@HUBBELL ST,8:09 AM,627,MACKENZIE ST@HUBBELL ST,3:58 PM
MACKENZIE ES/MS,627,CARLIN ST@BELTON ST,8:13 AM,627,CARLIN ST@BELTON ST,3:54 PM
MACKENZIE ES/MS,627,SCHAEFER HWY@VAN BUREN ST,8:15 AM,627,SCHAEFER HWY@VAN BUREN ST,3:50 PM
MACKENZIE ES/MS,720,MACKENZIE ST@CENTRAL ST,7:50 AM,720,MACKENZIE ST@CENTRAL ST,4:13 PM
MACKENZIE ES/MS,720,JOY RD@GREENLAWN ST,7:52 AM,720,JOY RD@GREENLAWN ST,4:11 PM
MACKENZIE ES/MS,720,BELTON ST@ROSELAWN ST,7:57 AM,720,BELTON ST@ROSELAWN ST,4:06 PM
MACKENZIE ES/MS,720,CLOVERLAWN ST@BELTON ST,7:59 AM,720,CLOVERLAWN ST@BELTON ST,4:05 PM
MACKENZIE ES/MS,720,MACKENZIE ST@NORTHLAWN ST,8:00 AM,720,MACKENZIE ST@NORTHLAWN ST,4:09 PM
MACKENZIE ES/MS,720,BELTON ST@INDIANA ST,8:04 AM,720,BELTON ST@INDIANA ST,4:00 PM
MACKENZIE ES/MS,720,MACKENZIE ST@KENTUCKY ST,8:06 AM,720,MACKENZIE ST@KENTUCKY ST,4:01 PM
MACKENZIE ES/MS,720,MACKENZIE ST@NORMILE ST,8:08 AM,720,MACKENZIE ST@NORMILE ST,3:48 PM
MACKENZIE ES/MS,720,BELTON ST@FREDA ST,8:11 AM,720,BELTON ST@FREDA ST,3:51 PM
MACKENZIE ES/MS,720,E MORROW CIR@BELTON ST,8:14 AM,720,E MORROW CIR@BELTON ST,3:54 PM
MACKENZIE ES/MS,720,MANOR ST@BELTON ST,8:15 AM,720,MANOR ST@BELTON ST,3:56 PM
MACKENZIE ES/MS,727,ELMHURST ST@STOEPEL ST,7:45 AM,727,ELMHURST ST@STOEPEL ST,3:52 PM
MACKENZIE ES/MS,727,GRAND RIVER AVE@ILENE ST,7:49 AM,727,GRAND RIVER AVE@ILENE ST,3:56 PM
MACKENZIE ES/MS,727,PLYMOUTH RD@GRIGGS ST,7:53 AM,727,PLYMOUTH RD@GRIGGS ST,4:00 PM
MACKENZIE ES/MS,727,WADSWORTH ST@BIRWOOD ST,7:54 AM,727,WADSWORTH ST@BIRWOOD ST,4:01 PM
MACKENZIE ES/MS,727,MANOR ST@WADSWORTH ST,7:56 AM,727,MANOR ST@WADSWORTH ST,4:03 PM
MACKENZIE ES/MS,727,FOLEY ST@STEEL ST,7:58 AM,727,FOLEY ST@STEEL ST,4:08 PM
MACKENZIE ES/MS,727,SORRENTO ST@WADSWORTH ST,8:02 AM,727,SORRENTO ST@WADSWORTH ST,4:06 PM
MACKENZIE ES/MS,727,CHEYENNE ST@CAPITOL ST,8:05 AM,727,CHEYENNE ST@CAPITOL ST,4:11 PM
MACKENZIE ES/MS,727,HARTWELL ST@CAPITOL ST,8:08 AM,727,HARTWELL ST@CAPITOL ST,4:14 PM
MACKENZIE ES/MS,727,SCHAEFER HWY@CAPITOL ST,8:13 AM,727,SCHAEFER HWY@CAPITOL ST,4:16 PM
MACKENZIE ES/MS,727,SCHAEFER HWY@WADSWORTH ST,8:14 AM,727,SCHAEFER HWY@WADSWORTH ST,4:19 PM
MACKENZIE ES/MS,730,W CHICAGO ST@MONICA ST,7:44 AM,730,W CHICAGO ST@MONICA ST,4:16 PM
MACKENZIE ES/MS,730,W CHICAGO ST@AMERICAN ST,7:45 AM,730,W CHICAGO ST@AMERICAN ST,4:18 PM
MACKENZIE ES/MS,730,STAWELL ST@OHIO ST,7:52 AM,730,STAWELL ST@OHIO ST,4:24 PM
MACKENZIE ES/MS,730,OAKMAN BLVD@NORTHLAWN ST,7:55 AM,730,OAKMAN BLVD@NORTHLAWN ST,4:10 PM
MACKENZIE ES/MS,730,OHIO ST@BEECHDALE ST,7:57 AM,730,OHIO ST@BEECHDALE ST,4:12 PM
MACKENZIE ES/MS,730,WYOMING ST@AURORA ST,7:59 AM,730,WYOMING ST@AURORA ST,4:04 PM
MACKENZIE ES/MS,730,PLYMOUTH RD@KENTUCKY ST,8:01 AM,730,PLYMOUTH RD@KENTUCKY ST,4:05 PM
MACKENZIE ES/MS,730,ELMIRA ST@GRIGGS ST,8:04 AM,730,ELMIRA ST@GRIGGS ST,4:02 PM
MACKENZIE ES/MS,730,PINEHURST ST@ELMIRA ST,8:06 AM,730,PINEHURST ST@ELMIRA ST,4:00 PM
MACKENZIE ES/MS,730,ELMIRA ST@MANOR ST,8:08 AM,730,ELMIRA ST@MANOR ST,3:57 PM
MACKENZIE ES/MS,730,MEYERS RD@ELMIRA ST,8:11 AM,730,MEYERS RD@ELMIRA ST,3:54 PM
MACKENZIE ES/MS,730,ELMIRA ST@WARD ST,8:13 AM,730,ELMIRA ST@WARD ST,3:52 PM
MACKENZIE ES/MS,730,W CHICAGO ST@APPOLINE ST,8:16 AM,730,W CHICAGO ST@APPOLINE ST,3:49 PM
MANN ES,407,DOVER ST@WARWICK ST,7:48 AM,407,DOVER ST@WARWICK ST,4:05 PM
MANN ES,407,CATHEDRAL ST@WARWICK ST,7:51 AM,407,CATHEDRAL ST@WARWICK ST,4:07 PM
MANN ES,407,DOVER ST@MINOCK ST,7:54 AM,407,DOVER ST@MINOCK ST,4:03 PM
MANN ES,407,AUBURN ST@CATHEDRAL ST,7:55 AM,407,AUBURN ST@CATHEDRAL ST,4:00 PM
MANN ES,407,DOVER ST@PLAINVIEW AVE,7:57 AM,407,DOVER ST@PLAINVIEW AVE,3:59 PM
MANN ES,407,DOVER ST@VAUGHAN ST,7:58 AM,407,DOVER ST@VAUGHAN ST,3:48 PM
MANN ES,407,DOVER ST@STOUT ST,8:00 AM,407,DOVER ST@STOUT ST,3:50 PM
MANN ES,407,FIELDING ST@DOVER ST,8:01 AM,407,FIELDING ST@DOVER ST,3:51 PM
MANN ES,407,VAN BUREN ST@HEYDEN ST,8:05 AM,407,VAN BUREN ST@HEYDEN ST,3:56 PM
MANN ES,409,JOY RD@ST MARYS ST,7:58 AM,409,JOY RD@ST MARYS ST,4:07 PM
MANN ES,409,ELMIRA ST@METTETAL ST,8:02 AM,409,ELMIRA ST@METTETAL ST,4:02 PM
MANN ES,409,PLYMOUTH RD@PENROD ST,8:07 AM,409,PLYMOUTH RD@PENROD ST,3:57 PM
MANN ES,409,PENROD ST@WADSWORTH ST,8:08 AM,409,PENROD ST@WADSWORTH ST,3:59 PM
MANN ES,409,W CHICAGO ST@FAUST AVE,8:13 AM,409,W CHICAGO ST@FAUST AVE,3:52 PM
MANN ES,409,W CHICAGO ST@GREENVIEW AVE,8:14 AM,409,W CHICAGO ST@GREENVIEW AVE,3:50 PM
MANN ES,409,BRACE ST@ORANGELAWN ST,8:16 AM,409,BRACE ST@ORANGELAWN ST,3:49 PM
MANN ES,610,GLENDALE ST@WESTBROOK ST,7:56 AM,610,GLENDALE ST@WESTBROOK ST,4:09 PM
MANN ES,610,STOUT ST@WADSWORTH ST,8:01 AM,610,STOUT ST@WADSWORTH ST,4:03 PM
MANN ES,610,ORANGELAWN ST@HEYDEN ST,8:07 AM,610,ORANGELAWN ST@HEYDEN ST,3:55 PM
MANN ES,610,ELMIRA ST@PATTON ST,8:09 AM,610,ELMIRA ST@PATTON ST,3:57 PM
MANN ES,610,W CHICAGO ST@PATTON ST,8:12 AM,610,W CHICAGO ST@PATTON ST,3:51 PM
MANN ES,610,FIELDING ST@W CHICAGO ST,8:13 AM,610,FIELDING ST@W CHICAGO ST,3:52 PM
MANN ES,610,WESTFIELD ST@PIERSON ST,8:15 AM,610,WESTFIELD ST@PIERSON ST,3:49 PM
MARCUS GARVEY,203,LAMBERT ST@SHERIDAN ST,8:13 AM,203,LAMBERT ST@SHERIDAN ST,4:29 PM
MARCUS GARVEY,203,FERRY ST E@SHERIDAN ST,8:15 AM,203,FERRY ST E@SHERIDAN ST,4:32 PM
MARCUS GARVEY,203,MAXWELL ST@HENDRIE ST,8:20 AM,203,MAXWELL ST@HENDRIE ST,4:34 PM
MARCUS GARVEY,203,MAXWELL ST@MOFFAT ST,8:22 AM,203,MAXWELL ST@MOFFAT ST,4:40 PM
MARCUS GARVEY,203,LAMBERT ST@SENECA ST,8:26 AM,203,LAMBERT ST@SENECA ST,4:47 PM
MARCUS GARVEY,203,CRANE ST@CHAPIN ST,8:30 AM,203,CRANE ST@CHAPIN ST,4:51 PM
MARCUS GARVEY,203,COOPER ST@CAIRNEY ST,8:37 AM,203,COOPER ST@CAIRNEY ST,4:54 PM
MARCUS GARVEY,205,CHRYSLER DR@LELAND ST,8:06 AM,205,CHRYSLER DR@LELAND ST,4:42 PM
MARCUS GARVEY,205,BENSON ST@MCDOUGALL ST,8:19 AM,205,BENSON ST@MCDOUGALL ST,4:34 PM
MARCUS GARVEY,205,ELLERY ST@PRESTON ST,8:26 AM,205,2636 E JEFFERSON AVE,4:49 PM
MARCUS GARVEY,205,SYLVESTER ST@TOWNSEND ST,8:35 AM,205,SYLVESTER ST@TOWNSEND ST,4:23 PM
MARCUS GARVEY,205,E GRAND BLVD@MACK AVE,8:39 AM,205,E GRAND BLVD@MACK AVE,4:25 PM
MARCUS GARVEY,205,SYLVESTER ST@SEMINOLE ST,8:45 AM,205,SYLVESTER ST@SEMINOLE ST,4:20 PM
MARCUS GARVEY,232,E JEFFERSON AVE@MONTCLAIR ST,8:12 AM,232,E JEFFERSON AVE@MONTCLAIR ST,4:48 PM
MARCUS GARVEY,232,E JEFFERSON AVE@PARKVIEW DR,8:14 AM,232,E JEFFERSON AVE@PARKVIEW DR,4:44 PM
MARCUS GARVEY,232,E JEFFERSON AVE@MCCLELLAN ST,8:15 AM,232,E JEFFERSON AVE@MCCLELLAN ST,4:45 PM
MARCUS GARVEY,232,CADILLAC BLVD@CHARLEVOIX ST,8:19 AM,232,CADILLAC BLVD@CHARLEVOIX ST,4:41 PM
MARCUS GARVEY,232,FISCHER ST@SYLVESTER ST,8:24 AM,232,FISCHER ST@SYLVESTER ST,4:34 PM
MARCUS GARVEY,232,CANFIELD ST E@BALDWIN ST,8:31 AM,232,CANFIELD ST E@BALDWIN ST,4:31 PM
MARCUS GARVEY,232,FREDERICK ST@HELEN ST,8:38 AM,232,FREDERICK ST@HELEN ST,4:22 PM
MARCUS GARVEY,232,SEYBURN ST@FREDERICK ST,8:41 AM,232,SEYBURN ST@FREDERICK ST,4:25 PM
MARCUS GARVEY,232,FARNSWORTH ST@PARKER ST,8:44 AM,232,FARNSWORTH ST@PARKER ST,4:26 PM
MARCUS GARVEY,234,E JEFFERSON AVE@SEYBURN ST,8:12 AM,234,E JEFFERSON AVE@SEYBURN ST,4:37 PM
MARCUS GARVEY,234,E JEFFERSON AVE@VAN DYKE ST,8:14 AM,234,E JEFFERSON AVE@VAN DYKE ST,4:38 PM
MARCUS GARVEY,234,FIELD ST@CONGRESS ST E,8:23 AM,234,FIELD ST@CONGRESS ST E,4:35 PM
MARCUS GARVEY,234,E LAFAYETTE ST@SHERIDAN ST,8:27 AM,234,E LAFAYETTE ST@SHERIDAN ST,4:33 PM
MARCUS GARVEY,234,E GRAND BLVD@AGNES ST,8:30 AM,234,E GRAND BLVD@AGNES ST,4:30 PM
MARCUS GARVEY,234,ST PAUL ST@MELDRUM ST,8:33 AM,234,ST PAUL ST@MELDRUM ST,4:26 PM
MARCUS GARVEY,234,E VERNOR HWY@CANTON ST,8:39 AM,234,E VERNOR HWY@CANTON ST,4:22 PM
MARCUS GARVEY,234,E VERNOR HWY@SHERIDAN ST,8:46 AM,234,E VERNOR HWY@SHERIDAN ST,4:19 PM
MARCUS GARVEY,533,CADIEUX RD@DETROIT ST,8:03 AM,533,CADIEUX RD@DETROIT ST,4:56 PM
MARCUS GARVEY,533,WINDSOR ST@BEDFORD ST,8:08 AM,533,WINDSOR ST@BEDFORD ST,4:52 PM
MARCUS GARVEY,533,WINDSOR ST@BUCKINGHAM AVE,8:10 AM,533,WINDSOR ST@BUCKINGHAM AVE,4:50 PM
MARCUS GARVEY,535,E LAFAYETTE ST@ST AUBIN ST,8:27 AM,535,E LAFAYETTE ST@ST AUBIN ST,4:36 PM
MARCUS GARVEY,535,E LAFAYETTE ST@MCDOUGALL ST,8:34 AM,535,E LAFAYETTE ST@MCDOUGALL ST,4:28 PM
MARCUS GARVEY,3606,GOETHE ST@FAIRVIEW ST,8:19 AM,3606,GOETHE ST@FAIRVIEW ST,4:32 PM
MARCUS GARVEY,3606,HARDING ST@GOETHE ST,8:26 AM,3606,HARDING ST@GOETHE ST,4:36 PM
MARCUS GARVEY,3606,CANFIELD ST E@LILLIBRIDGE ST,8:31 AM,3606,CANFIELD ST E@LILLIBRIDGE ST,4:28 PM
MARCUS GARVEY,3606,CADILLAC AVE@MOFFAT ST,8:38 AM,3606,CADILLAC AVE@MOFFAT ST,4:24 PM
MARCUS GARVEY,3606,PENNSYLVANIA ST@CANFIELD ST E,8:42 AM,3606,PENNSYLVANIA ST@CANFIELD ST E,4:22 PM
MARCUS GARVEY,3611,GRATIOT AVE@SANFORD ST,8:36 AM,3611,GRATIOT AVE@SANFORD ST,4:28 PM
MARK TWAIN,226,BYRON ST@MAPLE ST,6:31 AM,226,BYRON ST@MAPLE ST,3:19 PM
MARK TWAIN,226,E GREAT LAKES ST@GOODELL ST,6:35 AM,226,E GREAT LAKES ST@GOODELL ST,3:17 PM
MARK TWAIN,226,HIGH ST@W AUBURN ST,6:39 AM,226,HIGH ST@W AUBURN ST,3:13 PM
MARK TWAIN,226,W OUTER DR@10TH ST,6:44 AM,226,W OUTER DR@10TH ST,3:07 PM
MARK TWAIN,226,8TH ST@HYACINTHE ST,6:48 AM,226,8TH ST@HYACINTHE ST,3:10 PM
MARK TWAIN,226,EATON ST@PALMERSTON ST,6:54 AM,226,EATON ST@PALMERSTON ST,3:02 PM
MARK TWAIN,226,PALMERSTON ST@MORROW ST,6:57 AM,226,PALMERSTON ST@MORROW ST,3:00 PM
MARK TWAIN,226,KLEINOW ST@BROMLEY ST,7:01 AM,226,KLEINOW ST@BROMLEY ST,2:58 PM
MARK TWAIN,226,S BASSETT ST@OMAHA ST,7:05 AM,226,S BASSETT ST@OMAHA ST,2:53 PM
MARK TWAIN,226,S BASSETT ST@FRANCIS ST,7:08 AM,226,S BASSETT ST@FRANCIS ST,2:50 PM
MARK TWAIN,226,VISGER ST@S ETHEL ST,7:10 AM,226,VISGER ST@S ETHEL ST,2:51 PM
MARK TWAIN,231,S HEIDT ST@POWELL ST,6:53 AM,231,S HEIDT ST@POWELL ST,3:09 PM
MARK TWAIN,231,S LIDDESDALE ST@LEONARD ST,6:58 AM,231,S LIDDESDALE ST@LEONARD ST,3:04 PM
MARK TWAIN,231,S LIDDESDALE ST @GILROY ST,6:59 AM,231,S LIDDESDALE ST @GILROY ST,2:58 PM
MARK TWAIN,231,S ANNABELLE ST@GILROY ST,7:00 AM,231,S ANNABELLE ST@GILROY ST,2:59 PM
MARK TWAIN,231,S ETHEL ST@LEONARD ST,7:03 AM,231,S ETHEL ST@LEONARD ST,3:02 PM
MARK TWAIN,231,S ETHEL ST@MELVIN ST,7:05 AM,231,S ETHEL ST@MELVIN ST,2:55 PM
MARK TWAIN,231,S ETHEL ST@MIAMI ST,7:07 AM,231,S ETHEL ST@MIAMI ST,2:53 PM
MARK TWAIN,231,S BEATRICE ST@DOWNING ST,7:09 AM,231,S BEATRICE ST@DOWNING ST,2:51 PM
MARK TWAIN,231,S LIDDESDALE ST@MIAMI ST,7:10 AM,231,S LIDDESDALE ST@MIAMI ST,2:49 PM
MARK TWAIN,246,S ELECTRIC ST@VISGER ST,6:52 AM,246,S ELECTRIC ST@VISGER ST,3:08 PM
MARK TWAIN,246,VISGER ST@S LIDDESDALE ST,6:53 AM,246,VISGER ST@S LIDDESDALE ST,3:07 PM
MARK TWAIN,246,15TH ST@FRANCIS ST,6:58 AM,246,15TH ST@FRANCIS ST,2:58 PM
MARK TWAIN,246,S ETHEL ST@GLEASON ST,7:01 AM,246,S ETHEL ST@GLEASON ST,2:56 PM
MARK TWAIN,246,S BASSETT ST@SALLIOTTE ST,7:03 AM,246,S BASSETT ST@SALLIOTTE ST,3:03 PM
MARK TWAIN,246,S BEATRICE ST@SALLIOTTE ST,7:06 AM,246,S BEATRICE ST@SALLIOTTE ST,2:53 PM
MARK TWAIN,246,S LIDDESDALE ST@PETERS ST,7:08 AM,246,S LIDDESDALE ST@PETERS ST,2:51 PM
MARK TWAIN,246,S GREYFRIAR ST@GLEASON ST,7:12 AM,246,S GREYFRIAR ST@GLEASON ST,2:48 PM
MARQUETTE ES/MS,307,SOUTHAMPTON ST@GUILFORD ST,6:46 AM,307,SOUTHAMPTON ST@GUILFORD ST,3:07 PM
MARQUETTE ES/MS,307,SOUTHAMPTON ST@UNIVERSITY PL,6:49 AM,307,SOUTHAMPTON ST@UNIVERSITY PL,2:54 PM
MARQUETTE ES/MS,307,FRANKFORT ST@MARSEILLES ST,6:51 AM,307,FRANKFORT ST@MARSEILLES ST,2:52 PM
MARQUETTE ES/MS,307,FRANKFORT ST@FARMBROOK ST,6:55 AM,307,FRANKFORT ST@FARMBROOK ST,2:49 PM
MARQUETTE ES/MS,307,LINVILLE ST@FARMBROOK ST,6:58 AM,307,LINVILLE ST@FARMBROOK ST,2:56 PM
MARQUETTE ES/MS,307,UNIVERSITY PL@LINVILLE ST,7:00 AM,307,UNIVERSITY PL@LINVILLE ST,2:58 PM
MARQUETTE ES/MS,307,LINVILLE ST@NEFF AVE,7:03 AM,307,LINVILLE ST@NEFF AVE,3:00 PM
MARQUETTE ES/MS,307,BERDEN ST@WOODHALL ST,7:05 AM,307,BERDEN ST@WOODHALL ST,3:01 PM
MARQUETTE ES/MS,307,LINVILLE ST@OLDTOWN ST,7:10 AM,307,LINVILLE ST@OLDTOWN ST,3:05 PM
MARQUETTE ES/MS,310,MACK AVE@NEFF AVE,6:34 AM,310,MACK AVE@NEFF AVE,3:04 PM
MARQUETTE ES/MS,310,BREMEN ST@WOODHALL ST,6:36 AM,310,BREMEN ST@WOODHALL ST,3:02 PM
MARQUETTE ES/MS,310,BLUEHILL ST@DENVER ST,6:39 AM,310,BLUEHILL ST@DENVER ST,3:06 PM
MARQUETTE ES/MS,310,ROSEWOOD ST@GRAYTON ST,6:41 AM,310,ROSEWOOD ST@GRAYTON ST,3:08 PM
MARQUETTE ES/MS,310,CADIEUX RD@DETROIT ST,6:43 AM,310,CADIEUX RD@DETROIT ST,3:10 PM
MARQUETTE ES/MS,310,WAVENEY ST@HARVARD RD,6:45 AM,310,WAVENEY ST@HARVARD RD,3:16 PM
MARQUETTE ES/MS,310,WAVENEY ST @ GRAYTON ST,6:46 AM,310,WAVENEY ST @ GRAYTON ST,3:17 PM
MARQUETTE ES/MS,310,CORNWALL ST@BISHOP ST,6:50 AM,310,CORNWALL ST@BISHOP ST,3:19 PM
MARQUETTE ES/MS,310,CADIEUX RD@ONTARIO ST,6:53 AM,310,CADIEUX RD@ONTARIO ST,3:12 PM
MARQUETTE ES/MS,310,GUILFORD ST@CORNWALL ST,6:56 AM,310,GUILFORD ST@CORNWALL ST,2:59 PM
MARQUETTE ES/MS,310,NEFF AVE@MUNICH ST,6:58 AM,310,NEFF AVE@MUNICH ST,2:58 PM
MARQUETTE ES/MS,310,MUNICH ST@HEREFORD ST,7:01 AM,310,MUNICH ST@HEREFORD ST,2:55 PM
MARQUETTE ES/MS,310,UNIVERSITY PL@MUNICH ST,7:03 AM,310,UNIVERSITY PL@MUNICH ST,2:52 PM
MARQUETTE ES/MS,310,CORNWALL ST@RADNOR ST,7:09 AM,310,CORNWALL ST@RADNOR ST,2:50 PM
MARQUETTE ES/MS,513,MOROSS RD@LAKEPOINTE ST,6:44 AM,513,MOROSS RD@LAKEPOINTE ST,3:20 PM
MARQUETTE ES/MS,513,MOROSS RD@SOMERSET AVE,6:46 AM,513,MOROSS RD@SOMERSET AVE,3:12 PM
MARQUETTE ES/MS,513,SOMERSET AVE@CASINO ST,6:48 AM,513,SOMERSET AVE@CASINO ST,3:14 PM
MARQUETTE ES/MS,513,MARNE ST@CASINO ST,6:53 AM,513,MARNE ST@CASINO ST,2:57 PM
MARQUETTE ES/MS,513,MOROSS RD@DUPREY ST,6:55 AM,513,MOROSS RD@DUPREY ST,3:03 PM
MARQUETTE ES/MS,513,PEERLESS ST@MCCORMICK ST,7:01 AM,513,PEERLESS ST@MCCORMICK ST,3:08 PM
MARQUETTE ES/MS,513,MINERVA ST@LODEWYCK ST,7:09 AM,513,MINERVA ST@LODEWYCK ST,2:51 PM
MARQUETTE ES/MS,513,KINGSVILLE ST@CHESHIRE ST,7:12 AM,513,KINGSVILLE ST@CHESHIRE ST,2:48 PM
MARQUETTE ES/MS,517,MUNICH ST@HAVERHILL ST,7:00 AM,517,MUNICH ST@HAVERHILL ST,3:00 PM
MARQUETTE ES/MS,517,FRANKFORT ST@3 MILE DR,7:04 AM,517,FRANKFORT ST@3 MILE DR,2:54 PM
MARQUETTE ES/MS,517,SOUTHAMPTON ST@GRAYTON ST,7:09 AM,517,SOUTHAMPTON ST@GRAYTON ST,2:51 PM
MASON ES/MS,360,STOCKTON ST@ST LOUIS ST,7:50 AM,360,STOCKTON ST@ST LOUIS ST,4:17 PM
MASON ES/MS,360,ROBINWOOD ST E@GABLE ST,7:53 AM,360,ROBINWOOD ST E@GABLE ST,4:19 PM
MASON ES/MS,360,ALBANY ST@STOCKTON ST,7:54 AM,360,ALBANY ST@STOCKTON ST,4:14 PM
MASON ES/MS,360,STOCKTON ST@BUFFALO ST,7:56 AM,360,STOCKTON ST@BUFFALO ST,4:11 PM
MASON ES/MS,360,ROBINWOOD ST E@BUFFALO ST,8:01 AM,360,ROBINWOOD ST E@BUFFALO ST,4:09 PM
MASON ES/MS,360,MOENART ST@ROBINWOOD ST E,8:02 AM,360,MOENART ST@ROBINWOOD ST E,4:05 PM
MASON ES/MS,360,STOCKTON ST@CONLEY ST,8:05 AM,360,STOCKTON ST@CONLEY ST,3:56 PM
MASON ES/MS,360,ROBINWOOD ST E@HEALY ST,8:07 AM,360,ROBINWOOD ST E@HEALY ST,3:49 PM
MASON ES/MS,360,HILDALE ST E@JUSTINE ST,8:09 AM,360,HILDALE ST E@JUSTINE ST,3:51 PM
MASON ES/MS,360,NEVADA ST E@JUSTINE ST,8:11 AM,360,NEVADA ST E@JUSTINE ST,3:53 PM
MASON ES/MS,506,ROBINWOOD ST E@LUMPKIN ST,7:38 AM,506,ROBINWOOD ST E@LUMPKIN ST,4:22 PM
MASON ES/MS,506,NEVADA ST E@GREELEY ST,7:46 AM,506,NEVADA ST E@GREELEY ST,4:28 PM
MASON ES/MS,506,OMIRA ST@REMINGTON ST E,7:51 AM,506,OMIRA ST@REMINGTON ST E,4:33 PM
MASON ES/MS,506,FLEMING ST@EMERY ST,8:06 AM,506,FLEMING ST@EMERY ST,4:01 PM
MASON ES/MS,506,EMERY ST@CHAREST ST,8:08 AM,506,EMERY ST@CHAREST ST,3:56 PM
MASON ES/MS,506,CHAREST ST@LANTZ ST E,8:10 AM,506,CHAREST ST@LANTZ ST E,3:57 PM
MASON ES/MS,506,REMINGTON ST E@CHAREST ST,8:15 AM,506,REMINGTON ST E@CHAREST ST,3:52 PM
MASON ES/MS,526,7 MILE RD E@ST LOUIS ST,7:48 AM,526,7 MILE RD E@ST LOUIS ST,4:16 PM
MASON ES/MS,526,EMERY ST@GABLE ST,7:51 AM,526,EMERY ST@GABLE ST,4:13 PM
MASON ES/MS,526,EMERY ST@ALBANY ST,7:54 AM,526,EMERY ST@ALBANY ST,4:11 PM
MASON ES/MS,526,EMERY ST@SYRACUSE ST,7:59 AM,526,EMERY ST@SYRACUSE ST,4:07 PM
MASON ES/MS,526,EMERY ST@BLOOM ST,8:02 AM,526,EMERY ST@BLOOM ST,3:58 PM
MASON ES/MS,526,EMERY ST@JUSTINE ST,8:11 AM,526,EMERY ST@JUSTINE ST,3:53 PM
MASON ES/MS,526,RYAN RD@EMERY ST,8:15 AM,526,RYAN RD@EMERY ST,3:49 PM
MASON ES/MS,526,EMERY ST@DEAN ST,8:16 AM,526,EMERY ST@DEAN ST,3:50 PM
MASON ES/MS,541,SUZANNE ST@TERRELL ST,7:56 AM,541,SUZANNE ST@TERRELL ST,4:02 PM
MASON ES/MS,541,MILBANK ST@HELEN ST,8:01 AM,541,MILBANK ST@HELEN ST,3:58 PM
MASON ES/MS,541,LANTZ ST E@HELEN ST,8:06 AM,541,LANTZ ST E@HELEN ST,3:56 PM
MASON ES/MS,541,LANTZ ST E@ST LOUIS ST,8:10 AM,541,LANTZ ST E@ST LOUIS ST,3:53 PM
MASON ES/MS,541,AMRAD ST@MOENART ST,8:16 AM,541,AMRAD ST@MOENART ST,3:48 PM
MASON ES/MS,545,WINCHESTER ST E@GODDARD ST,7:52 AM,545,WINCHESTER ST E@GODDARD ST,4:05 PM
MASON ES/MS,545,REMINGTON ST E@FLEMING ST,7:55 AM,545,REMINGTON ST E@FLEMING ST,4:08 PM
MASON ES/MS,545,WINCHESTER ST E@GALLAGHER ST,7:59 AM,545,WINCHESTER ST E@GALLAGHER ST,4:03 PM
MASON ES/MS,545,REMINGTON ST E@REVERE ST,8:03 AM,545,REMINGTON ST E@REVERE ST,3:59 PM
MASON ES/MS,545,WEXFORD ST@REMINGTON ST E,8:07 AM,545,WEXFORD ST@REMINGTON ST E,3:54 PM
MASON ES/MS,545,WINCHESTER ST E@WEXFORD ST,8:09 AM,545,WINCHESTER ST E@WEXFORD ST,3:53 PM
MASON ES/MS,545,DEAN ST@HAMLET ST,8:12 AM,545,DEAN ST@HAMLET ST,3:51 PM
MASON ES/MS,545,DEAN ST@CORDOVA ST,8:14 AM,545,DEAN ST@CORDOVA ST,3:48 PM
MASON ES/MS,3007,KLINGER ST@BRENTWOOD ST E,7:31 AM,3007,KLINGER ST@BRENTWOOD ST E,4:01 PM
MASON ES/MS,3007,HILDALE ST E@KLINGER ST,7:34 AM,3007,HILDALE ST E@KLINGER ST,4:02 PM
MASON ES/MS,3007,STOCKTON ST@NORWOOD ST,7:37 AM,3007,STOCKTON ST@NORWOOD ST,4:04 PM
MASON ES/MS,3007,BINDER ST@NEVADA ST E,7:43 AM,3007,BINDER ST@NEVADA ST E,4:08 PM
MASON ES/MS,3007,RYAN RD@NEVADA ST E,7:45 AM,3007,RYAN RD@NEVADA ST E,4:09 PM
MASON ES/MS,3007,ROBINWOOD ST E@SHIELDS ST,7:55 AM,3007,ROBINWOOD ST E@SHIELDS ST,4:15 PM
MASON ES/MS,3007,EMERY ST@WEXFORD ST,7:59 AM,3007,EMERY ST@WEXFORD ST,3:58 PM
MASON ES/MS,3007,YONKA ST@LANTZ ST E,8:02 AM,3007,YONKA ST@LANTZ ST E,3:55 PM
MASON ES/MS,3007,EMERY ST@NORWOOD ST,8:07 AM,3007,EMERY ST@NORWOOD ST,3:57 PM
MUNGER ES/MS,632,OGDEN ST@ARNOLD ST,7:01 AM,632,OGDEN ST@ARNOLD ST,2:50 PM
MUNGER ES/MS,715,FREER ST@ST STEPHENS ST,7:02 AM,715,FREER ST@ST STEPHENS ST,2:50 PM
MUNGER ES/MS,715,PARKWOOD ST@FREER ST,7:04 AM,715,PARKWOOD ST@FREER ST,2:51 PM
MUNGER ES/MS,715,ST JOHN ST@PARKINSON ST,7:05 AM,715,ST JOHN ST@PARKINSON ST,2:53 PM
MUNGER ES/MS,715,ST JOHN ST@EWERS ST,7:06 AM,715,ST JOHN ST@EWERS ST,2:54 PM
MUNGER ES/MS,716,MICHIGAN AVE@WESTERN ST,6:46 AM,716,MICHIGAN AVE@WESTERN ST,2:50 PM
MUNGER ES/MS,716,ARNOLD ST@LAWNDALE ST,6:50 AM,716,ARNOLD ST@LAWNDALE ST,2:59 PM
MUNGER ES/MS,716,LAWNDALE ST@ST JOHN ST,6:56 AM,716,LAWNDALE ST@ST JOHN ST,2:57 PM
MUNGER ES/MS,716,TRENTON ST@ST JOHN ST,6:58 AM,716,TRENTON ST@ST JOHN ST,3:01 PM
MUNGER ES/MS,716,TERNES ST@CYPRESS ST,7:02 AM,716,TERNES ST@CYPRESS ST,3:05 PM
MUNGER ES/MS,716,ST STEPHENS ST@LUMLEY ST,7:04 AM,716,ST STEPHENS ST@LUMLEY ST,3:06 PM
MUNGER ES/MS,716,CYPRESS ST@CASPER ST,7:06 AM,716,CYPRESS ST@CASPER ST,3:08 PM
MUNGER ES/MS,720,HORATIO ST@DANIELS ST,6:48 AM,720,HORATIO ST@DANIELS ST,3:05 PM
MUNGER ES/MS,720,BRADEN ST@HORATIO ST,6:51 AM,720,BRADEN ST@HORATIO ST,3:03 PM
MUNGER ES/MS,720,EDWARD ST@CICOTTE ST,6:53 AM,720,EDWARD ST@CICOTTE ST,3:08 PM
MUNGER ES/MS,720,CENTRAL ST@MCGRAW ST,6:58 AM,720,CENTRAL ST@MCGRAW ST,2:51 PM
MUNGER ES/MS,720,KIRKWOOD ST@CENTRAL ST,7:00 AM,720,KIRKWOOD ST@CENTRAL ST,2:49 PM
MUNGER ES/MS,720,PANAMA ST@FLORIDA ST,7:03 AM,720,PANAMA ST@FLORIDA ST,2:53 PM
MUNGER ES/MS,720,W EDSEL FORD FWY@FLORIDA ST,7:05 AM,720,W EDSEL FORD FWY@FLORIDA ST,2:59 PM
MUNGER ES/MS,720,W EDSEL FORD FWY@TARNOW ST,7:07 AM,720,W EDSEL FORD FWY@TARNOW ST,3:00 PM
MUNGER ES/MS,720,CECIL ST@W EDSEL FORD FWY,7:08 AM,720,CECIL ST@W EDSEL FORD FWY,3:02 PM
MUNGER ES/MS,721,52ND ST@ST STEPHENS ST,6:56 AM,721,52ND ST@ST STEPHENS ST,3:02 PM
MUNGER ES/MS,721,MARTIN ST@WALDO ST,6:59 AM,721,MARTIN ST@WALDO ST,2:58 PM
MUNGER ES/MS,721,MARTIN ST@BULWER ST,7:01 AM,721,MARTIN ST@BULWER ST,2:57 PM
MUNGER ES/MS,721,MARTIN ST@BRUCKNER ST,7:02 AM,721,MARTIN ST@BRUCKNER ST,2:54 PM
MUNGER ES/MS,721,LIVERNOIS AVE@JOHN KRONK ST,7:05 AM,721,LIVERNOIS AVE@JOHN KRONK ST,2:51 PM
MUNGER ES/MS,727,CLAYTON ST@GILBERT ST,6:47 AM,727,CLAYTON ST@GILBERT ST,3:08 PM
MUNGER ES/MS,727,DENNIS ST@CICOTTE ST,6:49 AM,727,DENNIS ST@CICOTTE ST,3:09 PM
MUNGER ES/MS,727,OTIS ST@MILITARY ST,6:51 AM,727,OTIS ST@MILITARY ST,3:01 PM
MUNGER ES/MS,727,KULICK ST@WESSON ST,6:53 AM,727,KULICK ST@WESSON ST,3:03 PM
MUNGER ES/MS,727,KOPERNICK ST@GREUSEL ST,6:55 AM,727,KOPERNICK ST@GREUSEL ST,3:05 PM
MUNGER ES/MS,727,BUCHANAN ST@WESSON ST,6:59 AM,727,BUCHANAN ST@WESSON ST,2:58 PM
MUNGER ES/MS,727,GILBERT ST@MORSE ST,7:01 AM,727,GILBERT ST@MORSE ST,2:55 PM
MUNGER ES/MS,727,BURTON ST@FERN ST,7:03 AM,727,BURTON ST@FERN ST,2:49 PM
MUNGER ES/MS,727,GILBERT ST@HORATIO ST,7:06 AM,727,GILBERT ST@HORATIO ST,2:52 PM
MUNGER ES/MS,727,GILBERT ST@PELOUZE ST,7:07 AM,727,GILBERT ST@PELOUZE ST,2:53 PM
NEINAS ES,217,W FORT ST@WOODMERE ST,7:43 AM,217,W FORT ST@WOODMERE ST,4:04 PM
NEINAS ES,217,HOMER ST@LAWNDALE ST,7:46 AM,217,HOMER ST@LAWNDALE ST,4:07 PM
NEINAS ES,217,AVIS ST@ELSMERE ST,7:49 AM,217,AVIS ST@ELSMERE ST,4:10 PM
NEINAS ES,217,W VERNOR HWY@FERRIS ST,7:53 AM,217,W VERNOR HWY@FERRIS ST,4:14 PM
NEINAS ES,217,PITT ST@CENTRAL ST,7:56 AM,217,PITT ST@CENTRAL ST,4:17 PM
NEINAS ES,217,CENTRAL ST@NAVY ST,7:58 AM,217,CENTRAL ST@NAVY ST,4:19 PM
NEINAS ES,217,BEARD ST@GARTNER ST,8:01 AM,217,BEARD ST@GARTNER ST,4:22 PM
NEINAS ES,217,GREEN ST N@LEXINGTON ST,8:06 AM,217,GREEN ST N@LEXINGTON ST,4:00 PM
NEINAS ES,217,LEWERENZ ST@W LAFAYETTE BLVD,8:09 AM,217,LEWERENZ ST@W LAFAYETTE BLVD,3:58 PM
NEINAS ES,217,LIVERNOIS AVE@ARMY ST,8:12 AM,217,LIVERNOIS AVE@ARMY ST,3:55 PM
NEINAS ES,217,ARMY ST@CASGRAIN ST,8:15 AM,217,ARMY ST@CASGRAIN ST,3:56 PM
NEINAS ES,217,LIVERNOIS AVE@REGULAR ST,8:17 AM,217,LIVERNOIS AVE@REGULAR ST,3:51 PM
NEINAS ES,716,GILBERT ST@HORATIO ST,8:03 AM,716,GILBERT ST@HORATIO ST,4:04 PM
NEINAS ES,716,OTIS ST@MILITARY ST,8:07 AM,716,OTIS ST@MILITARY ST,4:01 PM
NEINAS ES,716,W VERNOR HWY@CAMPBELL ST,8:11 AM,716,W VERNOR HWY@CAMPBELL ST,3:50 PM
NEINAS ES,716,CHRISTIANCY ST@JUNCTION ST,8:13 AM,716,CHRISTIANCY ST@JUNCTION ST,3:52 PM
NEINAS ES,716,PORTER ST@CAMPBELL ST,8:15 AM,716,PORTER ST@CAMPBELL ST,3:54 PM
NEINAS ES,716,CAVALRY ST@ARMY ST,8:17 AM,716,CAVALRY ST@ARMY ST,3:56 PM
NICHOLS ES,202,E GRAND BLVD@MACK AVE,8:02 AM,202,E GRAND BLVD@MACK AVE,3:49 PM
NICHOLS ES,202,E JEFFERSON AVE@IROQUOIS ST,8:10 AM,202,E JEFFERSON AVE@IROQUOIS ST,3:56 PM
NICHOLS ES,202,FISCHER ST@AGNES ST,8:11 AM,202,FISCHER ST@AGNES ST,3:58 PM
NICHOLS ES,202,HOLCOMB ST@AGNES ST,8:14 AM,202,HOLCOMB ST@AGNES ST,4:01 PM
NICHOLS ES,202,BELVIDERE ST@KERCHEVAL ST,8:16 AM,202,BELVIDERE ST@KERCHEVAL ST,4:03 PM
NICHOLS ES,313,MOFFAT ST@BURNS ST,7:36 AM,313,MOFFAT ST@BURNS ST,4:06 PM
NICHOLS ES,313,MAXWELL ST@MOFFAT ST,7:39 AM,313,MAXWELL ST@MOFFAT ST,4:08 PM
NICHOLS ES,313,MAXWELL ST@E WARREN AVE,7:41 AM,313,MAXWELL ST@E WARREN AVE,4:10 PM
NICHOLS ES,313,WILLARD ST@PARKER ST,7:44 AM,313,WILLARD ST@PARKER ST,4:11 PM
NICHOLS ES,313,FARNSWORTH ST@PARKER ST,7:46 AM,313,FARNSWORTH ST@PARKER ST,4:13 PM
NICHOLS ES,313,SEYBURN ST@FOREST AVE E,7:49 AM,313,SEYBURN ST@FOREST AVE E,4:15 PM
NICHOLS ES,313,CANFIELD ST E@VAN DYKE ST,7:52 AM,313,CANFIELD ST E@VAN DYKE ST,4:17 PM
NICHOLS ES,313,SEMINOLE ST@FOREST AVE E,7:55 AM,313,SEMINOLE ST@FOREST AVE E,3:57 PM
NICHOLS ES,313,CRANE ST@FOREST AVE E,7:58 AM,313,CRANE ST@FOREST AVE E,3:59 PM
NICHOLS ES,313,HOLCOMB ST@FOREST AVE E,8:00 AM,313,HOLCOMB ST@FOREST AVE E,4:01 PM
NICHOLS ES,313,CANFIELD ST E@BELVIDERE ST,8:04 AM,313,CANFIELD ST E@BELVIDERE ST,4:02 PM
NICHOLS ES,313,BELVIDERE ST@SYLVESTER ST,8:06 AM,313,BELVIDERE ST@SYLVESTER ST,3:49 PM
NICHOLS ES,313,CRANE ST@SYLVESTER ST,8:09 AM,313,CRANE ST@SYLVESTER ST,3:51 PM
NICHOLS ES,313,SYLVESTER ST@MAXWELL ST,8:12 AM,313,SYLVESTER ST@MAXWELL ST,3:55 PM
NOBLE ES/MS,240,FENKELL ST@STEEL ST,6:56 AM,240,FENKELL ST@STEEL ST,2:54 PM
NOBLE ES/MS,409,PLYMOUTH RD@ILENE ST,6:48 AM,409,PLYMOUTH RD@ILENE ST,3:12 PM
NOBLE ES/MS,409,WADSWORTH ST@BIRWOOD ST,6:51 AM,409,WADSWORTH ST@BIRWOOD ST,3:09 PM
NOBLE ES/MS,409,PLYMOUTH RD@LITTLEFIELD ST,6:56 AM,409,PLYMOUTH RD@LITTLEFIELD ST,3:04 PM
NOBLE ES/MS,409,FULLERTON ST@WARD ST,6:59 AM,409,FULLERTON ST@WARD ST,3:01 PM
NOBLE ES/MS,409,W BUENA VISTA ST@MEYERS RD,7:01 AM,409,W BUENA VISTA ST@MEYERS RD,2:56 PM
NOBLE ES/MS,409,W BUENA VISTA ST@MANOR ST,7:02 AM,409,W BUENA VISTA ST@MANOR ST,2:57 PM
NOBLE ES/MS,409,FULLERTON ST@BIRWOOD ST,7:08 AM,409,FULLERTON ST@BIRWOOD ST,2:50 PM
NOBLE ES/MS,410,SCHOOLCRAFT ST@PINEHURST ST,6:36 AM,410,SCHOOLCRAFT ST@PINEHURST ST,3:07 PM
NOBLE ES/MS,410,SCHOOLCRAFT ST@MONTE VISTA ST,6:39 AM,410,SCHOOLCRAFT ST@MONTE VISTA ST,3:10 PM
NOBLE ES/MS,410,SCHOOLCRAFT ST@WARD ST,6:51 AM,410,SCHOOLCRAFT ST@WARD ST,3:21 PM
NOBLE ES/MS,410,JEFFRIES FWY@LITTLEFIELD ST,6:53 AM,410,JEFFRIES FWY@LITTLEFIELD ST,3:23 PM
NOBLE ES/MS,410,SCHOOLCRAFT ST@WASHBURN ST,7:00 AM,410,SCHOOLCRAFT ST@WASHBURN ST,3:01 PM
NOBLE ES/MS,410,SCHOOLCRAFT ST@KENTUCKY ST,7:01 AM,410,SCHOOLCRAFT ST@KENTUCKY ST,2:58 PM
NOBLE ES/MS,410,INTERVALE ST@INDIANA ST,7:04 AM,410,INTERVALE ST@INDIANA ST,2:56 PM
NOBLE ES/MS,410,OHIO ST@SCHOOLCRAFT ST,7:06 AM,410,OHIO ST@SCHOOLCRAFT ST,2:53 PM
NOBLE ES/MS,410,INTERVALE ST@NORTHLAWN ST,7:08 AM,410,INTERVALE ST@NORTHLAWN ST,2:50 PM
NOBLE ES/MS,410,SCHOOLCRAFT ST@NORTHLAWN ST,7:10 AM,410,SCHOOLCRAFT ST@NORTHLAWN ST,2:52 PM
NOBLE ES/MS,4002,ROSA PARKS BLVD@HIGHLAND ST,6:51 AM,4002,ROSA PARKS BLVD@HIGHLAND ST,3:06 PM
NOBLE ES/MS,4003,FULLERTON ST@WILDEMERE ST,6:55 AM,4003,FULLERTON ST@WILDEMERE ST,3:02 PM
NOBLE ES/MS,4003,W BUENA VISTA ST@LAWTON ST,7:04 AM,4003,W BUENA VISTA ST@LAWTON ST,2:55 PM
NOBLE ES/MS,4005,SANTA ROSA DR@FULLERTON ST,7:09 AM,4005,SANTA ROSA DR@FULLERTON ST,2:52 PM
NOBLE ES/MS,4007,WEBB ST@BELLETERRE ST,6:52 AM,4007,WEBB ST@BELLETERRE ST,3:08 PM
NOBLE ES/MS,4007,AMERICAN ST@ELMHURST ST,6:57 AM,4007,AMERICAN ST@ELMHURST ST,3:02 PM
NOBLE ES/MS,4007,ELMHURST ST@STOEPEL ST,7:01 AM,4007,ELMHURST ST@STOEPEL ST,3:00 PM
NOBLE ES/MS,4007,ROSELAWN ST@ELMHURST ST,7:05 AM,4007,ROSELAWN ST@ELMHURST ST,2:53 PM
NOBLE ES/MS,4007,WYOMING ST@CORTLAND ST,7:12 AM,4007,WYOMING ST@CORTLAND ST,2:47 PM
NOBLE ES/MS,4009,ASHTON AVE@SAWYER ST,6:47 AM,4009,ASHTON AVE@SAWYER ST,3:11 PM
NOBLE ES/MS,4009,GREENFIELD RD@MACKENZIE ST,7:04 AM,4009,GREENFIELD RD@MACKENZIE ST,2:56 PM
NOBLE ES/MS,4010,DESOTO ST@MONICA ST,7:07 AM,4010,DESOTO ST@MONICA ST,2:53 PM
NOBLE ES/MS,4011,DAVISON W@SANTA ROSA DR,7:01 AM,4011,DAVISON W@SANTA ROSA DR,2:54 PM
NOBLE ES/MS,4011,EWALD CIR@SCHOOLCRAFT ST,7:06 AM,4011,EWALD CIR@SCHOOLCRAFT ST,2:51 PM
NOBLE ES/MS,4011,DAVISON W@ROSELAWN ST,7:10 AM,4011,DAVISON W@ROSELAWN ST,2:49 PM
NOBLE ES/MS,4605,WHITCOMB ST@WADSWORTH ST,6:43 AM,4605,WHITCOMB ST@WADSWORTH ST,3:11 PM
NOBLE ES/MS,4618,W DAVISON @ PETOSKEY AVE,7:08 AM,4618,W DAVISON @ PETOSKEY AVE,2:51 PM
NOLAN ES/MS,243,HARNED ST@E OUTER DR,7:54 AM,243,HARNED ST@E OUTER DR,4:18 PM
NOLAN ES/MS,243,HARNED ST@EMERY ST,7:57 AM,243,HARNED ST@EMERY ST,4:09 PM
NOLAN ES/MS,243,MACKAY ST@LANTZ ST E,7:59 AM,243,MACKAY ST@LANTZ ST E,4:07 PM
NOLAN ES/MS,243,FLEMING ST@EMERY ST,8:03 AM,243,FLEMING ST@EMERY ST,3:59 PM
NOLAN ES/MS,243,LUMPKIN ST@LANTZ ST E,8:05 AM,243,LUMPKIN ST@LANTZ ST E,4:04 PM
NOLAN ES/MS,243,EMERY ST@DEQUINDRE ST,8:10 AM,243,EMERY ST@DEQUINDRE ST,3:56 PM
NOLAN ES/MS,505,ROBINWOOD ST E@ANGLIN ST,7:45 AM,505,ROBINWOOD ST E@ANGLIN ST,3:51 PM
NOLAN ES/MS,505,NEVADA ST E@JOSEPH CAMPAU ST,7:48 AM,505,NEVADA ST E@JOSEPH CAMPAU ST,3:54 PM
NOLAN ES/MS,505,MINNESOTA ST@JOSEPH CAMPAU ST,7:49 AM,505,MINNESOTA ST@JOSEPH CAMPAU ST,3:55 PM
NOLAN ES/MS,505,STENDER ST@MITCHELL ST,7:51 AM,505,STENDER ST@MITCHELL ST,3:57 PM
NOLAN ES/MS,505,STENDER ST@ANGLIN ST,7:53 AM,505,STENDER ST@ANGLIN ST,4:00 PM
NOLAN ES/MS,505,STENDER ST@ARLINGTON ST,7:56 AM,505,STENDER ST@ARLINGTON ST,4:02 PM
NOLAN ES/MS,505,NEVADA ST E@GODDARD ST,7:58 AM,505,NEVADA ST E@GODDARD ST,4:04 PM
NOLAN ES/MS,505,NEVADA ST E@FLEMING ST,8:03 AM,505,NEVADA ST E@FLEMING ST,4:09 PM
NOLAN ES/MS,505,MARX ST@STENDER ST,8:06 AM,505,MARX ST@STENDER ST,4:12 PM
NOLAN ES/MS,505,MADEIRA ST@MARX ST,8:08 AM,505,MADEIRA ST@MARX ST,4:14 PM
NOLAN ES/MS,505,NEVADA ST E@ORLEANS ST,8:10 AM,505,NEVADA ST E@ORLEANS ST,4:16 PM
NOLAN ES/MS,505,NEVADA ST E@GREELEY ST,8:14 AM,505,NEVADA ST E@GREELEY ST,4:20 PM
NOLAN ES/MS,505,NEVADA ST E@RUSSELL ST,8:16 AM,505,NEVADA ST E@RUSSELL ST,4:21 PM
NOLAN ES/MS,507,ALAMEDA ST@GARY ST,7:48 AM,507,ALAMEDA ST@GARY ST,4:00 PM
NOLAN ES/MS,507,REMINGTON ST W@DERBY ST,7:51 AM,507,REMINGTON ST W@DERBY ST,3:57 PM
NOLAN ES/MS,507,REMINGTON ST E@IRVINGTON ST,7:53 AM,507,REMINGTON ST E@IRVINGTON ST,3:53 PM
NOLAN ES/MS,507,WINCHESTER E@ANDOVER ST,7:55 AM,507,WINCHESTER E@ANDOVER ST,3:50 PM
NOLAN ES/MS,507,IRVINGTON ST@E STATE FAIR AVE,7:59 AM,507,IRVINGTON ST@E STATE FAIR AVE,3:55 PM
NOLAN ES/MS,507,OMIRA ST@REMINGTON ST E,8:00 AM,507,OMIRA ST@REMINGTON ST E,3:48 PM
NOLAN ES/MS,507,HULL ST@WINCHESTER E,8:04 AM,507,HULL ST@WINCHESTER E,4:05 PM
NOLAN ES/MS,507,REMINGTON ST E@RIOPELLE ST,8:06 AM,507,REMINGTON ST E@RIOPELLE ST,4:07 PM
NOLAN ES/MS,507,ST AUBIN ST@E OUTER DR,8:08 AM,507,ST AUBIN ST@E OUTER DR,4:09 PM
NOLAN ES/MS,507,REMINGTON ST E@FLEMING ST,8:11 AM,507,REMINGTON ST E@FLEMING ST,4:13 PM
NOLAN ES/MS,507,WINCHESTER ST E@FLEMING ST,8:13 AM,507,WINCHESTER ST E@FLEMING ST,4:14 PM
NOLAN ES/MS,512,NEVADA ST E@NORWOOD ST,8:08 AM,512,NEVADA ST E@NORWOOD ST,3:52 PM
NOLAN ES/MS,515,W STATE FAIR AVE@RALSTON ST,8:02 AM,515,W STATE FAIR AVE@RALSTON ST,4:02 PM
NOLAN ES/MS,515,ADELINE ST@BAUMAN ST,8:03 AM,515,ADELINE ST@BAUMAN ST,4:04 PM
NOLAN ES/MS,515,LANTZ ST W@CHARLESTON ST,8:06 AM,515,LANTZ ST W@CHARLESTON ST,3:55 PM
NOLAN ES/MS,515,PENROSE ST@CARMAN ST,8:09 AM,515,PENROSE ST@CARMAN ST,3:58 PM
NOLAN ES/MS,515,IRVINGTON ST@EMERY ST,8:12 AM,515,IRVINGTON ST@EMERY ST,3:51 PM
NOLAN ES/MS,515,IRVINGTON ST@LANTZ ST E,8:16 AM,515,IRVINGTON ST@LANTZ ST E,3:49 PM
NOLAN ES/MS,519,WINCHESTER ST E@MITCHELL ST,7:48 AM,519,WINCHESTER ST E@MITCHELL ST,4:05 PM
NOLAN ES/MS,519,WINCHESTER ST E@WEXFORD ST,7:53 AM,519,WINCHESTER ST E@WEXFORD ST,4:11 PM
NOLAN ES/MS,519,ROBINWOOD ST E@LUMPKIN ST,8:09 AM,519,ROBINWOOD ST E@LUMPKIN ST,3:50 PM
NOLAN ES/MS,519,ROBINWOOD ST E@MARX ST,8:10 AM,519,ROBINWOOD ST E@MARX ST,3:52 PM
NOLAN ES/MS,558,NEVADA ST W@CHARLESTON ST,7:42 AM,558,NEVADA ST W@CHARLESTON ST,4:14 PM
NOLAN ES/MS,558,CHARLESTON ST@SAVANNAH ST W,7:43 AM,558,CHARLESTON ST@SAVANNAH ST W,4:15 PM
NOLAN ES/MS,558,GRIXDALE W@CHARLESTON ST,7:45 AM,558,GRIXDALE W@CHARLESTON ST,4:17 PM
NOLAN ES/MS,558,BRENTWOOD ST W@CHARLESTON ST,7:46 AM,558,BRENTWOOD ST W@CHARLESTON ST,4:19 PM
NOLAN ES/MS,558,JOHN R ST@GOLDEN GATE E,7:51 AM,558,JOHN R ST@GOLDEN GATE E,4:23 PM
NOLAN ES/MS,558,JOHN R ST@GRIXDALE E,7:53 AM,558,JOHN R ST@GRIXDALE E,4:25 PM
NOLAN ES/MS,558,JOHN R ST@NEVADA ST W,7:54 AM,558,JOHN R ST@NEVADA ST W,4:05 PM
NOLAN ES/MS,558,JOHN R ST@WORCESTER PL,7:55 AM,558,JOHN R ST@WORCESTER PL,4:07 PM
NOLAN ES/MS,558,JOHN R ST@LONGWOOD PL W,7:56 AM,558,JOHN R ST@LONGWOOD PL W,4:08 PM
NOLAN ES/MS,558,JOHN R ST@MONTANA ST W,8:00 AM,558,JOHN R ST@MONTANA ST W,4:11 PM
NOLAN ES/MS,558,NEVADA ST E@BRUSH ST,8:02 AM,558,NEVADA ST E@BRUSH ST,4:04 PM
NOLAN ES/MS,558,DAKOTA E@OMIRA ST,8:04 AM,558,DAKOTA E@OMIRA ST,4:01 PM
NOLAN ES/MS,558,MCNICHOLS RD E@CAMERON ST,8:08 AM,558,MCNICHOLS RD E@CAMERON ST,3:59 PM
NOLAN ES/MS,558,ROBINWOOD ST E@HAWTHORNE ST,8:12 AM,558,ROBINWOOD ST E@HAWTHORNE ST,3:54 PM
NOLAN ES/MS,558,GRIXDALE E@CARDONI ST,8:14 AM,558,GRIXDALE E@CARDONI ST,3:53 PM
NOLAN ES/MS,558,ROBINWOOD ST E@GREELEY ST,8:16 AM,558,ROBINWOOD ST E@GREELEY ST,3:49 PM
PALMER PARK PREP ES/MS,617,BLOOMFIELD RD@BRIARCLIFF RD,8:20 AM,617,BLOOMFIELD RD@BRIARCLIFF RD,4:26 PM
PALMER PARK PREP ES/MS,617,PEMBROKE AVE@STRATFORD RD,8:22 AM,617,PEMBROKE AVE@STRATFORD RD,4:28 PM
PALMER PARK PREP ES/MS,617,STRATHCONA DR@LOWELL DR,8:28 AM,617,STRATHCONA DR@LOWELL DR,4:35 PM
PALMER PARK PREP ES/MS,617,MERTON RD@2ND AVE,8:34 AM,617,MERTON RD@2ND AVE,4:41 PM
PALMER PARK PREP ES/MS,617,FLORENCE ST@LAWTON ST,8:39 AM,617,FLORENCE ST@LAWTON ST,4:46 PM
PALMER PARK PREP ES/MS,617,SANTA MARIA ST@QUINCY ST,8:43 AM,617,SANTA MARIA ST@QUINCY ST,4:49 PM
PALMER PARK PREP ES/MS,645,FLORENCE ST@MARK TWAIN ST,8:19 AM,645,FLORENCE ST@MARK TWAIN ST,4:50 PM
PALMER PARK PREP ES/MS,645,SCHAEFER HWY@VASSAR AVE,8:25 AM,645,SCHAEFER HWY@VASSAR AVE,4:44 PM
PALMER PARK PREP ES/MS,645,HARTWELL ST@CHIPPEWA ST,8:27 AM,645,HARTWELL ST@CHIPPEWA ST,4:42 PM
PALMER PARK PREP ES/MS,645,CAMBRIDGE AVE@MONTE VISTA ST,8:31 AM,645,CAMBRIDGE AVE@MONTE VISTA ST,4:38 PM
PALMER PARK PREP ES/MS,645,KINGSWOOD ST@CRANBROOK DR,8:34 AM,645,KINGSWOOD ST@CRANBROOK DR,4:35 PM
PALMER PARK PREP ES/MS,645,NORFOLK ST@NORTHLAWN ST,8:38 AM,645,NORFOLK ST@NORTHLAWN ST,4:31 PM
PALMER PARK PREP ES/MS,645,NORFOLK ST@STOEPEL ST,8:41 AM,645,NORFOLK ST@STOEPEL ST,4:27 PM
PALMER PARK PREP ES/MS,645,CAMBRIDGE AVE@WOODINGHAM DR,8:46 AM,645,CAMBRIDGE AVE@WOODINGHAM DR,4:23 PM
PALMER PARK PREP ES/MS,709,GROVE ST@PINEHURST ST,8:26 AM,709,GROVE ST@PINEHURST ST,4:43 PM
PALMER PARK PREP ES/MS,709,CURTIS ST@WASHBURN ST,8:33 AM,709,CURTIS ST@WASHBURN ST,4:36 PM
PALMER PARK PREP ES/MS,709,SANTA CLARA ST@CHERRYLAWN ST,8:38 AM,709,SANTA CLARA ST@CHERRYLAWN ST,4:32 PM
PALMER PARK PREP ES/MS,709,SANTA  MARIA @ SANTA BARBARA DR,8:40 AM,709,SANTA  MARIA @ SANTA BARBARA DR,4:29 PM
PALMER PARK PREP ES/MS,709,SANTA MARIA ST@SANTA ROSA DR,8:42 AM,709,SANTA MARIA ST@SANTA ROSA DR,4:27 PM
PALMER PARK PREP ES/MS,709,THATCHER ST@SAN JUAN DR,8:44 AM,709,THATCHER ST@SAN JUAN DR,4:24 PM
PALMER PARK PREP ES/MS,709,PICKFORD ST@STOEPEL ST,8:47 AM,709,PICKFORD ST@STOEPEL ST,4:22 PM
PASTEUR ES,611,CRANBROOK DR@ST MARTINS AVE,7:58 AM,611,CRANBROOK DR@ST MARTINS AVE,4:09 PM
PASTEUR ES,611,PEMBROKE AVE@INDIANA ST,8:02 AM,611,PEMBROKE AVE@INDIANA ST,4:04 PM
PASTEUR ES,611,CHIPPEWA ST@CHERRYLAWN ST,8:05 AM,611,CHIPPEWA ST@CHERRYLAWN ST,3:58 PM
PASTEUR ES,611,NORFOLK ST@OHIO ST,8:06 AM,611,NORFOLK ST@OHIO ST,3:59 PM
PASTEUR ES,611,INDIANA ST@NORFOLK ST,8:08 AM,611,INDIANA ST@NORFOLK ST,4:01 PM
PASTEUR ES,611,NORFOLK ST@NORTHLAWN ST,8:10 AM,611,NORFOLK ST@NORTHLAWN ST,3:56 PM
PASTEUR ES,611,NORFOLK ST@SAN JUAN DR,8:13 AM,611,NORFOLK ST@SAN JUAN DR,3:49 PM
PASTEUR ES,611,CHIPPEWA ST@SAN JUAN DR,8:14 AM,611,CHIPPEWA ST@SAN JUAN DR,3:48 PM
PASTEUR ES,611,CHIPPEWA ST@SANTA BARBARA DR,8:15 AM,611,CHIPPEWA ST@SANTA BARBARA DR,3:51 PM
PASTEUR ES,611,PEMBROKE AVE@WOODINGHAM DR,8:17 AM,611,PEMBROKE AVE@WOODINGHAM DR,3:53 PM
PASTEUR ES,620,OHIO ST@CAMBRIDGE AVE,8:09 AM,620,OHIO ST@CAMBRIDGE AVE,3:56 PM
PASTEUR ES,620,ROSELAWN ST@CAMBRIDGE AVE,8:11 AM,620,ROSELAWN ST@CAMBRIDGE AVE,3:53 PM
PASTEUR ES,620,CAMBRIDGE AVE@WOODINGHAM DR,8:13 AM,620,CAMBRIDGE AVE@WOODINGHAM DR,3:52 PM
PASTEUR ES,620,CLARITA ST@STOEPEL ST,8:16 AM,620,CLARITA ST@STOEPEL ST,3:48 PM
PASTEUR ES,651,CURTIS ST@WARRINGTON DR,7:49 AM,651,CURTIS ST@WARRINGTON DR,4:12 PM
PASTEUR ES,651,PARKSIDE ST@PICKFORD ST,7:53 AM,651,PARKSIDE ST@PICKFORD ST,4:10 PM
PASTEUR ES,651,SANTA MARIA ST@MUIRLAND ST,7:56 AM,651,SANTA MARIA ST@MUIRLAND ST,4:06 PM
PASTEUR ES,651,MERTON RD@2ND AVE,8:02 AM,651,MERTON RD@2ND AVE,4:01 PM
PASTEUR ES,651,WOODSTOCK DR@QUEENSTON PL,8:09 AM,651,WOODSTOCK DR@QUEENSTON PL,3:54 PM
PASTEUR ES,651,WOODSTOCK DR@RENFREW RD,8:12 AM,651,WOODSTOCK DR@RENFREW RD,3:52 PM
PRIEST ES/MS,207,BEECHWOOD ST@BEGOLE ST,7:52 AM,207,BEECHWOOD ST@BEGOLE ST,4:11 PM
PRIEST ES/MS,207,W WARREN AVE@DANIELS ST,7:57 AM,207,W WARREN AVE@DANIELS ST,3:59 PM
PRIEST ES/MS,207,FLOYD ST@RANGOON ST,7:59 AM,207,FLOYD ST@RANGOON ST,4:06 PM
PRIEST ES/MS,207,WILLETTE ST@CICOTTE ST,8:02 AM,207,WILLETTE ST@CICOTTE ST,3:57 PM
PRIEST ES/MS,207,HANSON ST@CICOTTE ST,8:07 AM,207,HANSON ST@CICOTTE ST,3:53 PM
PRIEST ES/MS,207,MCGRAW ST@MARTIN ST,8:09 AM,207,MCGRAW ST@MARTIN ST,3:51 PM
PRIEST ES/MS,207,BURWELL ST@BRADEN ST,8:15 AM,207,BURWELL ST@BRADEN ST,4:01 PM
PRIEST ES/MS,246,W FORT ST@WOODMERE ST,8:04 AM,246,W FORT ST@WOODMERE ST,4:08 PM
PRIEST ES/MS,703,OTIS ST@LOCKWOOD ST,7:38 AM,703,OTIS ST@LOCKWOOD ST,4:02 PM
PRIEST ES/MS,703,OTIS ST@GREUSEL ST,7:40 AM,703,OTIS ST@GREUSEL ST,4:07 PM
PRIEST ES/MS,703,ST STEPHENS ST@LUMLEY ST,8:03 AM,703,ST STEPHENS ST@LUMLEY ST,4:22 PM
PRIEST ES/MS,703,W EDSEL FORD FWY@CHOPIN ST,8:14 AM,703,W EDSEL FORD FWY@CHOPIN ST,3:53 PM
PRIEST ES/MS,777,MAJESTIC ST@BURNETTE ST,7:55 AM,777,MAJESTIC ST@BURNETTE ST,4:09 PM
PRIEST ES/MS,777,KIRKWOOD ST@TARNOW ST,8:00 AM,777,KIRKWOOD ST@TARNOW ST,4:06 PM
PRIEST ES/MS,777,DAYTON ST@MCDONALD ST,8:02 AM,777,DAYTON ST@MCDONALD ST,4:04 PM
PRIEST ES/MS,777,ADDISON ST@DENNISON ST,8:09 AM,777,ADDISON ST@DENNISON ST,3:59 PM
PRIEST ES/MS,777,DENNISON ST@CABOT ST,8:10 AM,777,DENNISON ST@CABOT ST,3:55 PM
PRIEST ES/MS,777,MCGRAW ST@RENVILLE ST,8:13 AM,777,MCGRAW ST@RENVILLE ST,3:51 PM
PRIEST ES/MS,777,LONYO ST@MCGRAW ST,8:14 AM,777,LONYO ST@MCGRAW ST,3:48 PM
PRIEST ES/MS,777,RENVILLE ST@HENDERSON ST,8:16 AM,777,RENVILLE ST@HENDERSON ST,3:53 PM
PULASKI ,309,LINNHURST ST@GRUEBNER ST,6:50 AM,309,LINNHURST ST@GRUEBNER ST,3:08 PM
PULASKI ,309,TEPPERT ST@LAPPIN ST,6:54 AM,309,TEPPERT ST@LAPPIN ST,3:01 PM
PULASKI ,309,7 MILE RD E@BELAND ST,6:56 AM,309,7 MILE RD E@BELAND ST,3:05 PM
PULASKI ,309,7 MILE RD E@ALGONAC ST,6:57 AM,309,7 MILE RD E@ALGONAC ST,3:06 PM
PULASKI ,309,MANNING ST@BELAND ST,7:01 AM,309,MANNING ST@BELAND ST,2:57 PM
PULASKI ,309,HOOVER ST@STURGIS ST,7:03 AM,309,HOOVER ST@STURGIS ST,2:59 PM
PULASKI ,309,LAPPIN ST@ROWE ST,7:04 AM,309,LAPPIN ST@ROWE ST,2:50 PM
PULASKI ,309,STATE FAIR ST E@ROWE ST,7:07 AM,309,STATE FAIR ST E@ROWE ST,2:52 PM
PULASKI ,309,BRINGARD DR@ROWE ST,7:09 AM,309,BRINGARD DR@ROWE ST,2:54 PM
PULASKI ,314,FAIRMOUNT DR@BARLOW ST,7:01 AM,314,FAIRMOUNT DR@BARLOW ST,2:54 PM
PULASKI ,314,BARLOW ST@MANNING ST,7:03 AM,314,BARLOW ST@MANNING ST,2:50 PM
PULASKI ,314,HAMBURG ST@BRINGARD DR,7:06 AM,314,HAMBURG ST@BRINGARD DR,2:55 PM
PULASKI ,314,MANNING ST@DRESDEN ST,7:10 AM,314,MANNING ST@DRESDEN ST,2:51 PM
PULASKI ,504,WESTPHALIA ST@BRINGARD DR,6:52 AM,504,WESTPHALIA ST@BRINGARD DR,3:07 PM
PULASKI ,504,COLLINGHAM DR@GOULBURN ST,6:54 AM,504,COLLINGHAM DR@GOULBURN ST,3:05 PM
PULASKI ,504,JOANN ST@COLLINGHAM DR,6:57 AM,504,JOANN ST@COLLINGHAM DR,3:03 PM
PULASKI ,504,HICKORY ST@BRINGARD DR,6:58 AM,504,HICKORY ST@BRINGARD DR,3:01 PM
PULASKI ,504,EDMORE DR@RENO ST,7:02 AM,504,EDMORE DR@RENO ST,2:57 PM
PULASKI ,504,COLLINGHAM DR@HOYT ST,7:04 AM,504,COLLINGHAM DR@HOYT ST,2:56 PM
PULASKI ,504,COLLINGHAM DR@ANVIL ST,7:06 AM,504,COLLINGHAM DR@ANVIL ST,2:54 PM
PULASKI ,504,COLLINGHAM DR@REGENT DR,7:07 AM,504,COLLINGHAM DR@REGENT DR,2:53 PM
PULASKI ,504,REGENT DR@FAIRMOUNT DR,7:11 AM,504,REGENT DR@FAIRMOUNT DR,2:49 PM
PULASKI ,531,STATE FAIR ST E@ALCOY ST,6:50 AM,531,STATE FAIR ST E@ALCOY ST,2:56 PM
PULASKI ,531,MANNING ST@FAIRPORT ST,6:52 AM,531,MANNING ST@FAIRPORT ST,3:00 PM
PULASKI ,531,PINEWOOD ST@BARLOW ST,6:56 AM,531,PINEWOOD ST@BARLOW ST,2:52 PM
PULASKI ,531,7 MILE RD E@STRASBURG ST,6:58 AM,531,7 MILE RD E@STRASBURG ST,2:49 PM
PULASKI ,531,LAPPIN ST@BARLOW ST,7:00 AM,531,LAPPIN ST@BARLOW ST,2:51 PM
PULASKI ,531,LINNHURST ST@BARLOW ST,7:02 AM,531,LINNHURST ST@BARLOW ST,3:12 PM
PULASKI ,531,EASTWOOD ST@JOANN ST,7:06 AM,531,EASTWOOD ST@JOANN ST,3:05 PM
PULASKI ,531,LINNHURST ST@JOANN ST,7:07 AM,531,LINNHURST ST@JOANN ST,3:06 PM
PULASKI ,531,PARK GROVE ST@ALCOY ST,7:09 AM,531,PARK GROVE ST@ALCOY ST,3:08 PM
PULASKI ,531,GREINER ST@FAIRPORT ST,7:10 AM,531,GREINER ST@FAIRPORT ST,3:10 PM
ROBERTO CLEMENTE,778,HARBAUGH ST S@MELVILLE ST,7:47 AM,778,HARBAUGH ST S@MELVILLE ST,3:47 PM
ROBERTO CLEMENTE,778,DEARBORN ST@HARBAUGH ST S,7:48 AM,778,DEARBORN ST@HARBAUGH ST S,3:45 PM
ROBERTO CLEMENTE,778,S YALE ST@DILL PL,7:51 AM,778,S YALE ST@DILL PL,3:43 PM
ROBERTO CLEMENTE,778,WESTEND ST S@MELVILLE ST,7:55 AM,778,WESTEND ST S@MELVILLE ST,3:41 PM
ROBERTO CLEMENTE,778,W FISHER FWY@DRAGOON ST,7:59 AM,778,W FISHER FWY@DRAGOON ST,3:37 PM
ROBERTO CLEMENTE,778,W LAFAYETTE BLVD@WATERMAN ST,8:01 AM,778,W LAFAYETTE BLVD@WATERMAN ST,3:33 PM
ROBESON / MALCOLM X ACADEMY,613,JOHN C LODGE FWY@NORMANDY ST,7:58 AM,613,JOHN C LODGE FWY@NORMANDY ST,4:17 PM
ROBESON / MALCOLM X ACADEMY,613,PILGRIM ST@LA SALLE BLVD,8:00 AM,613,PILGRIM ST@LA SALLE BLVD,4:26 PM
ROBESON / MALCOLM X ACADEMY,613,LOG CABIN ST@HUGHES ST,8:03 AM,613,LOG CABIN ST@HUGHES ST,4:24 PM
ROBESON / MALCOLM X ACADEMY,613,FLORENCE ST@LOG CABIN ST,8:05 AM,613,FLORENCE ST@LOG CABIN ST,4:28 PM
ROBESON / MALCOLM X ACADEMY,613,BAYLIS ST@GROVE ST,8:07 AM,613,BAYLIS ST@GROVE ST,4:30 PM
ROBESON / MALCOLM X ACADEMY,613,MUIRLAND ST@FLORENCE ST,8:11 AM,613,MUIRLAND ST@FLORENCE ST,4:34 PM
ROBESON / MALCOLM X ACADEMY,613,MIDLAND ST@LAWTON ST,8:15 AM,613,MIDLAND ST@LAWTON ST,4:38 PM
ROBESON / MALCOLM X ACADEMY,613,MIDLAND ST@PARKSIDE ST,8:16 AM,613,MIDLAND ST@PARKSIDE ST,4:39 PM
ROBESON / MALCOLM X ACADEMY,613,PETOSKEY AVE@FENKELL ST,8:20 AM,613,PETOSKEY AVE@FENKELL ST,4:13 PM
RONALD BROWN,303,LINVILLE ST@NEFF AVE,6:29 AM,303,LINVILLE ST@NEFF AVE,3:18 PM
RONALD BROWN,303,SOUTHAMPTON ST@UNIVERSITY PL,6:34 AM,303,SOUTHAMPTON ST@UNIVERSITY PL,3:16 PM
RONALD BROWN,303,NEFF AVE@MUNICH ST,6:39 AM,303,NEFF AVE@MUNICH ST,3:12 PM
RONALD BROWN,303,GUILFORD ST@CORNWALL ST,6:42 AM,303,GUILFORD ST@CORNWALL ST,3:09 PM
RONALD BROWN,303,CADIEUX RD@CORNWALL ST,6:45 AM,303,CADIEUX RD@CORNWALL ST,3:07 PM
RONALD BROWN,303,WAVENEY ST@HARVARD RD,6:47 AM,303,WAVENEY ST@HARVARD RD,3:03 PM
RONALD BROWN,303,CADIEUX RD@WALLINGFORD ST,6:51 AM,303,CADIEUX RD@WALLINGFORD ST,3:02 PM
RONALD BROWN,303,ROSEWOOD ST@GRAYTON ST,6:56 AM,303,ROSEWOOD ST@GRAYTON ST,3:00 PM
RONALD BROWN,303,WINDSOR ST@BEDFORD ST,7:00 AM,303,WINDSOR ST@BEDFORD ST,2:54 PM
RONALD BROWN,303,WINDSOR ST@BUCKINGHAM AVE,7:02 AM,303,WINDSOR ST@BUCKINGHAM AVE,2:55 PM
RONALD BROWN,303,BEDFORD ST@WAVENEY ST,7:07 AM,303,BEDFORD ST@WAVENEY ST,2:51 PM
RONALD BROWN,303,CORNWALL ST@COURVILLE ST,7:10 AM,303,CORNWALL ST@COURVILLE ST,2:49 PM
RONALD BROWN,306,LINVILLE ST@BISHOP ST,6:48 AM,306,LINVILLE ST@BISHOP ST,3:00 PM
RONALD BROWN,306,LINVILLE ST@KENSINGTON AVE,6:51 AM,306,LINVILLE ST@KENSINGTON AVE,3:02 PM
RONALD BROWN,306,LINVILLE ST@HARVARD RD,6:55 AM,306,LINVILLE ST@HARVARD RD,2:59 PM
RONALD BROWN,306,SOUTHAMPTON ST@GRAYTON ST,6:58 AM,306,SOUTHAMPTON ST@GRAYTON ST,2:57 PM
RONALD BROWN,306,FRANKFORT ST@BISHOP ST,7:03 AM,306,FRANKFORT ST@BISHOP ST,2:55 PM
RONALD BROWN,306,FRANKFORT ST@KENSINGTON AVE,7:07 AM,306,FRANKFORT ST@KENSINGTON AVE,2:51 PM
RONALD BROWN,306,FRANKFORT ST@3 MILE DR,7:11 AM,306,FRANKFORT ST@3 MILE DR,2:48 PM
RONALD BROWN,511,MCKINNEY ST@KENSINGTON AVE,6:53 AM,511,MCKINNEY ST@KENSINGTON AVE,3:00 PM
RONALD BROWN,511,KING RICHARD ST @ BISHOP ST,6:56 AM,511,KING RICHARD ST @ BISHOP ST,3:06 PM
RONALD BROWN,511,KING RICHARD ST@BEDFORD ST,7:00 AM,511,KING RICHARD ST@BEDFORD ST,2:57 PM
RONALD BROWN,511,SOMERSET AVE@HAVERHILL ST,7:03 AM,511,SOMERSET AVE@HAVERHILL ST,2:54 PM
RONALD BROWN,511,MUNICH ST@HAVERHILL ST,7:10 AM,511,MUNICH ST@HAVERHILL ST,2:49 PM
RONALD BROWN,514,WAVENEY ST@CHATSWORTH ST,6:43 AM,514,WAVENEY ST@CHATSWORTH ST,2:49 PM
RONALD BROWN,514,BALFOUR RD@WAVENEY ST,6:45 AM,514,BALFOUR RD@WAVENEY ST,2:51 PM
RONALD BROWN,514,MUNICH ST@NOTTINGHAM RD,6:48 AM,514,MUNICH ST@NOTTINGHAM RD,2:53 PM
RONALD BROWN,514,ALTER RD@WAVENEY ST,6:53 AM,514,ALTER RD@WAVENEY ST,2:56 PM
RONALD BROWN,514,VOIGHT ST@WAYBURN ST,6:56 AM,514,VOIGHT ST@WAYBURN ST,2:57 PM
RONALD BROWN,514,WAYBURN ST@FRANKFORT ST,7:00 AM,514,WAYBURN ST@FRANKFORT ST,2:59 PM
RONALD BROWN,514,CHANDLER PARK DR@LAKEWOOD ST,7:03 AM,514,CHANDLER PARK DR@LAKEWOOD ST,3:06 PM
RONALD BROWN,514,LINVILLE ST@LENOX ST,7:07 AM,514,LINVILLE ST@LENOX ST,3:08 PM
RONALD BROWN,514,LINVILLE ST@WAYBURN ST,7:11 AM,514,LINVILLE ST@WAYBURN ST,3:02 PM
RONALD BROWN,3616,MACK AVE@GARLAND ST,6:38 AM,3616,MACK AVE@GARLAND ST,3:16 PM
RONALD BROWN,3616,SOUTHAMPTON ST@DREXEL ST,7:04 AM,3616,SOUTHAMPTON ST@DREXEL ST,2:57 PM
RONALD BROWN,3616,CHANDLER PARK DR@LAKEVIEW ST,7:07 AM,3616,CHANDLER PARK DR@LAKEVIEW ST,2:51 PM
RONALD BROWN,3616,LINVILLE ST@PHILIP ST,7:11 AM,3616,LINVILLE ST@PHILIP ST,2:48 PM
SAMPSON WEBBER ES/MS,204,MARTIN LUTHER KING JR BLVD@14TH ST,7:40 AM,204,MARTIN LUTHER KING JR BLVD@14TH ST,3:55 PM
SAMPSON WEBBER ES/MS,204,MARTIN LUTHER KING JR BLVD@LAWTON ST,7:47 AM,204,MARTIN LUTHER KING JR BLVD@LAWTON ST,4:00 PM
SAMPSON WEBBER ES/MS,209,VICKSBURG ST@WILDEMERE ST,8:08 AM,209,VICKSBURG ST@WILDEMERE ST,3:54 PM
SAMPSON WEBBER ES/MS,214,LINSDALE ST@NORTHFIELD ST,7:43 AM,214,LINSDALE ST@NORTHFIELD ST,3:55 PM
SAMPSON WEBBER ES/MS,214,CLARENDON ST S@BEECHWOOD ST,7:45 AM,214,CLARENDON ST S@BEECHWOOD ST,3:57 PM
SAMPSON WEBBER ES/MS,214,SPOKANE ST@NORTHFIELD ST,7:53 AM,214,SPOKANE ST@NORTHFIELD ST,3:54 PM
SAMPSON WEBBER ES/MS,214,TIREMAN ST@COLFAX ST,7:58 AM,214,TIREMAN ST@COLFAX ST,3:51 PM
SAMPSON WEBBER ES/MS,214,COBB PL@30TH ST,8:05 AM,214,COBB PL@30TH ST,4:13 PM
SAMPSON WEBBER ES/MS,214,GRAND BLVD W@MOORE PL,8:10 AM,214,GRAND BLVD W@MOORE PL,4:17 PM
SAMPSON WEBBER ES/MS,214,23RD ST@MCGRAW ST,8:12 AM,214,23RD ST@MCGRAW ST,4:20 PM
SAMPSON WEBBER ES/MS,221,CENTRAL ST@ROY ST,8:01 AM,221,CENTRAL ST@ROY ST,3:57 PM
SAMPSON WEBBER ES/MS,221,MAJESTIC ST@BURNETTE ST,8:06 AM,221,MAJESTIC ST@BURNETTE ST,3:54 PM
SAMPSON WEBBER ES/MS,221,BARTON ST@RANGOON ST,8:10 AM,221,BARTON ST@RANGOON ST,3:49 PM
SAMPSON WEBBER ES/MS,221,CLIFTON ST@RANGOON ST,8:13 AM,221,CLIFTON ST@RANGOON ST,3:52 PM
SAMPSON WEBBER ES/MS,236,CALVERT ST@LAWTON ST,7:27 AM,236,CALVERT ST@LAWTON ST,4:27 PM
SAMPSON WEBBER ES/MS,653,JOY RD@MONICA ST,7:55 AM,653,JOY RD@MONICA ST,4:06 PM
SAMPSON WEBBER ES/MS,653,UNDERWOOD ST@NORTHFIELD ST,8:02 AM,653,UNDERWOOD ST@NORTHFIELD ST,3:56 PM
SAMPSON WEBBER ES/MS,653,JOY RD@EPWORTH ST,8:07 AM,653,JOY RD@EPWORTH ST,3:53 PM
SAMPSON WEBBER ES/MS,653,NORTHFIELD ST@JOY RD,8:12 AM,653,NORTHFIELD ST@JOY RD,3:55 PM
SAMPSON WEBBER ES/MS,653,NORTHFIELD ST@MARTINDALE ST S,8:15 AM,653,NORTHFIELD ST@MARTINDALE ST S,3:50 PM
SAMPSON WEBBER ES/MS,741,GARDEN ST@CENTRAL ST,7:45 AM,741,GARDEN ST@CENTRAL ST,4:05 PM
SAMPSON WEBBER ES/MS,741,ALASKA ST@BRYDEN ST,7:51 AM,741,ALASKA ST@BRYDEN ST,4:02 PM
SAMPSON WEBBER ES/MS,741,GARDEN ST@PRAIRIE ST,7:57 AM,741,GARDEN ST@PRAIRIE ST,4:00 PM
SAMPSON WEBBER ES/MS,741,DIVERSEY ST@PRAIRIE ST,8:01 AM,741,DIVERSEY ST@PRAIRIE ST,3:58 PM
SAMPSON WEBBER ES/MS,741,TIREMAN ST@RANGOON ST,8:08 AM,741,TIREMAN ST@RANGOON ST,3:53 PM
SAMPSON WEBBER ES/MS,741,CARBONDALE ST@VANCOUVER ST,8:11 AM,741,CARBONDALE ST@VANCOUVER ST,3:49 PM
SAMPSON WEBBER ES/MS,741,LIVERNOIS AVE@LINSDALE ST,8:14 AM,741,LIVERNOIS AVE@LINSDALE ST,3:51 PM
SCHULZE ES/MS,614,MCNICHOLS RD W@WOODINGHAM DR,7:33 AM,614,MCNICHOLS RD W@WOODINGHAM DR,3:50 PM
SCHULZE ES/MS,614,PARKSIDE ST@GROVE ST,7:42 AM,614,PARKSIDE ST@GROVE ST,3:58 PM
SCHULZE ES/MS,614,FLORENCE ST@PARKSIDE ST,7:43 AM,614,FLORENCE ST@PARKSIDE ST,3:59 PM
SCHULZE ES/MS,614,FLORENCE ST@BAYLIS ST,7:45 AM,614,FLORENCE ST@BAYLIS ST,4:02 PM
SCHULZE ES/MS,614,CHIPPEWA ST@ROSELAWN ST,7:59 AM,614,CHIPPEWA ST@ROSELAWN ST,4:22 PM
SCHULZE ES/MS,614,CAMBRIDGE AVE@INDIANA ST,8:03 AM,614,CAMBRIDGE AVE@INDIANA ST,4:18 PM
SCHULZE ES/MS,616,APPOLINE ST@MARGARETA ST,7:47 AM,616,APPOLINE ST@MARGARETA ST,4:06 PM
SCHULZE ES/MS,616,MARGARETA ST@SORRENTO ST,7:48 AM,616,MARGARETA ST@SORRENTO ST,4:08 PM
SCHULZE ES/MS,616,CLARITA ST@SORRENTO ST,7:49 AM,616,CLARITA ST@SORRENTO ST,4:09 PM
SCHULZE ES/MS,616,W OUTER DR@SORRENTO ST,7:52 AM,616,W OUTER DR@SORRENTO ST,4:17 PM
SCHULZE ES/MS,616,W 7 MILE RD@MANOR ST,7:56 AM,616,W 7 MILE RD@MANOR ST,4:11 PM
SCHULZE ES/MS,616,MARGARETA ST@WASHBURN ST,8:00 AM,616,MARGARETA ST@WASHBURN ST,3:54 PM
SCHULZE ES/MS,616,CURTIS ST@WASHBURN ST,8:02 AM,616,CURTIS ST@WASHBURN ST,3:51 PM
SCHULZE ES/MS,616,MARGARETA ST@ILENE ST,8:05 AM,616,MARGARETA ST@ILENE ST,3:55 PM
SCHULZE ES/MS,616,MENDOTA ST@MARGARETA ST,8:08 AM,616,MENDOTA ST@MARGARETA ST,3:58 PM
SCHULZE ES/MS,616,PICKFORD ST@MONTE VISTA ST,8:13 AM,616,PICKFORD ST@MONTE VISTA ST,4:00 PM
SCHULZE ES/MS,616,THATCHER ST@STEEL ST,8:17 AM,616,THATCHER ST@STEEL ST,4:03 PM
SCHULZE ES/MS,680,MIDLAND ST@OHIO ST,7:51 AM,680,MIDLAND ST@OHIO ST,4:14 PM
SCHULZE ES/MS,680,PILGRIM ST@INDIANA ST,7:53 AM,680,PILGRIM ST@INDIANA ST,4:15 PM
SCHULZE ES/MS,680,PURITAN ST@ILENE ST,8:02 AM,680,PURITAN ST@ILENE ST,4:11 PM
SCHULZE ES/MS,680,FLORENCE ST@WASHBURN ST,8:04 AM,680,FLORENCE ST@WASHBURN ST,3:54 PM
SCHULZE ES/MS,680,GROVE ST@GRIGGS ST,8:06 AM,680,GROVE ST@GRIGGS ST,3:56 PM
SCHULZE ES/MS,680,FLORENCE ST@BIRWOOD ST,8:10 AM,680,FLORENCE ST@BIRWOOD ST,4:00 PM
SCHULZE ES/MS,680,GROVE ST@PINEHURST ST,8:13 AM,680,GROVE ST@PINEHURST ST,4:03 PM
SCHULZE ES/MS,712,CURTIS ST@HUBBELL ST,7:48 AM,712,CURTIS ST@HUBBELL ST,4:09 PM
SCHULZE ES/MS,712,CHIPPEWA ST@SNOWDEN ST,8:01 AM,712,CHIPPEWA ST@SNOWDEN ST,3:57 PM
SPAIN ES/MS,205,CANTON ST@HANCOCK ST E,6:38 AM,205,CANTON ST@HANCOCK ST E,3:24 PM
SPAIN ES/MS,205,HANCOCK ST E@MELDRUM ST,6:41 AM,205,HANCOCK ST E@MELDRUM ST,3:21 PM
SPAIN ES/MS,205,HANCOCK ST E@ELLERY ST,6:43 AM,205,HANCOCK ST E@ELLERY ST,3:19 PM
SPAIN ES/MS,205,GARFIELD ST@ELMWOOD ST,6:45 AM,205,GARFIELD ST@ELMWOOD ST,3:16 PM
SPAIN ES/MS,205,LELAND ST@MITCHELL ST,6:49 AM,205,LELAND ST@MITCHELL ST,3:11 PM
SPAIN ES/MS,205,HALE ST@JOSEPH CAMPAU ST,6:51 AM,205,HALE ST@JOSEPH CAMPAU ST,3:09 PM
SPAIN ES/MS,205,CANFIELD ST E@ST AUBIN ST,6:55 AM,205,CANFIELD ST E@ST AUBIN ST,3:06 PM
SPAIN ES/MS,205,CHRYSLER DR@SUPERIOR ST,6:59 AM,205,CHRYSLER DR@SUPERIOR ST,3:02 PM
SPAIN ES/MS,205,CHRYSLER DR@CANFIELD ST E,7:00 AM,205,CHRYSLER DR@CANFIELD ST E,3:03 PM
SPAIN ES/MS,205,BRUSH ST@HANCOCK ST E,7:07 AM,205,BRUSH ST@HANCOCK ST E,2:53 PM
SPAIN ES/MS,205,JOHN R ST@HANCOCK ST E,7:09 AM,205,JOHN R ST@HANCOCK ST E,2:55 PM
THIRKELL ES,219,HERITAGE PL@OTSEGO ST,8:06 AM,219,HERITAGE PL@OTSEGO ST,3:57 PM
THIRKELL ES,219,TAYLOR ST@HOLMUR ST,8:09 AM,219,TAYLOR ST@HOLMUR ST,3:59 PM
THIRKELL ES,219,PINGREE ST@HOLMUR ST,8:11 AM,219,PINGREE ST@HOLMUR ST,3:55 PM
THIRKELL ES,219,VIRGINIA PARK ST@HOLMUR ST,8:13 AM,219,VIRGINIA PARK ST@HOLMUR ST,3:53 PM
THIRKELL ES,219,WHITNEY ST@HOLMUR ST,8:14 AM,219,WHITNEY ST@HOLMUR ST,3:51 PM
THIRKELL ES,223,WHITNEY ST@WILDEMERE ST,7:57 AM,223,WHITNEY ST@WILDEMERE ST,3:51 PM
THIRKELL ES,223,VICKSBURG ST@WILDEMERE ST,7:59 AM,223,VICKSBURG ST@WILDEMERE ST,3:52 PM
THIRKELL ES,223,PHILADELPHIA ST W@LAWTON ST,8:01 AM,223,PHILADELPHIA ST W@LAWTON ST,3:58 PM
THIRKELL ES,223,CARTER ST@WILDEMERE ST,8:03 AM,223,CARTER ST@WILDEMERE ST,4:00 PM
THIRKELL ES,223,HAZELWOOD ST@WILDEMERE ST,8:05 AM,223,HAZELWOOD ST@WILDEMERE ST,4:01 PM
THIRKELL ES,223,TAYLOR ST@WILDEMERE ST,8:06 AM,223,TAYLOR ST@WILDEMERE ST,4:02 PM
THIRKELL ES,223,CL FRANKLIN BLVD@TAYLOR ST,8:08 AM,223,CL FRANKLIN BLVD@TAYLOR ST,4:05 PM
THIRKELL ES,223,BLAINE ST@14TH ST,8:13 AM,223,BLAINE ST@14TH ST,4:10 PM
THIRKELL ES,223,LINWOOD ST@VIRGINIA PARK ST,8:16 AM,223,LINWOOD ST@VIRGINIA PARK ST,3:55 PM
THIRKELL ES,224,WEBB ST@WOODROW WILSON ST,7:46 AM,224,WEBB ST@WOODROW WILSON ST,4:19 PM
THIRKELL ES,224,LAWRENCE ST@BYRON ST,7:48 AM,224,LAWRENCE ST@BYRON ST,4:17 PM
THIRKELL ES,224,CALVERT ST@JOHN C LODGE FWY,7:50 AM,224,CALVERT ST@JOHN C LODGE FWY,4:15 PM
THIRKELL ES,224,LONGFELLOW ST@3RD ST,7:54 AM,224,LONGFELLOW ST@3RD ST,4:12 PM
THIRKELL ES,224,CLAIRMOUNT ST@WOODROW WILSON ST,7:58 AM,224,CLAIRMOUNT ST@WOODROW WILSON ST,4:08 PM
THIRKELL ES,224,TAYLOR ST@ROSA PARKS BLVD,8:00 AM,224,TAYLOR ST@ROSA PARKS BLVD,4:05 PM
THIRKELL ES,224,WOODROW WILSON ST@GLADSTONE ST,8:02 AM,224,WOODROW WILSON ST@GLADSTONE ST,4:03 PM
THIRKELL ES,224,EUCLID ST W@BYRON ST,8:04 AM,224,EUCLID ST W@BYRON ST,3:58 PM
THIRKELL ES,224,WOODROW WILSON ST@EUCLID ST W,8:06 AM,224,WOODROW WILSON ST@EUCLID ST W,4:00 PM
THIRKELL ES,224,PALLISTER ST@BYRON ST,8:09 AM,224,PALLISTER ST@BYRON ST,3:55 PM
THIRKELL ES,224,GRAND BLVD W@CHURCHILL ST,8:14 AM,224,GRAND BLVD W@CHURCHILL ST,3:50 PM
THIRKELL ES,224,SEWARD ST@ROSA PARKS BLVD,8:17 AM,224,SEWARD ST@ROSA PARKS BLVD,3:47 PM
THIRKELL ES,225,HARMON ST@JOHN R ST,7:52 AM,225,HARMON ST@JOHN R ST,4:13 PM
THIRKELL ES,225,2ND AVE@EDISON ST,7:55 AM,225,2ND AVE@EDISON ST,4:08 PM
THIRKELL ES,225,CLAIRMOUNT ST@2ND AVE,7:59 AM,225,CLAIRMOUNT ST@2ND AVE,4:06 PM
THIRKELL ES,225,WOODWARD AVE@KING ST,8:03 AM,225,WOODWARD AVE@KING ST,4:02 PM
THIRKELL ES,225,PINGREE ST@3RD ST,8:06 AM,225,PINGREE ST@3RD ST,3:59 PM
THIRKELL ES,225,SEWARD ST@3RD ST,8:08 AM,225,SEWARD ST@3RD ST,3:55 PM
THIRKELL ES,225,3RD ST@DELAWARE ST,8:09 AM,225,3RD ST@DELAWARE ST,3:56 PM
THIRKELL ES,225,DELAWARE ST@2ND AVE,8:11 AM,225,DELAWARE ST@2ND AVE,3:53 PM
THIRKELL ES,225,LOTHROP RD@2ND AVE,8:13 AM,225,LOTHROP RD@2ND AVE,3:50 PM
THIRKELL ES,229,TRUMBULL ST@1-94 ON RAMP S,7:51 AM,229,TRUMBULL ST@1-94 ON RAMP S,4:14 PM
THIRKELL ES,229,ELIJAH MCCOY DR@JOHN C LODGE FWY,7:53 AM,229,ELIJAH MCCOY DR@JOHN C LODGE FWY,4:17 PM
THIRKELL ES,229,ANTOINETTE ST@16TH ST,7:58 AM,229,ANTOINETTE ST@16TH ST,4:11 PM
THIRKELL ES,229,LINWOOD ST@HUDSON ST,8:00 AM,229,LINWOOD ST@HUDSON ST,4:06 PM
THIRKELL ES,229,STANLEY ST@MISSOURI ST,8:02 AM,229,STANLEY ST@MISSOURI ST,4:08 PM
THIRKELL ES,229,LINWOOD ST@WREFORD ST,8:05 AM,229,LINWOOD ST@WREFORD ST,4:04 PM
THIRKELL ES,229,WILDEMERE ST@LOTHROP ST,8:08 AM,229,WILDEMERE ST@LOTHROP ST,4:00 PM
THIRKELL ES,229,NORTHWESTERN ST@LAWTON ST,8:09 AM,229,NORTHWESTERN ST@LAWTON ST,3:57 PM
THIRKELL ES,229,GRAND BLVD W@LAWTON ST,8:11 AM,229,GRAND BLVD W@LAWTON ST,4:02 PM
THIRKELL ES,229,14TH ST@GRAND BLVD W,8:14 AM,229,14TH ST@GRAND BLVD W,3:54 PM
THIRKELL ES,229,ROSA PARKS BLVD@FERRY PARK ST,8:16 AM,229,ROSA PARKS BLVD@FERRY PARK ST,3:49 PM
THIRKELL ES,4615,MACKINAW ST@PETOSKEY AVE,8:00 AM,4615,MACKINAW ST@PETOSKEY AVE,4:02 PM
THIRKELL ES,4615,MACKINAW ST@CLARENDON ST N,8:02 AM,4615,MACKINAW ST@CLARENDON ST N,4:04 PM
THIRKELL ES,4615,14TH ST@VIRGINIA PARK ST,8:12 AM,4615,14TH ST@VIRGINIA PARK ST,3:53 PM
THURGOOD MARSHALL,646,BIRWOOD ST@EATON ST,8:35 AM,646,BIRWOOD ST@EATON ST,4:31 PM
THURGOOD MARSHALL,646,DESOTO ST@MONICA ST,8:41 AM,646,DESOTO ST@MONICA ST,4:24 PM
THURGOOD MARSHALL,646,QUINCY ST@CHALFONTE ST,8:43 AM,646,QUINCY ST@CHALFONTE ST,4:21 PM
THURGOOD MARSHALL,646,CHALFONTE ST@WILDEMERE ST,8:46 AM,646,CHALFONTE ST@WILDEMERE ST,4:19 PM
THURGOOD MARSHALL,661,WOODROW WILSON ST@FULLERTON ST,8:15 AM,661,WOODROW WILSON ST@FULLERTON ST,4:30 PM
THURGOOD MARSHALL,661,STURTEVANT ST@HOLMUR ST,8:22 AM,661,STURTEVANT ST@HOLMUR ST,4:48 PM
THURGOOD MARSHALL,661,W BUENA VISTA ST@LAWTON ST,8:25 AM,661,W BUENA VISTA ST@LAWTON ST,4:36 PM
THURGOOD MARSHALL,661,EWALD CIR@HOLMUR ST,8:29 AM,661,EWALD CIR@HOLMUR ST,4:43 PM
THURGOOD MARSHALL,661,GRAND ST W@HOLMUR ST,8:31 AM,661,GRAND ST W@HOLMUR ST,4:45 PM
THURGOOD MARSHALL,661,DEXTER AVE@ CLEMENTS ST,8:33 AM,661,DEXTER AVE@ CLEMENTS ST,4:40 PM
THURGOOD MARSHALL,661,GRAND ST W@WILDEMERE ST,8:34 AM,661,GRAND ST W@WILDEMERE ST,4:38 PM
THURGOOD MARSHALL,661,DORIS ST@LAWTON ST,8:37 AM,661,DORIS ST@LAWTON ST,4:19 PM
THURGOOD MARSHALL,661,LINWOOD ST@CLEMENTS ST,8:39 AM,661,LINWOOD ST@CLEMENTS ST,4:21 PM
THURGOOD MARSHALL,661,PASADENA ST@LA SALLE BLVD,8:41 AM,661,PASADENA ST@LA SALLE BLVD,4:23 PM
THURGOOD MARSHALL,661,ROSA PARKS BLVD@CLEMENTS ST,8:44 AM,661,ROSA PARKS BLVD@CLEMENTS ST,4:26 PM
VERNOR ES,611,CAMBRIDGE AVE@SORRENTO ST,6:50 AM,611,CAMBRIDGE AVE@SORRENTO ST,3:10 PM
VERNOR ES,611,CAMBRIDGE AVE@PINEHURST ST,6:52 AM,611,CAMBRIDGE AVE@PINEHURST ST,3:05 PM
VERNOR ES,611,PEMBROKE AVE@WASHBURN ST,6:55 AM,611,PEMBROKE AVE@WASHBURN ST,3:02 PM
VERNOR ES,611,NORFOLK ST@ILENE ST,6:58 AM,611,NORFOLK ST@ILENE ST,3:00 PM
VERNOR ES,611,CHIPPEWA ST@MENDOTA ST,7:01 AM,611,CHIPPEWA ST@MENDOTA ST,2:58 PM
VERNOR ES,611,NORFOLK ST@MONTE VISTA ST,7:03 AM,611,NORFOLK ST@MONTE VISTA ST,2:55 PM
VERNOR ES,611,MANOR ST@NORFOLK ST,7:06 AM,611,MANOR ST@NORFOLK ST,2:54 PM
VERNOR ES,611,NORFOLK ST@APPOLINE ST,7:07 AM,611,NORFOLK ST@APPOLINE ST,2:53 PM
VERNOR ES,611,NORFOLK ST@STEEL ST,7:08 AM,611,NORFOLK ST@STEEL ST,2:51 PM
VERNOR ES,611,ST MARTINS AVE@APPOLINE ST,7:11 AM,611,ST MARTINS AVE@APPOLINE ST,2:49 PM
VERNOR ES,620,INDIANA ST@NORFOLK ST,6:58 AM,620,INDIANA ST@NORFOLK ST,2:56 PM
VERNOR ES,620,CHIPPEWA ST@GRIGGS ST,7:01 AM,620,CHIPPEWA ST@GRIGGS ST,2:54 PM
VERNOR ES,620,PEMBROKE AVE@CHEYENNE ST,7:09 AM,620,PEMBROKE AVE@CHEYENNE ST,2:50 PM
VERNOR ES,641,NORFOLK ST@OXLEY ST,6:39 AM,641,NORFOLK ST@OXLEY ST,3:17 PM
VERNOR ES,641,NORFOLK ST@STRATHMOOR ST,6:42 AM,641,NORFOLK ST@STRATHMOOR ST,3:05 PM
VERNOR ES,641,PEMBROKE AVE@HUBBELL ST,6:53 AM,641,PEMBROKE AVE@HUBBELL ST,3:03 PM
VERNOR ES,641,ST MARTINS AVE@STRATHMOOR ST,6:56 AM,641,ST MARTINS AVE@STRATHMOOR ST,3:01 PM
VERNOR ES,641,CAMBRIDGE AVE@STANSBURY ST,7:01 AM,641,CAMBRIDGE AVE@STANSBURY ST,2:50 PM
VERNOR ES,641,MARGARETA ST@SNOWDEN ST,7:08 AM,641,MARGARETA ST@SNOWDEN ST,2:56 PM
VERNOR ES,641,SNOWDEN ST@PICKFORD ST,7:10 AM,641,SNOWDEN ST@PICKFORD ST,2:57 PM
WAYNE ES,3006,BEACONSFIELD ST@GRAYTON ST,6:43 AM,3006,BEACONSFIELD ST@GRAYTON ST,2:49 PM
WAYNE ES,3006,EDSEL FORD FWY E@BOLEYN ST,6:48 AM,3006,EDSEL FORD FWY E@BOLEYN ST,2:54 PM
WAYNE ES,3006,EDSEL FORD FWY E@YORKSHIRE RD,6:49 AM,3006,EDSEL FORD FWY E@YORKSHIRE RD,2:56 PM
WAYNE ES,3006,WHITTIER ST@BALFOUR RD,6:53 AM,3006,WHITTIER ST@BALFOUR RD,2:59 PM
WAYNE ES,3006,EDSEL FORD FWY E@DEVONSHIRE RD@EVANSTON ST,6:57 AM,3006,EDSEL FORD FWY E@DEVONSHIRE RD@EVANSTON ST,3:03 PM
WAYNE ES,3006,SOMERSET AVE@HAVERHILL ST,7:00 AM,3006,SOMERSET AVE@HAVERHILL ST,3:07 PM
WAYNE ES,3006,EVANSTON ST@GREENSBORO ST,7:02 AM,3006,EVANSTON ST@GREENSBORO ST,3:09 PM
WAYNE ES,3006,WADE ST@MANISTIQUE ST,7:07 AM,3006,WADE ST@MANISTIQUE ST,3:13 PM
WAYNE ES,3006,DUCHESS ST@MOGUL ST,7:10 AM,3006,DUCHESS ST@MOGUL ST,3:16 PM
WESTERN INTERNATIONAL HS,218,MARTIN ST@DEVEREAUX ST,7:08 AM,218,MARTIN ST@DEVEREAUX ST,3:55 PM
WESTERN INTERNATIONAL HS,218,MICHIGAN AVE@CICOTTE ST,7:12 AM,218,MICHIGAN AVE@CICOTTE ST,3:50 PM
WESTERN INTERNATIONAL HS,218,LIVERNOIS AVE@JOHN KRONK ST,7:15 AM,218,LIVERNOIS AVE@JOHN KRONK ST,3:37 PM
WESTERN INTERNATIONAL HS,218,MICHIGAN AVE@WESSON ST,7:20 AM,218,MICHIGAN AVE@WESSON ST,3:40 PM
WESTERN INTERNATIONAL HS,218,JACKSON ST@30TH ST,7:23 AM,218,JACKSON ST@30TH ST,3:43 PM
WESTERN INTERNATIONAL HS,218,RICH ST@31ST ST,7:27 AM,218,RICH ST@31ST ST,3:46 PM
WESTERN INTERNATIONAL HS,222,KIRKWOOD ST@TARNOW ST,6:57 AM,222,KIRKWOOD ST@TARNOW ST,4:03 PM
WESTERN INTERNATIONAL HS,222,PARKINSON ST@CLAYTON ST,7:13 AM,222,PARKINSON ST@CLAYTON ST,3:45 PM
WESTERN INTERNATIONAL HS,222,DIX ST@CENTRAL ST,7:17 AM,222,DIX ST@CENTRAL ST,3:41 PM
WESTERN INTERNATIONAL HS,222,PITT ST@GREEN ST N,7:19 AM,222,PITT ST@GREEN ST N,3:39 PM
WESTERN INTERNATIONAL HS,222,GARTNER ST@CENTRAL ST,7:21 AM,222,GARTNER ST@CENTRAL ST,3:35 PM
WESTERN INTERNATIONAL HS,230,GREEN ST N@GARTNER ST,6:54 AM,230,GREEN ST N@GARTNER ST,4:03 PM
WESTERN INTERNATIONAL HS,230,ARMY ST@CASGRAIN ST,6:58 AM,230,ARMY ST@CASGRAIN ST,3:57 PM
WESTERN INTERNATIONAL HS,230,LIVERNOIS AVE@ARMY ST,7:02 AM,230,LIVERNOIS AVE@ARMY ST,3:54 PM
WESTERN INTERNATIONAL HS,230,JUNCTION ST@PORTER ST,7:14 AM,230,JUNCTION ST@PORTER ST,3:44 PM
WESTERN INTERNATIONAL HS,230,TOLEDO ST@CAMPBELL ST,7:17 AM,230,TOLEDO ST@CAMPBELL ST,3:36 PM
WESTERN INTERNATIONAL HS,230,17TH ST@PORTER ST,7:24 AM,230,17TH ST@PORTER ST,3:30 PM
WESTERN INTERNATIONAL HS,412,VISGER ST@FORT ST S,6:52 AM,412,VISGER ST@FORT ST S,3:56 PM
WESTERN INTERNATIONAL HS,412,S LIDDESDALE ST@OMAHA ST,6:56 AM,412,S LIDDESDALE ST@OMAHA ST,4:03 PM
WESTERN INTERNATIONAL HS,412,S BEATRICE ST@SALLIOTTE ST,7:01 AM,412,S BEATRICE ST@SALLIOTTE ST,4:00 PM
WESTERN INTERNATIONAL HS,412,S ETHEL ST@MELVIN ST,7:08 AM,412,S ETHEL ST@MELVIN ST,3:52 PM
WESTERN INTERNATIONAL HS,412,S LIDDESDALE ST@LEONARD ST,7:20 AM,412,S LIDDESDALE ST@LEONARD ST,3:49 PM
WESTERN INTERNATIONAL HS,412,W LAFAYETTE BLVD@LAWNDALE ST,7:30 AM,412,W LAFAYETTE BLVD@LAWNDALE ST,3:39 PM
WESTERN INTERNATIONAL HS,412,LAWNDALE ST@GARTNER ST,7:34 AM,412,LAWNDALE ST@GARTNER ST,3:36 PM
WESTERN INTERNATIONAL HS,629,PITT ST@WENDELL ST,7:09 AM,629,PITT ST@WENDELL ST,3:43 PM
WESTERN INTERNATIONAL HS,629,SPRINGWELLS ST N@PITT ST,7:12 AM,629,SPRINGWELLS ST N@PITT ST,3:40 PM
WESTERN INTERNATIONAL HS,629,GREEN ST N@LEXINGTON ST,7:20 AM,629,GREEN ST N@LEXINGTON ST,3:35 PM
WESTERN INTERNATIONAL HS,701,MAJESTIC ST@BURNETTE ST,6:57 AM,701,MAJESTIC ST@BURNETTE ST,3:51 PM
WESTERN INTERNATIONAL HS,701,LONYO ST@MCGRAW ST,7:02 AM,701,LONYO ST@MCGRAW ST,3:44 PM
WESTERN INTERNATIONAL HS,701,LONYO ST@HENDERSON ST,7:03 AM,701,LONYO ST@HENDERSON ST,3:46 PM
WESTERN INTERNATIONAL HS,701,LONYO ST@KIRKWOOD ST,7:04 AM,701,LONYO ST@KIRKWOOD ST,3:47 PM
WESTERN INTERNATIONAL HS,701,MICHIGAN AVE@CENTRAL ST,7:10 AM,701,MICHIGAN AVE@CENTRAL ST,3:41 PM
PERSHING HS,351,JOHN R ST@LONGWOOD AVE E,7:11 AM,351,JOHN R ST@LONGWOOD AVE E,3:56 PM
PERSHING HS,351,ANDOVER@E 7 MILE RD (FAMILY DOLLAR),7:16 AM,351,ANDOVER@E 7 MILE RD (FAMILY DOLLAR),3:47 PM
PERSHING HS,351,W 7 MILE RD@BLAKE ST (GRN UNION - DOOR 1),7:20 AM,351,W 7 MILE RD@BLAKE ST (GRN UNION - DOOR 1),3:50 PM
PERSHING HS,351,E STATE FAIR AVE@ANDOVER ST,7:24 AM,351,E STATE FAIR AVE@ANDOVER ST,3:43 PM
PERSHING HS,351,IRVINGTON ST@E STATE FAIR AVE,7:26 AM,351,IRVINGTON ST@E STATE FAIR AVE,3:42 PM
PERSHING HS,351,RUSSELL ST@E STATE FAIR AVE,7:30 AM,351,RUSSELL ST@E STATE FAIR AVE,3:39 PM
PERSHING HS,351,GREELEY ST@WINCHESTER E,7:34 AM,351,GREELEY ST@WINCHESTER E,3:37 PM
PERSHING HS,351,MITCHELL ST@REMINGTON ST E,7:40 AM,351,MITCHELL ST@REMINGTON ST E,3:33 PM
PERSHING HS,352,VICTORIA ST@MAINE ST,7:02 AM,352,VICTORIA ST@MAINE ST,4:05 PM
PERSHING HS,352,VICTORIA ST@LUMPKIN ST,7:04 AM,352,VICTORIA ST@LUMPKIN ST,4:02 PM
PERSHING HS,352,BURNSIDE ST@GODDARD ST,7:10 AM,352,BURNSIDE ST@GODDARD ST,3:55 PM
PERSHING HS,352,HALLECK ST@MCDOUGALL ST,7:14 AM,352,HALLECK ST@MCDOUGALL ST,3:51 PM
PERSHING HS,352,LAWLEY ST@GALLAGHER ST,7:17 AM,352,LAWLEY ST@GALLAGHER ST,3:49 PM
PERSHING HS,352,DAVISON ST E@SHIELDS ST,7:21 AM,352,DAVISON ST E@SHIELDS ST,3:47 PM
PERSHING HS,352,SOBIESKI ST@FENELON ST,7:25 AM,352,SOBIESKI ST@FENELON ST,3:43 PM
PERSHING HS,352,HAROLD ST@BUFFALO ST,7:29 AM,352,HAROLD ST@BUFFALO ST,3:40 PM
PERSHING HS,352,ALPENA ST@HAROLD ST,7:32 AM,352,ALPENA ST@HAROLD ST,3:38 PM
PERSHING HS,352,RUPERT ST@DWYER ST,7:37 AM,352,RUPERT ST@DWYER ST,3:35 PM
PERSHING HS,353,NORWOOD ST@MINNESOTA ST (CONANT PARK),7:05 AM,353,NORWOOD ST@MINNESOTA ST (CONANT PARK),3:32 PM
PERSHING HS,353,NEVADA ST E@MITCHELL ST,7:08 AM,353,NEVADA ST E@MITCHELL ST,3:34 PM
PERSHING HS,353,NEVADA ST E@ANGLIN ST,7:10 AM,353,NEVADA ST E@ANGLIN ST,3:35 PM
PERSHING HS,353,MADEIRA ST@GREELEY ST,7:17 AM,353,MADEIRA ST@GREELEY ST,3:54 PM
PERSHING HS,353,MINNESOTA ST@GREELEY ST,7:19 AM,353,MINNESOTA ST@GREELEY ST,3:53 PM
PERSHING HS,353,GRIXDALE E@GREELEY ST,7:23 AM,353,GRIXDALE E@GREELEY ST,3:51 PM
PERSHING HS,353,7 MILE RD E@RUSSELL ST,7:27 AM,353,7 MILE RD E@RUSSELL ST,3:48 PM
PERSHING HS,353,EMERY ST@DEQUINDRE ST,7:33 AM,353,EMERY ST@DEQUINDRE ST,3:45 PM
PERSHING HS,353,DEQUINDRE-GRIXDALE PARK ,7:36 AM,353,DEQUINDRE-GRIXDALE PARK ,3:42 PM
PERSHING HS,353,E GRIXDALE ST@ANGLIN ST (YAKSICH PARK),7:40 AM,353,E GRIXDALE ST@ANGLIN ST (YAKSICH PARK),3:37 PM
PERSHING HS,354,E OUTER DR@MOUND RD (FAMILY DOLLAR),7:12 AM,354,E OUTER DR@MOUND RD (FAMILY DOLLAR),3:52 PM
PERSHING HS,354,AMRAD ST@BLOOM ST,7:17 AM,354,AMRAD ST@BLOOM ST,3:56 PM
PERSHING HS,354,E OUTER DR@HASSE ST (FARWELL RECREATION CTR),7:22 AM,354,E OUTER DR@HASSE ST (FARWELL RECREATION CTR),3:47 PM
PERSHING HS,354,LANTZ ST E@HASSE ST,7:24 AM,354,LANTZ ST E@HASSE ST,3:49 PM
PERSHING HS,354,EMERY ST@HEALY ST,7:27 AM,354,EMERY ST@HEALY ST,3:45 PM
PERSHING HS,354,EMERY ST@KEYSTONE ST,7:30 AM,354,EMERY ST@KEYSTONE ST,3:42 PM
PERSHING HS,354,EMERY ST@BUFFALO ST,7:32 AM,354,EMERY ST@BUFFALO ST,3:39 PM
PERSHING HS,354,CALDWELL ST@HILDALE ST E,7:36 AM,354,CALDWELL ST@HILDALE ST E,3:37 PM
PERSHING HS,354,HEALY ST@STOCKTON ST (KRAINZ PARK),7:40 AM,354,HEALY ST@STOCKTON ST (KRAINZ PARK),3:32 PM
CODY HIGH SCHOOL,251,W DAVISON@BRAILE ST,6:50 AM,251,W DAVISON@BRAILE ST,4:11 PM
CODY HIGH SCHOOL,251,SCHOOLCRAFT@CHATHAM ST,6:55 AM,251,SCHOOLCRAFT@CHATHAM ST,4:04 PM
CODY HIGH SCHOOL,251,SCHOOLCRAFT@RIVERVIEW ST,6:58 AM,251,SCHOOLCRAFT@RIVERVIEW ST,4:06 PM
CODY HIGH SCHOOL,251,LAMPHERE ST@WANAMAKER PL,7:05 AM,251,LAMPHERE ST@WANAMAKER PL,4:01 PM
CODY HIGH SCHOOL,251,LAHSER RD@FENKELL ST (GRANDYS CONEY ISLAND),7:09 AM,251,LAHSER RD@FENKELL ST,3:58 PM
CODY HIGH SCHOOL,251,LYNDON ST@TRINITY ST,7:14 AM,251,LYNDON ST@TRINITY ST,3:54 PM
CODY HIGH SCHOOL,251,ACACIA ST@BURT RD,7:17 AM,251,ACACIA ST@BURT RD,3:52 PM
CODY HIGH SCHOOL,251,LYNDON ST@HEYDEN ST,7:21 AM,251,LYNDON ST@HEYDEN ST,3:48 PM
CODY HIGH SCHOOL,251,EVERGREEN RD@ACACIA ST,7:23 AM,251,EVERGREEN RD@ACACIA ST,3:45 PM
CODY HIGH SCHOOL,251,LYNDON ST@STAHELIN AVE,7:28 AM,251,LYNDON ST@STAHELIN AVE,3:42 PM
CODY HIGH SCHOOL,251,KENDALL ST@FAUST AVE,7:31 AM,251,KENDALL ST@FAUST AVE,3:39 PM
CODY HIGH SCHOOL,251,WOODMONT AVE@GLENDALE ST,7:37 AM,251,WOODMONT AVE@GLENDALE ST,3:35 PM
CODY HIGH SCHOOL,252,GREENFIELD RD@FENKELL ST (CAPTAIN JAYS),6:57 AM,252,GREENFIELD RD@FENKELL ST,4:08 PM
CODY HIGH SCHOOL,252,LYNDON ST@GREENFIELD RD (RAINBOW),7:00 AM,252,LYNDON ST@GREENFIELD RD,4:05 PM
CODY HIGH SCHOOL,252,LYNDON ST@TERRY ST,7:03 AM,252,LYNDON ST@TERRY ST,4:03 PM
CODY HIGH SCHOOL,252,CHALFONTE ST@CRUSE ST,7:08 AM,252,CHALFONTE ST@CRUSE ST,3:59 PM
CODY HIGH SCHOOL,252,LYNDON ST@ARDMORE ST,7:11 AM,252,LYNDON ST@ARDMORE ST,3:57 PM
CODY HIGH SCHOOL,252,KENDALL ST@GREENFIELD RD (FOOD GIANT),7:17 AM,252,KENDALL ST@GREENFIELD RD,3:51 PM
CODY HIGH SCHOOL,252,SCHOOLCRAFT ST@MONTROSE ST,7:21 AM,252,MONTROSE ST@SCHOOLCRAFT ST,3:49 PM
CODY HIGH SCHOOL,252,SCHOOLCRAFT ST@METTETAL ST,7:25 AM,252,SCHOOLCRAFT ST@METTETAL ST,3:37 PM
CODY HIGH SCHOOL,252,SCHOOLCRAFT ST@GRANDMONT AVE,7:27 AM,252,SCHOOLCRAFT ST@GRANDMONT AVE,3:38 PM
CODY HIGH SCHOOL,252,LYNDON ST @METTETAL ST,7:31 AM,252,LYNDON ST @METTETAL ST,3:44 PM
CODY HIGH SCHOOL,252,LYNDON ST@ARCHDALE ST,7:35 AM,252,LYNDON ST@ARCHDALE ST,3:41 PM
CODY HIGH SCHOOL,253,LAMPHERE@SAWYER,6:55 AM,253,LAMPHERE@SAWYER,4:04 PM
CODY HIGH SCHOOL,253,EVERGREEN AVE@SAWYER ST,7:02 AM,253,EVERGREEN AVE@SAWYER ST,3:58 PM
CODY HIGH SCHOOL,253,W WARREN@EVERGREEN RD (HAIRLAND),7:05 AM,253,W WARREN@EVERGREEN RD,3:56 PM
CODY HIGH SCHOOL,253,W WARREN AVE@PIEDMONT ST,7:09 AM,253,W WARREN AVE@PIEDMONT ST,3:53 PM
CODY HIGH SCHOOL,253,ROSEMONT AVE@W WARREN (LA INSURANCE),7:13 AM,253,ROSEMONT AVE@W WARREN,3:51 PM
CODY HIGH SCHOOL,253,TIREMAN ST@FAUST AVE,7:17 AM,253,TIREMAN ST@FAUST AVE,3:47 PM
CODY HIGH SCHOOL,253,BRACE ST@TIREMAN ST,7:19 AM,253,BRACE ST@TIREMAN ST,3:46 PM
CODY HIGH SCHOOL,253,TIREMAN ST@PIEDMONT ST,7:22 AM,253,TIREMAN ST@PIEDMONT ST,3:44 PM
CODY HIGH SCHOOL,253,TIREMAN ST@MINOCK ST,7:25 AM,253,TIREMAN ST@MINOCK ST,3:42 PM
CODY HIGH SCHOOL,253,EVERGREEN AVE@TIREMAN ST,7:27 AM,253,EVERGREEN AVE@TIREMAN ST,3:41 PM
CODY HIGH SCHOOL,253,TIREMAN ST@PATTON ST,7:30 AM,253,TIREMAN ST@PATTON ST,3:39 PM
CODY HIGH SCHOOL,253,TIREMAN ST@BURT RD,7:33 AM,253,TIREMAN ST@BURT RD,3:37 PM
CODY HIGH SCHOOL,253,CONSTANCE ST@BURT RD,7:36 AM,253,CONSTANCE ST@BURT RD,3:35 PM
CODY HIGH SCHOOL,253,JOY RD@FIELDING ST (RENT ALL),7:39 AM,253,JOY RD@FIELDING ST,3:33 PM
CODY HIGH SCHOOL,254,SCHAEFER HWY@WADSWORTH ST,6:58 AM,254,SCHAEFER HWY@WADSWORTH ST,4:05 PM
CODY HIGH SCHOOL,254,CAPITOL ST@APPOLINE ST,7:02 AM,254,CAPITOL ST@APPOLINE ST,4:02 PM
CODY HIGH SCHOOL,254,PLYMOUTH RD@CHEYENNE ST,7:05 AM,254,PLYMOUTH RD@CHEYENNE ST,4:00 PM
CODY HIGH SCHOOL,254,W CHICAGO ST@HARTWELL ST,7:09 AM,254,W CHICAGO ST@HARTWELL ST,3:57 PM
CODY HIGH SCHOOL,254,WYOMING ST@W CHICAGO ST,7:14 AM,254,WYOMING ST@W CHICAGO ST,3:53 PM
CODY HIGH SCHOOL,254,JOY RD@WYOMING ST (HOMETOWN SUPERMARKET),7:19 AM,254,JOY RD@WYOMING ST,3:49 PM
CODY HIGH SCHOOL,254,MACKENZIE ST@OHIO ST,7:23 AM,254,MACKENZIE ST@OHIO ST,3:47 PM
CODY HIGH SCHOOL,254,TIREMAN ST@WYOMING ST (FAMILY DOLLAR),7:27 AM,254,TIREMAN ST@WYOMING ST,3:44 PM
CODY HIGH SCHOOL,254,ELLIS ST@MENDOTA ST,7:31 AM,254,ELLIS ST@MENDOTA ST,3:40 PM
CODY HIGH SCHOOL,254,MACKENZIE ST@TERRY ST,7:37 AM,254,MACKENZIE ST@TERRY ST,3:35 PM
CODY HIGH SCHOOL,255,GLENDALE ST@APPLETON ST,6:56 AM,255,GLENDALE ST@APPLETON ST,4:06 PM
CODY HIGH SCHOOL,255,ELMIRA@BRAMELL,7:02 AM,255,ELMIRA@BRAMELL,4:01 PM
CODY HIGH SCHOOL,255,FIELDING ST@WESTFIELD ST,7:10 AM,255,FIELDING ST@WESTFIELD ST,3:54 PM
CODY HIGH SCHOOL,255,FIELDING ST@W CHICAGO ST,7:12 AM,255,FIELDING ST@W CHICAGO ST,3:53 PM
CODY HIGH SCHOOL,255,ORANGELAWN ST@FIELDING ST,7:15 AM,255,ORANGELAWN ST@FIELDING ST,3:51 PM
CODY HIGH SCHOOL,255,PLYMOUTH RD@STOUT ST (VALUE CENTER PRK LOT),7:18 AM,255,PLYMOUTH RD@STOUT ST,3:49 PM
CODY HIGH SCHOOL,255,PLYMOUTH RD@EVERGREEN AVE (FAMILY DOLLAR),7:22 AM,255,PLYMOUTH RD@EVERGREEN AVE,3:46 PM
CODY HIGH SCHOOL,255,PLYMOUTH RD@MEMORIAL ST (AUTOZONE),7:26 AM,255,PLYMOUTH RD@MEMORIAL ST,3:43 PM
CODY HIGH SCHOOL,255,PLYMOUTH RD@ASBURY PARK (BIBLEWAY),7:29 AM,255,PLYMOUTH RD@ASBURY PARK,3:41 PM
CODY HIGH SCHOOL,255,PLYMOUTH RD@FORRER ST,7:32 AM,255,PLYMOUTH RD@FORRER ST,3:39 PM
CODY HIGH SCHOOL,255,ELMIRA ST@MARLOWE ST,7:36 AM,255,ELMIRA ST@MARLOWE ST,3:36 PM
CODY HIGH SCHOOL,256,ANN ARBOR TRAIL@EVERGREEN RD (EVERFRESH),6:58 AM,256,ANN ARBOR TRAIL@EVERGREEN RD,4:01 PM
CODY HIGH SCHOOL,256,PAUL ST@WESTWOOD ST,7:02 AM,256,PAUL ST@WESTWOOD ST,3:59 PM
CODY HIGH SCHOOL,256,PAUL ST@ARTESIAN ST,7:04 AM,256,PAUL ST@ARTESIAN ST,3:57 PM
CODY HIGH SCHOOL,256,PAUL ST@BRACE ST,7:07 AM,256,PAUL ST@BRACE ST,3:56 PM
CODY HIGH SCHOOL,256,WHITLOCK ST@ROSEMONT AVE,7:11 AM,256,WHITLOCK ST@ROSEMONT AVE,3:53 PM
CODY HIGH SCHOOL,256,W WARREN@ARCHDALE ST (CHASE BANK),7:14 AM,256,W WARREN@ARCHDALE ST,3:51 PM
CODY HIGH SCHOOL,256,WHITLOCK ST@ABINGTON AVE,7:17 AM,256,WHITLOCK ST@ABINGTON AVE,3:48 PM
CODY HIGH SCHOOL,256,W WARREN & WOODMONT (CITIZENS BANK),7:20 AM,256,W WARREN & WOODMONT,3:46 PM
CODY HIGH SCHOOL,256,WINTHROP ST@W WARREN AVE (LUX FURNITURE),7:24 AM,256,WINTHROP ST@W WARREN AVE,3:44 PM
CODY HIGH SCHOOL,256,ASBURY PARK@BELTON ST@BELTON AVE,7:29 AM,256,ASBURY PARK@BELTON ST,3:40 PM
CODY HIGH SCHOOL,256,JOY RD@GRANDMONT AVE,7:32 AM,256,JOY RD@GRANDMONT AVE,3:37 PM
CODY HIGH SCHOOL,256,W CHICAGO ST@MANSFIELD ST,7:37 AM,256,W CHICAGO ST@MANSFIELD ST,3:34 PM
CODY HIGH SCHOOL,256,W CHICAGO ST@ASBURY PARK,7:39 AM,256,W CHICAGO ST@ASBURY PARK,3:33 PM
