{"type":"FeatureCollection","crs":{"type":"name","properties":{"name":"EPSG:4326"}},"features":[{"type":"Feature","id":1,"geometry":{"type":"Point","coordinates":[-83.260980703509,42.3470957279009]},"properties":{"OBJECTID":1,"districtCode":null,"meapCode":103,"schoolCode":5,"hr_location":null,"EEType":"LEA-UEP","asstSuperIntendent":null,"schoolName":"Ann Arbor Trail Magnet School","address":"7635 Chatham","zip":"48239-1027","administratorTitle":null,"pFullName":"Michele Massey","telephone":"(313) 274-8560","fax":"(313) 274-8074","pEmail":"michele.massey@detroitk12.org","emphasis":"GenEd","config":"K - 8, PK, ESE","PK":1,"K":1,"F1":1,"F2":1,"F3":1,"F4":1,"F5":1,"F6":1,"F7":1,"F8":1,"F9":0,"F10":0,"F11":0,"F12":0,"Alt":0,"SpEd":1,"AE":0,"CTE":0,"PRC":0,"F21st_Century":null,"status":"Active","EC":1,"EL":1,"Mid":1,"High":0,"School":"Ann Arbor Trail","Include":"Yes","Category":"Phase-Out","Type":"Elementary - Middle","votingDistrict":null,"shortName":"Ann Arbor Trail","GlobalID":"95080166-cc6c-45c2-94ba-8c35773749c6","CreationDate":"Wed, 24 Jun 2020 18:15:42 GMT","Creator":"eric.roy.anderson","EditDate":"Wed, 24 Jun 2020 18:15:42 GMT","Editor":"eric.roy.anderson","POINT_X":null,"POINT_Y":null,"PhaseOut":"Yes","ESEInclusionSite":null,"Principal":"","url":"https://annarbortrail.detroitk12.org"}},{"type":"Feature","id":2,"geometry":{"type":"Point","coordinates":[-83.1521752914402,42.4249246132826]},"properties":{"OBJECTID":2,"districtCode":null,"meapCode":168,"schoolCode":14,"hr_location":null,"EEType":"LEA-UEP","asstSuperIntendent":null,"schoolName":"Bagley Elementary School of Journalism and Technology","address":"8100 Curtis Street","zip":"48221-2519","administratorTitle":null,"pFullName":"Victor Frosh","telephone":"(313) 494-7175","fax":"(313) 494-7173","pEmail":"victor.frosh02@detroitk12.org","emphasis":"GenEd","config":"K - 7, PK, ESE","PK":1,"K":1,"F1":1,"F2":1,"F3":1,"F4":1,"F5":1,"F6":1,"F7":1,"F8":0,"F9":0,"F10":0,"F11":0,"F12":0,"Alt":0,"SpEd":1,"AE":0,"CTE":0,"PRC":0,"F21st_Century":null,"status":"Active","EC":1,"EL":1,"Mid":1,"High":0,"School":"Bagley","Include":"Yes","Category":"Elementary-Middle","Type":"Elementary - Middle","votingDistrict":null,"shortName":"Bagley","GlobalID":"44c50c25-adeb-4c9f-8a69-a0cc541b4a59","CreationDate":"Wed, 24 Jun 2020 18:15:42 GMT","Creator":"eric.roy.anderson","EditDate":"Wed, 24 Jun 2020 18:15:42 GMT","Editor":"eric.roy.anderson","POINT_X":null,"POINT_Y":null,"PhaseOut":null,"ESEInclusionSite":null,"url":"https://bagley.detroitk12.org","Principal":""}},{"type":"Feature","id":3,"geometry":{"type":"Point","coordinates":[-83.0598246292889,42.3647754697965]},"properties":{"OBJECTID":3,"districtCode":null,"meapCode":176,"schoolCode":15,"hr_location":null,"EEType":"LEA-UEP","asstSuperIntendent":null,"schoolName":"Golightly Education Center","address":"5536 St. Antoine Street","zip":"48202-3831","administratorTitle":null,"pFullName":"Orlando Bogins","telephone":"(313) 870-1101","fax":"(313) 873-3160","pEmail":"orlando.bogins@detroitk12.org","emphasis":"GenEd","config":"K - 8, PK, ESE","PK":1,"K":1,"F1":1,"F2":1,"F3":1,"F4":1,"F5":1,"F6":1,"F7":1,"F8":1,"F9":0,"F10":0,"F11":0,"F12":0,"Alt":0,"SpEd":1,"AE":0,"CTE":0,"PRC":0,"F21st_Century":null,"status":"Active","EC":1,"EL":1,"Mid":1,"High":0,"School":"Golightly","Include":"Yes","Category":"Elementary-Middle","Type":"Elementary - Middle","votingDistrict":null,"shortName":"Golightly","GlobalID":"ed8fc614-3693-4c24-8a93-372a78972839","CreationDate":"Wed, 24 Jun 2020 18:15:42 GMT","Creator":"eric.roy.anderson","EditDate":"Wed, 24 Jun 2020 18:15:42 GMT","Editor":"eric.roy.anderson","POINT_X":null,"POINT_Y":null,"PhaseOut":null,"ESEInclusionSite":null,"url":"https://golightlyeducationcenter.detroitk12.org","Principal":"Domini Nailer"}},{"type":"Feature","id":4,"geometry":{"type":"Point","coordinates":[-83.153925738197,42.3596073407564]},"properties":{"OBJECTID":4,"districtCode":null,"meapCode":3640,"schoolCode":17,"hr_location":null,"EEType":"LEA-UEP","asstSuperIntendent":null,"schoolName":"Barton Elementary School","address":"8530 Joy Road","zip":"48204-3263","administratorTitle":null,"pFullName":"Rosa Glover-Adams","telephone":"(313) 873-9952","fax":null,"pEmail":"rosa.adams@detroitk12.org","emphasis":"GenEd","config":"K - 8","PK":0,"K":1,"F1":1,"F2":1,"F3":1,"F4":1,"F5":1,"F6":1,"F7":1,"F8":1,"F9":0,"F10":0,"F11":0,"F12":0,"Alt":0,"SpEd":0,"AE":0,"CTE":0,"PRC":0,"F21st_Century":null,"status":"Active","EC":0,"EL":1,"Mid":1,"High":0,"School":"Barton","Include":"Yes","Category":"Elementary-Middle","Type":"Elementary - Middle","votingDistrict":null,"shortName":"Barton","GlobalID":"3360522f-da68-41cf-9300-37bda49d46f8","CreationDate":"Wed, 24 Jun 2020 18:15:42 GMT","Creator":"eric.roy.anderson","EditDate":"Wed, 24 Jun 2020 18:15:42 GMT","Editor":"eric.roy.anderson","POINT_X":null,"POINT_Y":null,"PhaseOut":null,"ESEInclusionSite":null,"url":"https://barton.detroitk12.org","Principal":""}},{"type":"Feature","id":5,"geometry":{"type":"Point","coordinates":[-83.1293475446865,42.309315476792]},"properties":{"OBJECTID":5,"districtCode":null,"meapCode":277,"schoolCode":22,"hr_location":null,"EEType":"LEA-UEP","asstSuperIntendent":null,"schoolName":"Bennett Elementary School","address":"2111 Mullane Street","zip":"48209-1529","administratorTitle":null,"pFullName":"Kathryn Valadez-Herrera","telephone":"(313) 849-3585","fax":"(313) 849-1169","pEmail":"kathryn.valadez-herrera@detroitk12.org","emphasis":"GenEd","config":"K - 5, PK, ESE","PK":1,"K":1,"F1":1,"F2":1,"F3":1,"F4":1,"F5":1,"F6":0,"F7":0,"F8":0,"F9":0,"F10":0,"F11":0,"F12":0,"Alt":0,"SpEd":1,"AE":0,"CTE":0,"PRC":1,"F21st_Century":null,"status":"Active","EC":1,"EL":1,"Mid":0,"High":0,"School":"Bennett","Include":"Yes","Category":"Elementary","Type":"Elementary","votingDistrict":null,"shortName":"Bennett","GlobalID":"e0fef9a3-b3b2-418f-ab84-7403cafc43d2","CreationDate":"Wed, 24 Jun 2020 18:15:42 GMT","Creator":"eric.roy.anderson","EditDate":"Wed, 24 Jun 2020 18:15:42 GMT","Editor":"eric.roy.anderson","POINT_X":null,"POINT_Y":null,"PhaseOut":null,"ESEInclusionSite":null,"url":"https://bennett.detroitk12.org","Principal":""}},{"type":"Feature","id":6,"geometry":{"type":"Point","coordinates":[-83.2048319858097,42.43688808533]},"properties":{"OBJECTID":6,"districtCode":null,"meapCode":4319,"schoolCode":27,"hr_location":null,"EEType":"LEA-UEP","asstSuperIntendent":null,"schoolName":"Bow Elementary-Middle School","address":"19801 Prevost Street","zip":"48235-2356","administratorTitle":null,"pFullName":"DaRhonda Evans-Stewart","telephone":"(313) 852-0500","fax":"(313) 852-0508","pEmail":"darhonda.evans-stewart@detroitk12.org","emphasis":"GenEd","config":"K - 8, PK, ESE","PK":1,"K":1,"F1":1,"F2":1,"F3":1,"F4":1,"F5":1,"F6":1,"F7":1,"F8":1,"F9":0,"F10":0,"F11":0,"F12":0,"Alt":0,"SpEd":1,"AE":0,"CTE":0,"PRC":0,"F21st_Century":null,"status":"Active","EC":1,"EL":1,"Mid":1,"High":0,"School":"Bow","Include":"Yes","Category":"Elementary-Middle","Type":"Elementary - Middle","votingDistrict":null,"shortName":"Bow","GlobalID":"ef2238d1-a580-4584-a6a4-2818d79fb77a","CreationDate":"Wed, 24 Jun 2020 18:15:42 GMT","Creator":"eric.roy.anderson","EditDate":"Wed, 24 Jun 2020 18:15:42 GMT","Editor":"eric.roy.anderson","POINT_X":null,"POINT_Y":null,"PhaseOut":null,"ESEInclusionSite":null,"url":"https://bow.detroitk12.org","Principal":""}},{"type":"Feature","id":7,"geometry":{"type":"Point","coordinates":[-83.0240364394702,42.3442746938269]},"properties":{"OBJECTID":7,"districtCode":null,"meapCode":446,"schoolCode":32,"hr_location":null,"EEType":"LEA-UEP","asstSuperIntendent":null,"schoolName":"Bunche Preparatory Academy","address":"2715 Macomb Street","zip":"48207-3830","administratorTitle":null,"pFullName":"Tamara Johnson","telephone":"(313) 494-8350","fax":"(313) 866-7943","pEmail":"tamara.johnson02@detroitk12.org","emphasis":"GenEd","config":"K - 8, PK, ESE","PK":1,"K":1,"F1":1,"F2":1,"F3":1,"F4":1,"F5":1,"F6":1,"F7":1,"F8":1,"F9":0,"F10":0,"F11":0,"F12":0,"Alt":0,"SpEd":1,"AE":0,"CTE":0,"PRC":0,"F21st_Century":null,"status":"Active","EC":1,"EL":1,"Mid":1,"High":0,"School":"Bunche","Include":"Yes","Category":"Elementary-Middle","Type":"Elementary - Middle","votingDistrict":null,"shortName":"Bunche","GlobalID":"8302edaf-18f2-456a-bcd3-3057e9728b0f","CreationDate":"Wed, 24 Jun 2020 18:15:42 GMT","Creator":"eric.roy.anderson","EditDate":"Wed, 24 Jun 2020 18:15:42 GMT","Editor":"eric.roy.anderson","POINT_X":null,"POINT_Y":null,"PhaseOut":null,"ESEInclusionSite":null,"url":"https://bunche.detroitk12.org","Principal":"Nicole Samuel"}},{"type":"Feature","id":8,"geometry":{"type":"Point","coordinates":[-83.1910508121088,42.3937982664364]},"properties":{"OBJECTID":8,"districtCode":null,"meapCode":456,"schoolCode":35,"hr_location":null,"EEType":"LEA-UEP","asstSuperIntendent":null,"schoolName":"Burns Elementary-Middle School","address":"14350 Terry Street","zip":"48227-5513","administratorTitle":null,"pFullName":"Cynthia Clayton","telephone":"(313) 852-0534","fax":"(313) 852-0539","pEmail":"cynthia.clayton@detroitk12.org","emphasis":"GenEd","config":"K - 8, ESE","PK":0,"K":1,"F1":1,"F2":1,"F3":1,"F4":1,"F5":1,"F6":1,"F7":1,"F8":1,"F9":0,"F10":0,"F11":0,"F12":0,"Alt":0,"SpEd":1,"AE":0,"CTE":0,"PRC":0,"F21st_Century":null,"status":"Active","EC":0,"EL":1,"Mid":1,"High":0,"School":"Burns","Include":"Yes","Category":"Elementary-Middle","Type":"Elementary - Middle","votingDistrict":null,"shortName":"Burns","GlobalID":"a6ba4f5e-03fe-497f-8772-ddadaec212dc","CreationDate":"Wed, 24 Jun 2020 18:15:42 GMT","Creator":"eric.roy.anderson","EditDate":"Wed, 24 Jun 2020 18:15:42 GMT","Editor":"eric.roy.anderson","POINT_X":null,"POINT_Y":null,"PhaseOut":null,"ESEInclusionSite":null,"url":"https://burns.detroitk12.org","Principal":"Cynthia Clayton"}},{"type":"Feature","id":9,"geometry":{"type":"Point","coordinates":[-83.0783144805008,42.339308238456]},"properties":{"OBJECTID":9,"districtCode":null,"meapCode":468,"schoolCode":37,"hr_location":null,"EEType":"LEA-UEP","asstSuperIntendent":null,"schoolName":"Burton International Academy","address":"2001 Martin Luther King Jr. Blvd.","zip":"48208","administratorTitle":null,"pFullName":"Edwynn Bell, Jr","telephone":"(313) 596-3800","fax":"(313) 596-3807","pEmail":"edwynn.bell@detroitk12.org","emphasis":"GenEd","config":"K - 8, PK, ESE","PK":1,"K":1,"F1":1,"F2":1,"F3":1,"F4":1,"F5":1,"F6":1,"F7":1,"F8":1,"F9":0,"F10":0,"F11":0,"F12":0,"Alt":0,"SpEd":1,"AE":0,"CTE":0,"PRC":0,"F21st_Century":null,"status":"Active","EC":1,"EL":1,"Mid":1,"High":0,"School":"Burton","Include":"Yes","Category":"Elementary-Middle","Type":"Elementary - Middle","votingDistrict":null,"shortName":"Burton","GlobalID":"fbebeae4-f016-40c3-a237-8e1db801692c","CreationDate":"Wed, 24 Jun 2020 18:15:42 GMT","Creator":"eric.roy.anderson","EditDate":"Wed, 24 Jun 2020 18:15:42 GMT","Editor":"eric.roy.anderson","POINT_X":null,"POINT_Y":null,"PhaseOut":null,"ESEInclusionSite":null,"url":"https://burton.detroitk12.org","Principal":"Chantay Blankenship"}},{"type":"Feature","id":10,"geometry":{"type":"Point","coordinates":[-82.9454624800489,42.4271269661837]},"properties":{"OBJECTID":10,"districtCode":null,"meapCode":5553,"schoolCode":55,"hr_location":null,"EEType":"LEA-UEP","asstSuperIntendent":null,"schoolName":"Carleton Elementary School","address":"11724 Casino Street","zip":"48224-1173","administratorTitle":null,"pFullName":"Myrina Scott","telephone":"(313) 866-8322","fax":"(313) 748-6129","pEmail":"myrina.hibbler@detroitk12.org","emphasis":"GenEd","config":"K - 5, PK, ESE","PK":1,"K":1,"F1":1,"F2":1,"F3":1,"F4":1,"F5":1,"F6":0,"F7":0,"F8":0,"F9":0,"F10":0,"F11":0,"F12":0,"Alt":0,"SpEd":1,"AE":0,"CTE":0,"PRC":0,"F21st_Century":null,"status":"Active","EC":1,"EL":1,"Mid":0,"High":0,"School":"Carleton","Include":"Yes","Category":"Elementary","Type":"Elementary","votingDistrict":null,"shortName":"Carleton","GlobalID":"f6e68ab6-c37c-49e0-a146-6a37d3bc031d","CreationDate":"Wed, 24 Jun 2020 18:15:42 GMT","Creator":"eric.roy.anderson","EditDate":"Wed, 24 Jun 2020 18:15:42 GMT","Editor":"eric.roy.anderson","POINT_X":null,"POINT_Y":null,"PhaseOut":null,"ESEInclusionSite":null,"url":"https://carleton.detroitk12.org","Principal":"Julia Pitts"}},{"type":"Feature","id":11,"geometry":{"type":"Point","coordinates":[-82.9477889474274,42.3636628628209]},"properties":{"OBJECTID":11,"districtCode":null,"meapCode":542,"schoolCode":56,"hr_location":null,"EEType":"LEA-UEP","asstSuperIntendent":null,"schoolName":"Carstens Academy of Aquatic Science at Remus ","address":"13000 Essex Avenue","zip":"48215-3243","administratorTitle":null,"pFullName":"Cornelius Pearson","telephone":"(313) 866-5500","fax":"(313) 866-5580","pEmail":"cornelius.pearson@detroitk12.org","emphasis":"GenEd","config":"K - 8, PK, ESE","PK":1,"K":1,"F1":1,"F2":1,"F3":1,"F4":1,"F5":1,"F6":1,"F7":1,"F8":1,"F9":0,"F10":0,"F11":0,"F12":0,"Alt":0,"SpEd":1,"AE":0,"CTE":0,"PRC":0,"F21st_Century":null,"status":"Active","EC":1,"EL":1,"Mid":1,"High":0,"School":"Carstens","Include":"Yes","Category":"Elementary-Middle","Type":"Elementary - Middle","votingDistrict":null,"shortName":"Carstens","GlobalID":"b108428c-31d4-45e1-9158-87deea51ced0","CreationDate":"Wed, 24 Jun 2020 18:15:42 GMT","Creator":"eric.roy.anderson","EditDate":"Wed, 24 Jun 2020 18:15:42 GMT","Editor":"eric.roy.anderson","POINT_X":null,"POINT_Y":null,"PhaseOut":null,"ESEInclusionSite":null,"url":"https://carstens.detroitk12.org","Principal":"Cassandra Moore"}},{"type":"Feature","id":12,"geometry":{"type":"Point","coordinates":[-83.2234539055597,42.3356414608341]},"properties":{"OBJECTID":12,"districtCode":null,"meapCode":546,"schoolCode":57,"hr_location":null,"EEType":"LEA-UEP","asstSuperIntendent":null,"schoolName":"Carver STEM Academy","address":"18701 Paul Street","zip":"48228-3868","administratorTitle":null,"pFullName":"Sabrina Evans","telephone":"(313) 240-6622","fax":"(313) 240-8741","pEmail":"sabrina.evans@detroitk12.org","emphasis":"GenEd","config":"K - 8, PK, ESE","PK":1,"K":1,"F1":1,"F2":1,"F3":1,"F4":1,"F5":1,"F6":1,"F7":1,"F8":1,"F9":0,"F10":0,"F11":0,"F12":0,"Alt":0,"SpEd":1,"AE":0,"CTE":0,"PRC":0,"F21st_Century":null,"status":"Active","EC":1,"EL":1,"Mid":1,"High":0,"School":"Carver","Include":"Yes","Category":"Elementary-Middle","Type":"Elementary - Middle","votingDistrict":null,"shortName":"Carver","GlobalID":"4baa225a-442a-4fc3-983c-6b7d51a6d1bd","CreationDate":"Wed, 24 Jun 2020 18:15:42 GMT","Creator":"eric.roy.anderson","EditDate":"Wed, 24 Jun 2020 18:15:42 GMT","Editor":"eric.roy.anderson","POINT_X":null,"POINT_Y":null,"PhaseOut":null,"ESEInclusionSite":null,"url":"https://carver.detroitk12.org","Principal":"DaRhonda Evans"}},{"type":"Feature","id":13,"geometry":{"type":"Point","coordinates":[-83.0337996394173,42.3383941476638]},"properties":{"OBJECTID":13,"districtCode":null,"meapCode":689,"schoolCode":62,"hr_location":null,"EEType":"LEA-UEP","asstSuperIntendent":null,"schoolName":"Chrysler Elementary School","address":"1445 E. Lafayette Street","zip":"48207-2903","administratorTitle":null,"pFullName":"Wendy Shirley","telephone":"(313) 494-8440","fax":"(313) 494-8367","pEmail":"wendy.shirley@detroitk12.org","emphasis":"GenEd","config":"K - 5, ESE","PK":0,"K":1,"F1":1,"F2":1,"F3":1,"F4":1,"F5":1,"F6":0,"F7":0,"F8":0,"F9":0,"F10":0,"F11":0,"F12":0,"Alt":0,"SpEd":1,"AE":0,"CTE":0,"PRC":0,"F21st_Century":null,"status":"Active","EC":0,"EL":1,"Mid":0,"High":0,"School":"Chrysler","Include":"Yes","Category":"Elementary","Type":"Elementary","votingDistrict":null,"shortName":"Chrysler","GlobalID":"700c0163-e07a-4187-b9c3-bb252ab07d04","CreationDate":"Wed, 24 Jun 2020 18:15:42 GMT","Creator":"eric.roy.anderson","EditDate":"Wed, 24 Jun 2020 18:15:42 GMT","Editor":"eric.roy.anderson","POINT_X":null,"POINT_Y":null,"PhaseOut":null,"ESEInclusionSite":null,"url":"https://chrysler.detroitk12.org","Principal":"Wendy Y. Shirley"}},{"type":"Feature","id":14,"geometry":{"type":"Point","coordinates":[-82.9411830494025,42.394238984822]},"properties":{"OBJECTID":14,"districtCode":null,"meapCode":9992,"schoolCode":63,"hr_location":null,"EEType":"LEA-UEP","asstSuperIntendent":null,"schoolName":"J. E. Clark Preparatory Academy","address":"15755 Bremen Street","zip":"48224-3443","administratorTitle":null,"pFullName":"Stephen D. Garcia","telephone":"(313) 417-9340","fax":"(313) 417-9345","pEmail":"stephen.garcia@detroitk12.org","emphasis":"GenEd","config":"K - 8, PK, ESE","PK":1,"K":1,"F1":1,"F2":1,"F3":1,"F4":1,"F5":1,"F6":1,"F7":1,"F8":1,"F9":0,"F10":0,"F11":0,"F12":0,"Alt":0,"SpEd":1,"AE":0,"CTE":0,"PRC":0,"F21st_Century":null,"status":"Active","EC":1,"EL":1,"Mid":1,"High":0,"School":"Clark","Include":"Yes","Category":"Phase-Out","Type":"Elementary - Middle","votingDistrict":null,"shortName":"Clark","GlobalID":"74887d48-2bbd-4fd4-9059-ad0a01a81cf5","CreationDate":"Wed, 24 Jun 2020 18:15:42 GMT","Creator":"eric.roy.anderson","EditDate":"Wed, 24 Jun 2020 18:15:42 GMT","Editor":"eric.roy.anderson","POINT_X":null,"POINT_Y":null,"PhaseOut":"Yes","ESEInclusionSite":null,"Principal":"","url":"https://clark.detroitk12.org"}},{"type":"Feature","id":15,"geometry":{"type":"Point","coordinates":[-83.0983030673506,42.3207385533294]},"properties":{"OBJECTID":15,"districtCode":null,"meapCode":7500,"schoolCode":65,"hr_location":null,"EEType":"LEA-UEP","asstSuperIntendent":null,"schoolName":"Clippert Multicultural Magnet Honors Academy","address":"1981 McKinstry Street","zip":"48209-1608","administratorTitle":null,"pFullName":"Micaela Escamilla","telephone":"(313) 849-5009","fax":"(313) 849-5740","pEmail":"micaela.escamilla@detroitk12.org","emphasis":"GenEd","config":"5 - 8, ESE","PK":0,"K":0,"F1":0,"F2":0,"F3":0,"F4":0,"F5":1,"F6":1,"F7":1,"F8":1,"F9":0,"F10":0,"F11":0,"F12":0,"Alt":0,"SpEd":1,"AE":0,"CTE":0,"PRC":0,"F21st_Century":null,"status":"Active","EC":0,"EL":1,"Mid":1,"High":0,"School":"Clippert","Include":"Yes","Category":"Middle School","Type":"Middle School","votingDistrict":null,"shortName":"Clippert","GlobalID":"60ced2cf-1c80-4443-921b-609f1356f897","CreationDate":"Wed, 24 Jun 2020 18:15:42 GMT","Creator":"eric.roy.anderson","EditDate":"Wed, 24 Jun 2020 18:15:42 GMT","Editor":"eric.roy.anderson","POINT_X":null,"POINT_Y":null,"PhaseOut":null,"ESEInclusionSite":null,"url":"https://clippert.detroitk12.org","Principal":"Gina Liverpool"}},{"type":"Feature","id":16,"geometry":{"type":"Point","coordinates":[-83.2256737268172,42.4085776232848]},"properties":{"OBJECTID":16,"districtCode":null,"meapCode":781,"schoolCode":69,"hr_location":null,"EEType":"LEA-UEP","asstSuperIntendent":null,"schoolName":"Cooke STEM Academy","address":"18800 Puritan Street","zip":"48223-1350","administratorTitle":null,"pFullName":"Deanna Hunt","telephone":"(313) 494-7458","fax":"(313) 494-7759","pEmail":"deanna.hunt@detroitk12.org","emphasis":"GenEd","config":"K - 6, ESE","PK":0,"K":1,"F1":1,"F2":1,"F3":1,"F4":1,"F5":1,"F6":1,"F7":0,"F8":0,"F9":0,"F10":0,"F11":0,"F12":0,"Alt":0,"SpEd":1,"AE":0,"CTE":0,"PRC":0,"F21st_Century":null,"status":"Active","EC":0,"EL":1,"Mid":1,"High":0,"School":"Cooke","Include":"Yes","Category":"Elementary","Type":"Elementary","votingDistrict":null,"shortName":"Cooke","GlobalID":"73abb60c-6ecc-454f-86fd-0947bb5ccc67","CreationDate":"Wed, 24 Jun 2020 18:15:42 GMT","Creator":"eric.roy.anderson","EditDate":"Wed, 24 Jun 2020 18:15:42 GMT","Editor":"eric.roy.anderson","POINT_X":null,"POINT_Y":null,"PhaseOut":null,"ESEInclusionSite":null,"url":"https://cooke.detroitk12.org","Principal":"Jason A. Drain"}},{"type":"Feature","id":17,"geometry":{"type":"Point","coordinates":[-83.1281083560595,42.4060305736077]},"properties":{"OBJECTID":17,"districtCode":null,"meapCode":857,"schoolCode":77,"hr_location":null,"EEType":"LEA-UEP","asstSuperIntendent":null,"schoolName":"Thurgood Marshall Elementary School","address":"15531 Linwood Street","zip":"48238-1465","administratorTitle":null,"pFullName":"Sharon Lee","telephone":"(313) 494-8820","fax":"(313) 494-7294","pEmail":"sharon.lee@detroitk12.org","emphasis":"GenEd","config":"K - 8, PK, ESE","PK":1,"K":1,"F1":1,"F2":1,"F3":1,"F4":1,"F5":1,"F6":1,"F7":1,"F8":1,"F9":0,"F10":0,"F11":0,"F12":0,"Alt":0,"SpEd":1,"AE":0,"CTE":0,"PRC":0,"F21st_Century":null,"status":"Active","EC":1,"EL":1,"Mid":1,"High":0,"School":"Thurgood Marshall","Include":"Yes","Category":"Elementary-Middle","Type":"Elementary - Middle","votingDistrict":null,"shortName":"Marshall","GlobalID":"6eb3018a-c84e-47fa-9d13-c00c576fcbaa","CreationDate":"Wed, 24 Jun 2020 18:15:42 GMT","Creator":"eric.roy.anderson","EditDate":"Wed, 24 Jun 2020 18:15:42 GMT","Editor":"eric.roy.anderson","POINT_X":null,"POINT_Y":null,"PhaseOut":"Yes","ESEInclusionSite":null,"url":"https://marshall.detroitk12.org","Principal":"Janeene Montgomery"}},{"type":"Feature","id":18,"geometry":{"type":"Point","coordinates":[-83.1274404540054,42.4145310983309]},"properties":{"OBJECTID":18,"districtCode":null,"meapCode":7633,"schoolCode":80,"hr_location":null,"EEType":"LEA-UEP","asstSuperIntendent":null,"schoolName":"Paul Robeson Malcolm X Academy","address":"2585 Grove Street","zip":"48221-3164","administratorTitle":null,"pFullName":"Jeffrey Robinson","telephone":"(313) 494-8100","fax":"(313) 494-7089","pEmail":"jeffrey.robinson@detroitk12.org","emphasis":"GenEd","config":"K - 8, PK, ESE","PK":1,"K":1,"F1":1,"F2":1,"F3":1,"F4":1,"F5":1,"F6":1,"F7":1,"F8":1,"F9":0,"F10":0,"F11":0,"F12":0,"Alt":0,"SpEd":1,"AE":0,"CTE":0,"PRC":0,"F21st_Century":null,"status":"Closed","EC":1,"EL":1,"Mid":1,"High":0,"School":"Robeson Malcolm X","Include":"Yes","Category":"Elementary-Middle","Type":"Elementary - Middle","votingDistrict":null,"shortName":"Robeson/Malcolm X","GlobalID":"fdb03518-7455-49fc-a44f-6b1414641b6e","CreationDate":"Wed, 24 Jun 2020 18:15:42 GMT","Creator":"eric.roy.anderson","EditDate":"Wed, 24 Jun 2020 18:15:42 GMT","Editor":"eric.roy.anderson","POINT_X":null,"POINT_Y":null,"PhaseOut":null,"ESEInclusionSite":null,"url":"https://robesonmalcolmx.detroitk12.org","Principal":""}},{"type":"Feature","id":19,"geometry":{"type":"Point","coordinates":[-83.0692004066038,42.4113196496255]},"properties":{"OBJECTID":19,"districtCode":null,"meapCode":880,"schoolCode":88,"hr_location":null,"EEType":"LEA-UEP","asstSuperIntendent":null,"schoolName":"Davison Elementary-Middle School","address":"2800 E. Davison Street","zip":"48212-1680","administratorTitle":null,"pFullName":"Randall Coleman","telephone":"(313) 252-3118","fax":"(313) 866-0919","pEmail":"randall.coleman@detroitk12.org","emphasis":"GenEd","config":"K - 8, PK, ESE","PK":1,"K":1,"F1":1,"F2":1,"F3":1,"F4":1,"F5":1,"F6":1,"F7":1,"F8":1,"F9":0,"F10":0,"F11":0,"F12":0,"Alt":0,"SpEd":1,"AE":0,"CTE":0,"PRC":0,"F21st_Century":null,"status":"Active","EC":1,"EL":1,"Mid":1,"High":0,"School":"Davison","Include":"Yes","Category":"Elementary-Middle","Type":"Elementary - Middle","votingDistrict":null,"shortName":"Davison","GlobalID":"dc78b228-a5b2-4cd8-b11a-813f84216fd5","CreationDate":"Wed, 24 Jun 2020 18:15:42 GMT","Creator":"eric.roy.anderson","EditDate":"Wed, 24 Jun 2020 18:15:42 GMT","Editor":"eric.roy.anderson","POINT_X":null,"POINT_Y":null,"PhaseOut":null,"ESEInclusionSite":null,"url":"https://davison.detroitk12.org","Principal":"Randall Coleman"}},{"type":"Feature","id":20,"geometry":{"type":"Point","coordinates":[-83.2478897735516,42.3546048459001]},"properties":{"OBJECTID":20,"districtCode":null,"meapCode":925,"schoolCode":90,"hr_location":null,"EEType":"LEA-UEP","asstSuperIntendent":null,"schoolName":"Dixon Educational Learning Academy","address":"8401 Trinity Street","zip":"48228-2807","administratorTitle":null,"pFullName":"Corey Pitts","telephone":"(313) 945-1330 ","fax":"(313) 945-1557","pEmail":"corey.pitts@detroitk12.org","emphasis":"GenEd","config":"K - 8, PK, ESE","PK":1,"K":1,"F1":1,"F2":1,"F3":1,"F4":1,"F5":1,"F6":1,"F7":1,"F8":1,"F9":0,"F10":0,"F11":0,"F12":0,"Alt":0,"SpEd":1,"AE":0,"CTE":0,"PRC":0,"F21st_Century":null,"status":"Active","EC":1,"EL":1,"Mid":1,"High":0,"School":"Dixon","Include":"Yes","Category":"Elementary-Middle","Type":"Elementary - Middle","votingDistrict":null,"shortName":"Dixon","GlobalID":"cbbf1c97-d18b-4986-a1b4-37aac99779dc","CreationDate":"Wed, 24 Jun 2020 18:15:42 GMT","Creator":"eric.roy.anderson","EditDate":"Wed, 24 Jun 2020 18:15:42 GMT","Editor":"eric.roy.anderson","POINT_X":null,"POINT_Y":null,"PhaseOut":null,"ESEInclusionSite":null,"url":"https://dixon.detroitk12.org","Principal":"Corey Pitts"}},{"type":"Feature","id":21,"geometry":{"type":"Point","coordinates":[-83.2108356492179,42.38273457514]},"properties":{"OBJECTID":21,"districtCode":null,"meapCode":939,"schoolCode":91,"hr_location":null,"EEType":"LEA-UEP","asstSuperIntendent":null,"schoolName":"Dossin Elementary-Middle School","address":"16650 Glendale Street","zip":"48227-1210","administratorTitle":null,"pFullName":"Kurtis Brown","telephone":"(313) 866-9390","fax":"(313) 866-9386","pEmail":"kurtis.brown@detroitk12.org","emphasis":"GenEd","config":"K - 8, ESE","PK":0,"K":1,"F1":1,"F2":1,"F3":1,"F4":1,"F5":1,"F6":1,"F7":1,"F8":1,"F9":0,"F10":0,"F11":0,"F12":0,"Alt":0,"SpEd":1,"AE":0,"CTE":0,"PRC":0,"F21st_Century":null,"status":"Active","EC":0,"EL":1,"Mid":1,"High":0,"School":"Dossin","Include":"Yes","Category":"Elementary-Middle","Type":"Elementary - Middle","votingDistrict":null,"shortName":"Dossin","GlobalID":"44c5c7ad-fe0f-4430-aadb-cdd3299fe0d9","CreationDate":"Wed, 24 Jun 2020 18:15:42 GMT","Creator":"eric.roy.anderson","EditDate":"Wed, 24 Jun 2020 18:15:42 GMT","Editor":"eric.roy.anderson","POINT_X":null,"POINT_Y":null,"PhaseOut":null,"ESEInclusionSite":null,"url":"https://dossin.detroitk12.org","Principal":"Victor Frosh"}},{"type":"Feature","id":22,"geometry":{"type":"Point","coordinates":[-83.2133965065336,42.3979645256473]},"properties":{"OBJECTID":22,"districtCode":null,"meapCode":1084,"schoolCode":104,"hr_location":null,"EEType":"LEA-UEP","asstSuperIntendent":null,"schoolName":"Edison Elementary School","address":"17045 Grand River Avenue","zip":"48227-1424","administratorTitle":null,"pFullName":"Akeya Murphy","telephone":"(313) 852-1066","fax":"(313) 852-1060","pEmail":"akeya.murphy@detroitk12.org","emphasis":"GenEd","config":"K - 5, PK, ESE","PK":1,"K":1,"F1":1,"F2":1,"F3":1,"F4":1,"F5":1,"F6":0,"F7":0,"F8":0,"F9":0,"F10":0,"F11":0,"F12":0,"Alt":0,"SpEd":1,"AE":0,"CTE":0,"PRC":0,"F21st_Century":null,"status":"Active","EC":1,"EL":1,"Mid":0,"High":0,"School":"Edison","Include":"Yes","Category":"Elementary","Type":"Elementary","votingDistrict":null,"shortName":"Edison","GlobalID":"c80ad9dd-bfdd-475c-9303-e04dd052f568","CreationDate":"Wed, 24 Jun 2020 18:15:42 GMT","Creator":"eric.roy.anderson","EditDate":"Wed, 24 Jun 2020 18:15:42 GMT","Editor":"eric.roy.anderson","POINT_X":null,"POINT_Y":null,"PhaseOut":null,"ESEInclusionSite":null,"url":"https://edison.detroitk12.org","Principal":"Kristina Christian"}},{"type":"Feature","id":23,"geometry":{"type":"Point","coordinates":[-83.0746483496308,42.3488872335269]},"properties":{"OBJECTID":23,"districtCode":null,"meapCode":3639,"schoolCode":105,"hr_location":null,"EEType":"LEA-UEP","asstSuperIntendent":null,"schoolName":"Edmonson Elementary School","address":"1300 West Canfield St","zip":"48201-1006","administratorTitle":null,"pFullName":"Pashawn Johnson","telephone":"(313) 332-4646","fax":"(313) 873-8562 ","pEmail":"pashawn.johnson@detroitk12.org","emphasis":"GenEd","config":"K - 4, PK","PK":1,"K":1,"F1":1,"F2":1,"F3":1,"F4":1,"F5":0,"F6":0,"F7":0,"F8":0,"F9":0,"F10":0,"F11":0,"F12":0,"Alt":0,"SpEd":0,"AE":0,"CTE":0,"PRC":0,"F21st_Century":null,"status":"Active","EC":1,"EL":1,"Mid":0,"High":0,"School":"Edmonson","Include":"Yes","Category":"Montessori","Type":"Early Childhood","votingDistrict":null,"shortName":"Edmonson","GlobalID":"6820bf2a-d98a-4fba-9b6e-07487ed6a477","CreationDate":"Wed, 24 Jun 2020 18:15:42 GMT","Creator":"eric.roy.anderson","EditDate":"Wed, 24 Jun 2020 18:15:42 GMT","Editor":"eric.roy.anderson","POINT_X":null,"POINT_Y":null,"PhaseOut":null,"ESEInclusionSite":null,"url":"https://edmonson.detroitk12.org","Principal":"PaShawn Johnson"}},{"type":"Feature","id":24,"geometry":{"type":"Point","coordinates":[-83.2326184821576,42.4232868946706]},"properties":{"OBJECTID":24,"districtCode":null,"meapCode":1134,"schoolCode":107,"hr_location":null,"EEType":"LEA-UEP","asstSuperIntendent":null,"schoolName":"Emerson Elementary-Middle School","address":"18240 Huntington Road","zip":"48219-2800","administratorTitle":null,"pFullName":"Alonzo Terry","telephone":"(313) 831-9688","fax":"(313) 831-9699","pEmail":"alonzo.terry@detroitk12.org","emphasis":"GenEd","config":"K - 8, PK, ESE","PK":1,"K":1,"F1":1,"F2":1,"F3":1,"F4":1,"F5":1,"F6":1,"F7":1,"F8":1,"F9":0,"F10":0,"F11":0,"F12":0,"Alt":0,"SpEd":1,"AE":0,"CTE":0,"PRC":0,"F21st_Century":null,"status":"Active","EC":1,"EL":1,"Mid":1,"High":0,"School":"Emerson","Include":"Yes","Category":"Elementary-Middle","Type":"Elementary - Middle","votingDistrict":null,"shortName":"Emerson","GlobalID":"bc4f7ac0-713e-40bf-a703-00256bd8e4a7","CreationDate":"Wed, 24 Jun 2020 18:15:42 GMT","Creator":"eric.roy.anderson","EditDate":"Wed, 24 Jun 2020 18:15:42 GMT","Editor":"eric.roy.anderson","POINT_X":null,"POINT_Y":null,"PhaseOut":null,"ESEInclusionSite":"Yes","url":"https://emerson.detroitk12.org","Principal":"Alonzo F. Terry"}},{"type":"Feature","id":25,"geometry":{"type":"Point","coordinates":[-83.0014315485291,42.3525090967817]},"properties":{"OBJECTID":25,"districtCode":null,"meapCode":8951,"schoolCode":124,"hr_location":null,"EEType":"LEA-UEP","asstSuperIntendent":null,"schoolName":"Moses Field Center","address":"1100 Sheridan","zip":"48214-4220","administratorTitle":null,"pFullName":"LeTanya Dandridge","telephone":"(313) 866-5790","fax":"(313) 866-9896","pEmail":"letanya.dandridge@detroitk12.org","emphasis":"ESE","config":"K - 8, ESE","PK":0,"K":1,"F1":1,"F2":1,"F3":1,"F4":1,"F5":1,"F6":1,"F7":1,"F8":1,"F9":0,"F10":0,"F11":0,"F12":0,"Alt":0,"SpEd":1,"AE":0,"CTE":0,"PRC":0,"F21st_Century":null,"status":"Active","EC":0,"EL":1,"Mid":1,"High":0,"School":"Moses Field","Include":"Yes","Category":"Exceptional Student Education","Type":"Exceptional Student Education","votingDistrict":null,"shortName":"Moses Field","GlobalID":"740a7606-15cf-4781-8151-013ec284ef6b","CreationDate":"Wed, 24 Jun 2020 18:15:42 GMT","Creator":"eric.roy.anderson","EditDate":"Wed, 24 Jun 2020 18:15:42 GMT","Editor":"eric.roy.anderson","POINT_X":null,"POINT_Y":null,"PhaseOut":null,"ESEInclusionSite":null,"url":"https://field.detroitk12.org","Principal":"Courtney Sanders"}},{"type":"Feature","id":26,"geometry":{"type":"Point","coordinates":[-83.1596971455958,42.3653136474271]},"properties":{"OBJECTID":26,"districtCode":null,"meapCode":853,"schoolCode":126,"hr_location":null,"EEType":"LEA-UEP","asstSuperIntendent":null,"schoolName":"Mackenzie Elementary-Middle School","address":"10147 West Chicago","zip":"48204","administratorTitle":null,"pFullName":"Jason Drain","telephone":"(313) 416-6400","fax":"(313) 416-6531","pEmail":"jason.drain@detroitk12.org","emphasis":"GenEd","config":"K - 8, PK, ESE","PK":1,"K":1,"F1":1,"F2":1,"F3":1,"F4":1,"F5":1,"F6":1,"F7":1,"F8":1,"F9":0,"F10":0,"F11":0,"F12":0,"Alt":0,"SpEd":1,"AE":0,"CTE":0,"PRC":0,"F21st_Century":null,"status":"Active","EC":1,"EL":1,"Mid":1,"High":0,"School":"Mackenzie","Include":"Yes","Category":"Elementary-Middle","Type":"Elementary - Middle","votingDistrict":null,"shortName":"Mackenzie","GlobalID":"a993c3ca-df2c-48c8-b3a5-a700c4284faf","CreationDate":"Wed, 24 Jun 2020 18:15:42 GMT","Creator":"eric.roy.anderson","EditDate":"Wed, 24 Jun 2020 18:15:42 GMT","Editor":"eric.roy.anderson","POINT_X":null,"POINT_Y":null,"PhaseOut":null,"ESEInclusionSite":null,"url":"https://mackenzie.detroitk12.org","Principal":"Morenike Hood"}},{"type":"Feature","id":27,"geometry":{"type":"Point","coordinates":[-83.2016927735586,42.3394873174016]},"properties":{"OBJECTID":27,"districtCode":null,"meapCode":1362,"schoolCode":130,"hr_location":null,"EEType":"LEA-UEP","asstSuperIntendent":null,"schoolName":"Gardner Elementary School","address":"6528 Mansfield Street","zip":"48228-5209","administratorTitle":null,"pFullName":"Shannon Cummings","telephone":"(313) 581-4615","fax":"(313) 581-3713","pEmail":"shannon.cummings@detroitk12.org","emphasis":"GenEd","config":"K - 5, ESE","PK":0,"K":1,"F1":1,"F2":1,"F3":1,"F4":1,"F5":1,"F6":0,"F7":0,"F8":0,"F9":0,"F10":0,"F11":0,"F12":0,"Alt":0,"SpEd":1,"AE":0,"CTE":0,"PRC":0,"F21st_Century":null,"status":"Active","EC":0,"EL":1,"Mid":0,"High":0,"School":"Gardner","Include":"Yes","Category":"Elementary","Type":"Elementary","votingDistrict":null,"shortName":"Gardner","GlobalID":"4f0f2e23-0d40-460b-9d4e-d2ff1c6fa8d5","CreationDate":"Wed, 24 Jun 2020 18:15:42 GMT","Creator":"eric.roy.anderson","EditDate":"Wed, 24 Jun 2020 18:15:42 GMT","Editor":"eric.roy.anderson","POINT_X":null,"POINT_Y":null,"PhaseOut":null,"ESEInclusionSite":null,"url":"https://gardner.detroitk12.org","Principal":"Lynn Bradley"}},{"type":"Feature","id":28,"geometry":{"type":"Point","coordinates":[-83.2461686395735,42.3921886340046]},"properties":{"OBJECTID":28,"districtCode":null,"meapCode":1438,"schoolCode":135,"hr_location":null,"EEType":"LEA-UEP","asstSuperIntendent":null,"schoolName":"Gompers Elementary-Middle School","address":"14450 Burt Road","zip":"48223","administratorTitle":null,"pFullName":"Bobbie Posey","telephone":"(313) 494-7495","fax":"(313) 494-7636","pEmail":"bobbie.posey@detroitk12.org","emphasis":"GenEd","config":"K - 8, PK, ESE","PK":1,"K":1,"F1":1,"F2":1,"F3":1,"F4":1,"F5":1,"F6":1,"F7":1,"F8":1,"F9":0,"F10":0,"F11":0,"F12":0,"Alt":0,"SpEd":1,"AE":0,"CTE":0,"PRC":0,"F21st_Century":null,"status":"Active","EC":1,"EL":1,"Mid":1,"High":0,"School":"Gompers","Include":"Yes","Category":"Elementary-Middle","Type":"Elementary - Middle","votingDistrict":null,"shortName":"Gompers","GlobalID":"a0cf20ee-a9bf-4348-86ac-78f2a8605103","CreationDate":"Wed, 24 Jun 2020 18:15:42 GMT","Creator":"eric.roy.anderson","EditDate":"Wed, 24 Jun 2020 18:15:42 GMT","Editor":"eric.roy.anderson","POINT_X":null,"POINT_Y":null,"PhaseOut":null,"ESEInclusionSite":null,"url":"https://gompers.detroitk12.org","Principal":"Akeya Murphy"}},{"type":"Feature","id":29,"geometry":{"type":"Point","coordinates":[-83.1076790218478,42.432599140045]},"properties":{"OBJECTID":29,"districtCode":null,"meapCode":1493,"schoolCode":140,"hr_location":null,"EEType":"LEA-UEP","asstSuperIntendent":null,"schoolName":"Greenfield Union Elementary-Middle School","address":"420 W. 7 Mile Road","zip":"48203-1920","administratorTitle":null,"pFullName":"Murleen Coakley","telephone":"(313) 866-2999","fax":"(313) 866-2633","pEmail":"murleen.coakley@detroitk12.org","emphasis":"GenEd","config":"K - 8, PK, ESE","PK":1,"K":1,"F1":1,"F2":1,"F3":1,"F4":1,"F5":1,"F6":1,"F7":1,"F8":1,"F9":0,"F10":0,"F11":0,"F12":0,"Alt":0,"SpEd":1,"AE":0,"CTE":0,"PRC":0,"F21st_Century":null,"status":"Active","EC":1,"EL":1,"Mid":1,"High":0,"School":"Greenfield Union","Include":"Yes","Category":"Phase-Out","Type":"Elementary - Middle","votingDistrict":null,"shortName":"Greenfield Union","GlobalID":"560b36f7-0b92-4666-8bfc-e39ba80c346b","CreationDate":"Wed, 24 Jun 2020 18:15:42 GMT","Creator":"eric.roy.anderson","EditDate":"Wed, 24 Jun 2020 18:15:42 GMT","Editor":"eric.roy.anderson","POINT_X":null,"POINT_Y":null,"PhaseOut":"Yes","ESEInclusionSite":null,"Principal":"","url":"https://greenfieldunion.detroitk12.org"}},{"type":"Feature","id":30,"geometry":{"type":"Point","coordinates":[-83.1516650690976,42.4092690100191]},"properties":{"OBJECTID":30,"districtCode":null,"meapCode":1518,"schoolCode":141,"hr_location":null,"EEType":"LEA-UEP","asstSuperIntendent":null,"schoolName":"Mary McLeod Bethune Elementary-Middle School","address":"8145 Puritan Street","zip":"48227-4068","administratorTitle":null,"pFullName":"William Jackson","telephone":"(313) 494-3830","fax":"(313) 494-3829","pEmail":"william.jackson@detroitk12.org","emphasis":"GenEd","config":"K - 8, PK, ESE","PK":1,"K":1,"F1":1,"F2":1,"F3":1,"F4":1,"F5":1,"F6":1,"F7":1,"F8":1,"F9":0,"F10":0,"F11":0,"F12":0,"Alt":0,"SpEd":1,"AE":0,"CTE":0,"PRC":0,"F21st_Century":null,"status":"Active","EC":1,"EL":1,"Mid":1,"High":0,"School":"Bethune","Include":"Yes","Category":"Elementary-Middle","Type":"Elementary - Middle","votingDistrict":null,"shortName":"Bethune","GlobalID":"6783fa5c-9d4b-45a5-827d-f42a35dd35ac","CreationDate":"Wed, 24 Jun 2020 18:15:42 GMT","Creator":"eric.roy.anderson","EditDate":"Wed, 24 Jun 2020 18:15:42 GMT","Editor":"eric.roy.anderson","POINT_X":null,"POINT_Y":null,"PhaseOut":null,"ESEInclusionSite":null,"url":"https://bethune.detroitk12.org","Principal":"William Jackson"}},{"type":"Feature","id":31,"geometry":{"type":"Point","coordinates":[-83.1392790411621,42.4272037118495]},"properties":{"OBJECTID":31,"districtCode":null,"meapCode":1552,"schoolCode":152,"hr_location":null,"EEType":"LEA-UEP","asstSuperIntendent":null,"schoolName":"Palmer Park Preparatory Academy","address":"3901 Margareta","zip":"48221-2260","administratorTitle":null,"pFullName":"Georgia Hubbard","telephone":"(313) 494-7300","fax":"(313) 748-6141","pEmail":"georgia.hubbard@detroitk12.org","emphasis":"GenEd","config":"K - 8, PK, ESE","PK":1,"K":1,"F1":1,"F2":1,"F3":1,"F4":1,"F5":1,"F6":1,"F7":1,"F8":1,"F9":0,"F10":0,"F11":0,"F12":0,"Alt":0,"SpEd":1,"AE":0,"CTE":0,"PRC":0,"F21st_Century":null,"status":"Active","EC":1,"EL":1,"Mid":1,"High":0,"School":"Palmer Park","Include":"Yes","Category":"Montessori","Type":"Elementary - Middle","votingDistrict":null,"shortName":"Palmer Park","GlobalID":"d9216a56-c663-4f1f-986d-0fd77b283f8b","CreationDate":"Wed, 24 Jun 2020 18:15:42 GMT","Creator":"eric.roy.anderson","EditDate":"Wed, 24 Jun 2020 18:15:42 GMT","Editor":"eric.roy.anderson","POINT_X":null,"POINT_Y":null,"PhaseOut":null,"ESEInclusionSite":null,"url":"https://palmerpark.detroitk12.org","Principal":""}},{"type":"Feature","id":32,"geometry":{"type":"Point","coordinates":[-83.1910094559113,42.4194969467132]},"properties":{"OBJECTID":32,"districtCode":null,"meapCode":7326,"schoolCode":153,"hr_location":null,"EEType":"LEA-UEP","asstSuperIntendent":null,"schoolName":"Foreign Language Immersion and Cultural Studies School (FLICS)","address":"6501 West Outer Drive","zip":"48235","administratorTitle":null,"pFullName":"Zetia Hogan","telephone":"(313) 651-2400","fax":"(313) 651-2401","pEmail":"zetia.hogan@detroitk12.org","emphasis":"GenEd","config":"K - 8, PK, ESE","PK":1,"K":1,"F1":1,"F2":1,"F3":1,"F4":1,"F5":1,"F6":1,"F7":1,"F8":1,"F9":0,"F10":0,"F11":0,"F12":0,"Alt":0,"SpEd":1,"AE":0,"CTE":0,"PRC":0,"F21st_Century":null,"status":"Active","EC":1,"EL":1,"Mid":1,"High":0,"School":"FLICS","Include":"Yes","Category":"Elementary-Middle","Type":"Elementary - Middle","votingDistrict":null,"shortName":"FLICS","GlobalID":"1533d60f-b95c-4d06-8f9c-e5cfee676d75","CreationDate":"Wed, 24 Jun 2020 18:15:42 GMT","Creator":"eric.roy.anderson","EditDate":"Wed, 24 Jun 2020 18:15:42 GMT","Editor":"eric.roy.anderson","POINT_X":null,"POINT_Y":null,"PhaseOut":null,"ESEInclusionSite":null,"url":"https://flics.detroitk12.org","Principal":"Bret Woodley"}},{"type":"Feature","id":33,"geometry":{"type":"Point","coordinates":[-83.1249819523347,42.314282033393]},"properties":{"OBJECTID":33,"districtCode":null,"meapCode":1574,"schoolCode":157,"hr_location":null,"EEType":"LEA-UEP","asstSuperIntendent":null,"schoolName":"Harms Elementary School","address":"2400 Central Street","zip":"48209-1191","administratorTitle":null,"pFullName":"Claudia Lara-Martinez","telephone":"(313) 849-3492","fax":"(313) 849-4690","pEmail":"claudia.laramartinez@detroitk12.org","emphasis":"GenEd","config":"K - 5, ESE","PK":0,"K":1,"F1":1,"F2":1,"F3":1,"F4":1,"F5":1,"F6":0,"F7":0,"F8":0,"F9":0,"F10":0,"F11":0,"F12":0,"Alt":0,"SpEd":1,"AE":0,"CTE":0,"PRC":0,"F21st_Century":null,"status":"Active","EC":0,"EL":1,"Mid":0,"High":0,"School":"Harms","Include":"Yes","Category":"Elementary","Type":"Elementary","votingDistrict":null,"shortName":"Harms","GlobalID":"f7494d2b-6059-45f8-a05f-af6a356d136c","CreationDate":"Wed, 24 Jun 2020 18:15:42 GMT","Creator":"eric.roy.anderson","EditDate":"Wed, 24 Jun 2020 18:15:42 GMT","Editor":"eric.roy.anderson","POINT_X":null,"POINT_Y":null,"PhaseOut":null,"ESEInclusionSite":null,"url":"https://harms.detroitk12.org","Principal":"Aurelia Ramos"}},{"type":"Feature","id":34,"geometry":{"type":"Point","coordinates":[-83.0142202486971,42.394788365266]},"properties":{"OBJECTID":34,"districtCode":null,"meapCode":5,"schoolCode":165,"hr_location":null,"EEType":"LEA-UEP","asstSuperIntendent":null,"schoolName":"A.L. Holmes Academy of Blended Learning","address":"8950 Crane Street","zip":"48213-2273","administratorTitle":null,"pFullName":"Tammy Mitchell","telephone":"(313) 866-5644","fax":"(313) 866-2299","pEmail":"tammy.mitchell@detroitk12.org","emphasis":"GenEd","config":"K - 8, PK, ESE","PK":1,"K":1,"F1":1,"F2":1,"F3":1,"F4":1,"F5":1,"F6":1,"F7":1,"F8":1,"F9":0,"F10":0,"F11":0,"F12":0,"Alt":0,"SpEd":1,"AE":0,"CTE":0,"PRC":0,"F21st_Century":null,"status":"Active","EC":1,"EL":1,"Mid":1,"High":0,"School":"Holmes","Include":"Yes","Category":"Elementary-Middle","Type":"Elementary - Middle","votingDistrict":null,"shortName":"Holmes","GlobalID":"6b067572-5054-4951-94ab-cca56b619e78","CreationDate":"Wed, 24 Jun 2020 18:15:42 GMT","Creator":"eric.roy.anderson","EditDate":"Wed, 24 Jun 2020 18:15:42 GMT","Editor":"eric.roy.anderson","POINT_X":null,"POINT_Y":null,"PhaseOut":null,"ESEInclusionSite":null,"url":"https://holmes.detroitk12.org","Principal":"Nicole Armstrong"}},{"type":"Feature","id":35,"geometry":{"type":"Point","coordinates":[-82.9829582904109,42.3697093066455]},"properties":{"OBJECTID":35,"districtCode":null,"meapCode":1803,"schoolCode":174,"hr_location":null,"EEType":"LEA-UEP","asstSuperIntendent":null,"schoolName":"Hutchinson Elementary-Middle School at Howe","address":"2600 Garland","zip":"48214-4037","administratorTitle":null,"pFullName":"Sharon L Williams","telephone":"(313) 866-4169","fax":"(313) 866-4193","pEmail":"sharon.williams03@detroitk12.org","emphasis":"GenEd","config":"K - 8, PK, ESE","PK":1,"K":1,"F1":1,"F2":1,"F3":1,"F4":1,"F5":1,"F6":1,"F7":1,"F8":1,"F9":0,"F10":0,"F11":0,"F12":0,"Alt":0,"SpEd":1,"AE":0,"CTE":0,"PRC":0,"F21st_Century":null,"status":"Active","EC":1,"EL":1,"Mid":1,"High":0,"School":"Hutchinson","Include":"Yes","Category":"Elementary-Middle","Type":"Elementary - Middle","votingDistrict":null,"shortName":"Hutchinson","GlobalID":"3ae52d51-e5bb-4896-8ac5-b8ca15e96522","CreationDate":"Wed, 24 Jun 2020 18:15:42 GMT","Creator":"eric.roy.anderson","EditDate":"Wed, 24 Jun 2020 18:15:42 GMT","Editor":"eric.roy.anderson","POINT_X":null,"POINT_Y":null,"PhaseOut":null,"ESEInclusionSite":null,"url":"https://hutchinson.detroitk12.org","Principal":"Vivian Pearson"}},{"type":"Feature","id":36,"geometry":{"type":"Point","coordinates":[-83.1283527804707,42.3739034373926]},"properties":{"OBJECTID":36,"districtCode":null,"meapCode":9594,"schoolCode":198,"hr_location":null,"EEType":"LEA-UEP","asstSuperIntendent":null,"schoolName":"Keidan Special Education Center","address":"4441 Collingwood","zip":"48204","administratorTitle":null,"pFullName":"Adrima Caesar","telephone":"(313) 873-9400","fax":"(313) 873-9352","pEmail":"adrima.caesar@detroitk12.org","emphasis":"ESE","config":"K - 8, ESE","PK":0,"K":1,"F1":1,"F2":1,"F3":1,"F4":1,"F5":1,"F6":1,"F7":1,"F8":1,"F9":0,"F10":0,"F11":0,"F12":0,"Alt":0,"SpEd":1,"AE":0,"CTE":0,"PRC":0,"F21st_Century":null,"status":"Active","EC":0,"EL":1,"Mid":1,"High":0,"School":"Keidan Center","Include":"Yes","Category":"Exceptional Student Education","Type":"Exceptional Student Education","votingDistrict":null,"shortName":"Keidan","GlobalID":"5af366ff-06b8-4514-8776-690d2193986c","CreationDate":"Wed, 24 Jun 2020 18:15:42 GMT","Creator":"eric.roy.anderson","EditDate":"Wed, 24 Jun 2020 18:15:42 GMT","Editor":"eric.roy.anderson","POINT_X":null,"POINT_Y":null,"PhaseOut":null,"ESEInclusionSite":null,"url":"https://keidan.detroitk12.org","Principal":"Rusan M. Weems"}},{"type":"Feature","id":37,"geometry":{"type":"Point","coordinates":[-83.1873373454503,42.4081666697494]},"properties":{"OBJECTID":37,"districtCode":null,"meapCode":2036,"schoolCode":201,"hr_location":null,"EEType":"LEA-UEP","asstSuperIntendent":null,"schoolName":"John R.King Academic and Performing Arts Academy","address":"15850 Strathmoor Street","zip":"48227-2965","administratorTitle":null,"pFullName":"Jennifer Spencer","telephone":"(313) 866-9600","fax":"(313) 866-9626","pEmail":"jennifer.spencer@detroitk12.org","emphasis":"GenEd","config":"K - 8, PK, ESE","PK":1,"K":1,"F1":1,"F2":1,"F3":1,"F4":1,"F5":1,"F6":1,"F7":1,"F8":1,"F9":0,"F10":0,"F11":0,"F12":0,"Alt":0,"SpEd":1,"AE":0,"CTE":0,"PRC":0,"F21st_Century":null,"status":"Active","EC":1,"EL":1,"Mid":1,"High":0,"School":"John R. King","Include":"Yes","Category":"Elementary-Middle","Type":"Elementary - Middle","votingDistrict":null,"shortName":"J.R. King","GlobalID":"7f9cfafd-0618-42d1-9ab4-6bf985b5fb1c","CreationDate":"Wed, 24 Jun 2020 18:15:42 GMT","Creator":"eric.roy.anderson","EditDate":"Wed, 24 Jun 2020 18:15:42 GMT","Editor":"eric.roy.anderson","POINT_X":null,"POINT_Y":null,"PhaseOut":null,"ESEInclusionSite":null,"url":"https://jrking.detroitk12.org","Principal":"Jennifer Spencer"}},{"type":"Feature","id":38,"geometry":{"type":"Point","coordinates":[-83.0292134730959,42.4377818355697]},"properties":{"OBJECTID":38,"districtCode":null,"meapCode":2377,"schoolCode":211,"hr_location":null,"EEType":"LEA-UEP","asstSuperIntendent":null,"schoolName":"Marion Law Academy","address":"19411 Cliff Avenue","zip":"48234","administratorTitle":null,"pFullName":"Christina Lewis","telephone":"(313) 866-3400","fax":"(313) 866-6200","pEmail":"christina.lewis@detroitk12.org","emphasis":"GenEd","config":"K - 8, PK, ESE","PK":1,"K":1,"F1":1,"F2":1,"F3":1,"F4":1,"F5":1,"F6":1,"F7":1,"F8":1,"F9":0,"F10":0,"F11":0,"F12":0,"Alt":0,"SpEd":1,"AE":0,"CTE":0,"PRC":0,"F21st_Century":null,"status":"Active","EC":1,"EL":1,"Mid":1,"High":0,"School":"Law","Include":"Yes","Category":"Elementary-Middle","Type":"Elementary - Middle","votingDistrict":null,"shortName":"Law","GlobalID":"e1075c1b-bbfb-4383-a1dc-a971d3483659","CreationDate":"Wed, 24 Jun 2020 18:15:42 GMT","Creator":"eric.roy.anderson","EditDate":"Wed, 24 Jun 2020 18:15:42 GMT","Editor":"eric.roy.anderson","POINT_X":null,"POINT_Y":null,"PhaseOut":null,"ESEInclusionSite":"Yes","url":"https://law.detroitk12.org","Principal":"Denise M. Allen"}},{"type":"Feature","id":39,"geometry":{"type":"Point","coordinates":[-83.0530709404672,42.3513636675147]},"properties":{"OBJECTID":39,"districtCode":null,"meapCode":3558,"schoolCode":215,"hr_location":null,"EEType":"LEA-UEP","asstSuperIntendent":null,"schoolName":"Spain Elementary-Middle School","address":"3700 Beaubien Street","zip":"48201-2118","administratorTitle":null,"pFullName":"Frederick Cannon","telephone":"(313) 494-2081","fax":"(313) 494-1508","pEmail":"frederick.cannon@detroitk12.org","emphasis":"GenEd","config":"K - 8, PK, ESE","PK":1,"K":1,"F1":1,"F2":1,"F3":1,"F4":1,"F5":1,"F6":1,"F7":1,"F8":1,"F9":0,"F10":0,"F11":0,"F12":0,"Alt":0,"SpEd":1,"AE":0,"CTE":0,"PRC":0,"F21st_Century":null,"status":"Active","EC":1,"EL":1,"Mid":1,"High":0,"School":"Spain","Include":"Yes","Category":"Elementary-Middle","Type":"Elementary - Middle","votingDistrict":null,"shortName":"Spain","GlobalID":"04b99f15-284d-4c5e-96fc-1ebd757bc1be","CreationDate":"Wed, 24 Jun 2020 18:15:42 GMT","Creator":"eric.roy.anderson","EditDate":"Wed, 24 Jun 2020 18:15:42 GMT","Editor":"eric.roy.anderson","POINT_X":null,"POINT_Y":null,"PhaseOut":null,"ESEInclusionSite":null,"url":"https://spain.detroitk12.org","Principal":""}},{"type":"Feature","id":40,"geometry":{"type":"Point","coordinates":[-83.1324999996322,42.3379999997453]},"properties":{"OBJECTID":40,"districtCode":null,"meapCode":858,"schoolCode":224,"hr_location":null,"EEType":"LEA-UEP","asstSuperIntendent":null,"schoolName":"Munger Elementary-Middle School","address":"5525 Martin","zip":"48210","administratorTitle":null,"pFullName":"Donnell Burroughs","telephone":"(313) 457-6200 ","fax":"(313) 457-6130","pEmail":"donnell.burroughs@detroitk12.org","emphasis":"GenEd","config":"K - 8, PK, ESE","PK":1,"K":1,"F1":1,"F2":1,"F3":1,"F4":1,"F5":1,"F6":1,"F7":1,"F8":1,"F9":0,"F10":0,"F11":0,"F12":0,"Alt":0,"SpEd":1,"AE":0,"CTE":0,"PRC":0,"F21st_Century":null,"status":"Active","EC":1,"EL":1,"Mid":1,"High":0,"School":"Munger","Include":"Yes","Category":"Elementary-Middle","Type":"Elementary - Middle","votingDistrict":null,"shortName":"Munger","GlobalID":"027db3fa-184b-4761-82e0-a8529c696985","CreationDate":"Wed, 24 Jun 2020 18:15:42 GMT","Creator":"eric.roy.anderson","EditDate":"Wed, 24 Jun 2020 18:15:42 GMT","Editor":"eric.roy.anderson","POINT_X":null,"POINT_Y":null,"PhaseOut":null,"ESEInclusionSite":null,"url":"https://munger.detroitk12.org","Principal":"Donnell Burroughs"}},{"type":"Feature","id":41,"geometry":{"type":"Point","coordinates":[-83.2343423319271,42.3689764811104]},"properties":{"OBJECTID":41,"districtCode":null,"meapCode":2341,"schoolCode":233,"hr_location":null,"EEType":"LEA-UEP","asstSuperIntendent":null,"schoolName":"Mann Learning Community","address":"19625 Elmira Street","zip":"48228-5903","administratorTitle":null,"pFullName":"Georgina Tait","telephone":"(313) 866-9580","fax":"(313) 866-9587","pEmail":"georgina.tait@detroitk12.org","emphasis":"GenEd","config":"K - 5, PK, ESE","PK":1,"K":1,"F1":1,"F2":1,"F3":1,"F4":1,"F5":1,"F6":0,"F7":0,"F8":0,"F9":0,"F10":0,"F11":0,"F12":0,"Alt":0,"SpEd":1,"AE":0,"CTE":0,"PRC":0,"F21st_Century":null,"status":"Active","EC":1,"EL":1,"Mid":0,"High":0,"School":"Mann","Include":"Yes","Category":"Elementary","Type":"Elementary","votingDistrict":null,"shortName":"Mann","GlobalID":"6a5f1000-5442-411f-8a94-1f06998e2dee","CreationDate":"Wed, 24 Jun 2020 18:15:42 GMT","Creator":"eric.roy.anderson","EditDate":"Wed, 24 Jun 2020 18:15:42 GMT","Editor":"eric.roy.anderson","POINT_X":null,"POINT_Y":null,"PhaseOut":null,"ESEInclusionSite":null,"url":"https://mann.detroitk12.org","Principal":"Lakeisha Simpson"}},{"type":"Feature","id":42,"geometry":{"type":"Point","coordinates":[-83.1623757851112,42.2693489837451]},"properties":{"OBJECTID":42,"districtCode":null,"meapCode":2383,"schoolCode":235,"hr_location":null,"EEType":"LEA-UEP","asstSuperIntendent":null,"schoolName":"Mark Twain School for Scholars","address":"12800 Visger Street","zip":"48217-1056","administratorTitle":null,"pFullName":"Sheila Langford","telephone":"(313) 386-5530","fax":"(313) 386-5965","pEmail":"sheila.langford@detroitk12.org","emphasis":"GenEd","config":"K - 8, PK, ESE","PK":1,"K":1,"F1":1,"F2":1,"F3":1,"F4":1,"F5":1,"F6":1,"F7":1,"F8":1,"F9":0,"F10":0,"F11":0,"F12":0,"Alt":0,"SpEd":1,"AE":0,"CTE":0,"PRC":0,"F21st_Century":null,"status":"Active","EC":1,"EL":1,"Mid":1,"High":0,"School":"Mark Twain","Include":"Yes","Category":"Elementary-Middle","Type":"Elementary - Middle","votingDistrict":null,"shortName":"Twain","GlobalID":"99aac9ff-b1f9-4572-a6ac-9254b23cbe02","CreationDate":"Wed, 24 Jun 2020 18:15:42 GMT","Creator":"eric.roy.anderson","EditDate":"Wed, 24 Jun 2020 18:15:42 GMT","Editor":"eric.roy.anderson","POINT_X":null,"POINT_Y":null,"PhaseOut":null,"ESEInclusionSite":null,"url":"https://twain.detroitk12.org","Principal":"Jemel Hence"}},{"type":"Feature","id":43,"geometry":{"type":"Point","coordinates":[-82.9224819617893,42.419763655352]},"properties":{"OBJECTID":43,"districtCode":null,"meapCode":2390,"schoolCode":236,"hr_location":null,"EEType":"LEA-UEP","asstSuperIntendent":null,"schoolName":"Marquette Elementary-Middle School","address":"6145 Canyon Street","zip":"48236-2009","administratorTitle":null,"pFullName":"Deborah Sinclair","telephone":"(313) 417-9360","fax":"(313) 642-4849","pEmail":"deborah.sinclair@detroitk12.org","emphasis":"GenEd","config":"K - 8, PK, ESE","PK":1,"K":1,"F1":1,"F2":1,"F3":1,"F4":1,"F5":1,"F6":1,"F7":1,"F8":1,"F9":0,"F10":0,"F11":0,"F12":0,"Alt":0,"SpEd":1,"AE":0,"CTE":0,"PRC":0,"F21st_Century":null,"status":"Active","EC":1,"EL":1,"Mid":1,"High":0,"School":"Marquette","Include":"Yes","Category":"Elementary-Middle","Type":"Elementary - Middle","votingDistrict":null,"shortName":"Marquette","GlobalID":"11ee8425-8c15-43b7-900a-ba1039f125f5","CreationDate":"Wed, 24 Jun 2020 18:15:42 GMT","Creator":"eric.roy.anderson","EditDate":"Wed, 24 Jun 2020 18:15:42 GMT","Editor":"eric.roy.anderson","POINT_X":null,"POINT_Y":null,"PhaseOut":null,"ESEInclusionSite":null,"url":"https://marquette.detroitk12.org","Principal":"Stephanie Barker"}},{"type":"Feature","id":44,"geometry":{"type":"Point","coordinates":[-83.0542656294155,42.4411190048888]},"properties":{"OBJECTID":44,"districtCode":null,"meapCode":2431,"schoolCode":241,"hr_location":null,"EEType":"LEA-UEP","asstSuperIntendent":null,"schoolName":"Mason Academy","address":"19955 Fenelon Street","zip":"48234-2273","administratorTitle":null,"pFullName":"Philip Vanhooks","telephone":"(313) 866-3700","fax":"(313) 866-3632","pEmail":"philip.vanhooks@detroitk12.org","emphasis":"GenEd","config":"K - 8, PK, ESE","PK":1,"K":1,"F1":1,"F2":1,"F3":1,"F4":1,"F5":1,"F6":1,"F7":1,"F8":1,"F9":0,"F10":0,"F11":0,"F12":0,"Alt":0,"SpEd":1,"AE":0,"CTE":0,"PRC":0,"F21st_Century":null,"status":"Active","EC":1,"EL":1,"Mid":0,"High":0,"School":"Mason","Include":"Yes","Category":"Elementary-Middle","Type":"Elementary - Middle","votingDistrict":null,"shortName":"Mason","GlobalID":"d137df90-4cd7-4048-86cb-d7a8b74a1db2","CreationDate":"Wed, 24 Jun 2020 18:15:42 GMT","Creator":"eric.roy.anderson","EditDate":"Wed, 24 Jun 2020 18:15:42 GMT","Editor":"eric.roy.anderson","POINT_X":null,"POINT_Y":null,"PhaseOut":null,"ESEInclusionSite":null,"url":"https://mason.detroitk12.org","Principal":"Adrian Johnson"}},{"type":"Feature","id":45,"geometry":{"type":"Point","coordinates":[-83.0937285302242,42.3166100009894]},"properties":{"OBJECTID":45,"districtCode":null,"meapCode":2448,"schoolCode":243,"hr_location":null,"EEType":"LEA-UEP","asstSuperIntendent":null,"schoolName":"Maybury Elementary School","address":"4410 Porter Street","zip":"48209-2429","administratorTitle":null,"pFullName":"Kathleen Keenmon","telephone":"(313) 849-2014","fax":"(313) 849-2016","pEmail":"kathleen.keenmon@detroitk12.org","emphasis":"GenEd","config":"K - 5, PK, ESE","PK":1,"K":1,"F1":1,"F2":1,"F3":1,"F4":1,"F5":1,"F6":0,"F7":0,"F8":0,"F9":0,"F10":0,"F11":0,"F12":0,"Alt":0,"SpEd":1,"AE":0,"CTE":0,"PRC":0,"F21st_Century":null,"status":"Active","EC":1,"EL":1,"Mid":0,"High":0,"School":"Maybury","Include":"Yes","Category":"Elementary","Type":"Elementary","votingDistrict":null,"shortName":"Maybury","GlobalID":"31b7b4a4-83fa-4f2a-9716-2c88b6fa07c7","CreationDate":"Wed, 24 Jun 2020 18:15:42 GMT","Creator":"eric.roy.anderson","EditDate":"Wed, 24 Jun 2020 18:15:42 GMT","Editor":"eric.roy.anderson","POINT_X":null,"POINT_Y":null,"PhaseOut":null,"ESEInclusionSite":null,"url":"https://maybury.detroitk12.org","Principal":"Latisha Smith"}},{"type":"Feature","id":46,"geometry":{"type":"Point","coordinates":[-83.1571522694631,42.3673821591776]},"properties":{"OBJECTID":46,"districtCode":null,"meapCode":859,"schoolCode":260,"hr_location":null,"EEType":"LEA-UEP","asstSuperIntendent":null,"schoolName":"Charles R. Drew Transition Center","address":"9600 Wyoming Street","zip":"48204-4669","administratorTitle":null,"pFullName":"Robert Avedisian","telephone":"(313) 873-6880","fax":"(313) 651-0157","pEmail":"robert.avedisian@detroitk12.org","emphasis":"ESE","config":"ESE","PK":0,"K":0,"F1":0,"F2":0,"F3":0,"F4":0,"F5":0,"F6":0,"F7":0,"F8":0,"F9":0,"F10":0,"F11":0,"F12":0,"Alt":0,"SpEd":1,"AE":0,"CTE":0,"PRC":1,"F21st_Century":null,"status":"Active","EC":0,"EL":0,"Mid":0,"High":0,"School":"Drew Transition Center","Include":"Yes","Category":"Exceptional Student Education","Type":"Exceptional Student Education","votingDistrict":null,"shortName":"Drew","GlobalID":"5a5e518b-4893-405c-b672-ab007dbd47b7","CreationDate":"Wed, 24 Jun 2020 18:15:42 GMT","Creator":"eric.roy.anderson","EditDate":"Wed, 24 Jun 2020 18:15:42 GMT","Editor":"eric.roy.anderson","POINT_X":null,"POINT_Y":null,"PhaseOut":null,"ESEInclusionSite":null,"url":"https://drew.detroitk12.org","Principal":"Robert Avedisian"}},{"type":"Feature","id":47,"geometry":{"type":"Point","coordinates":[-83.268659310484,42.4322943741657]},"properties":{"OBJECTID":47,"districtCode":null,"meapCode":9125,"schoolCode":262,"hr_location":null,"EEType":"LEA-UEP","asstSuperIntendent":null,"schoolName":"Charles Wright Academy of Arts and Science","address":"19299 Berg Road","zip":"48219-1712","administratorTitle":null,"pFullName":"Laura Jawor","telephone":"(313) 538-3024","fax":"(313) 538-3049","pEmail":"laura.jawor@detroitk12.org","emphasis":"GenEd","config":"K - 8, PK, ESE","PK":1,"K":1,"F1":1,"F2":1,"F3":1,"F4":1,"F5":1,"F6":1,"F7":1,"F8":1,"F9":0,"F10":0,"F11":0,"F12":0,"Alt":0,"SpEd":1,"AE":0,"CTE":0,"PRC":0,"F21st_Century":null,"status":"Active","EC":1,"EL":1,"Mid":0,"High":0,"School":"Charles Wright","Include":"Yes","Category":"Elementary-Middle","Type":"Elementary-Middle","votingDistrict":null,"shortName":"Wright","GlobalID":"eca346e2-35e7-4482-bb21-939d8c27c1eb","CreationDate":"Wed, 24 Jun 2020 18:15:42 GMT","Creator":"eric.roy.anderson","EditDate":"Thu, 25 Jun 2020 14:20:03 GMT","Editor":"eric.roy.anderson","POINT_X":null,"POINT_Y":null,"PhaseOut":null,"ESEInclusionSite":null,"url":"https://wright.detroitk12.org","Principal":"Laura Jawor"}},{"type":"Feature","id":48,"geometry":{"type":"Point","coordinates":[-82.961602893466,42.4423036278822]},"properties":{"OBJECTID":48,"districtCode":null,"meapCode":4349,"schoolCode":263,"hr_location":null,"EEType":"LEA-UEP","asstSuperIntendent":null,"schoolName":"Fisher Magnet Academy (PreK-4)","address":"15510 E. State Fair","zip":"48205-2068","administratorTitle":null,"pFullName":"Shekitra Green","telephone":"(313) 642-4854","fax":"(313) 642-4855","pEmail":"shekitra.green@detroitk12.org","emphasis":"GenEd","config":"K - 4, PK, ESE","PK":1,"K":1,"F1":1,"F2":1,"F3":1,"F4":1,"F5":0,"F6":0,"F7":0,"F8":0,"F9":0,"F10":0,"F11":0,"F12":0,"Alt":0,"SpEd":1,"AE":0,"CTE":0,"PRC":0,"F21st_Century":null,"status":"Active","EC":1,"EL":1,"Mid":0,"High":0,"School":"Fisher Magnet","Include":"Yes","Category":"Elementary","Type":"Elementary","votingDistrict":null,"shortName":"Fisher Lower","GlobalID":"7f111f9c-fe3f-4500-a3bd-c11d118721ba","CreationDate":"Wed, 24 Jun 2020 18:15:42 GMT","Creator":"eric.roy.anderson","EditDate":"Wed, 24 Jun 2020 18:15:42 GMT","Editor":"eric.roy.anderson","POINT_X":null,"POINT_Y":null,"PhaseOut":null,"ESEInclusionSite":"Yes","url":"https://fisher.detroitk12.org","Principal":"Shekitra Green"}},{"type":"Feature","id":49,"geometry":{"type":"Point","coordinates":[-83.1158594581008,42.309432562576]},"properties":{"OBJECTID":49,"districtCode":null,"meapCode":238,"schoolCode":266,"hr_location":null,"EEType":"LEA-UEP","asstSuperIntendent":null,"schoolName":"Roberto Clemente Learning Academy","address":"1551 Beard","zip":"48209-2073","administratorTitle":null,"pFullName":"Maria Hernandez-Martinez","telephone":"(313) 849-3489","fax":"(313) 849-6304","pEmail":"maria.hernandez-martinez@detroitk12.org","emphasis":"GenEd","config":"K - 5, PK, ESE","PK":1,"K":1,"F1":1,"F2":1,"F3":1,"F4":1,"F5":1,"F6":0,"F7":0,"F8":0,"F9":0,"F10":0,"F11":0,"F12":0,"Alt":0,"SpEd":1,"AE":0,"CTE":0,"PRC":0,"F21st_Century":null,"status":"Active","EC":1,"EL":1,"Mid":0,"High":0,"School":"Clemente","Include":"Yes","Category":"Elementary","Type":"Elementary","votingDistrict":null,"shortName":"Clemente","GlobalID":"c4f335e4-77ad-4865-b25e-0951b49048ff","CreationDate":"Wed, 24 Jun 2020 18:15:42 GMT","Creator":"eric.roy.anderson","EditDate":"Wed, 24 Jun 2020 18:15:42 GMT","Editor":"eric.roy.anderson","POINT_X":null,"POINT_Y":null,"PhaseOut":null,"ESEInclusionSite":null,"url":"https://clemente.detroitk12.org","Principal":""}},{"type":"Feature","id":50,"geometry":{"type":"Point","coordinates":[-83.1025000003621,42.3420999995777]},"properties":{"OBJECTID":50,"districtCode":null,"meapCode":8929,"schoolCode":269,"hr_location":null,"EEType":"LEA-UEP","asstSuperIntendent":null,"schoolName":"Turning Point Academy","address":"4701 McKinley","zip":"48208","administratorTitle":null,"pFullName":"Lenora Crawford","telephone":"(313) 456-8000","fax":"(313) 456-8001","pEmail":"lenora.crawford@detroitk12.org","emphasis":"ESE","config":"K - 12, ESE","PK":0,"K":1,"F1":1,"F2":1,"F3":1,"F4":1,"F5":1,"F6":1,"F7":1,"F8":1,"F9":1,"F10":1,"F11":1,"F12":1,"Alt":0,"SpEd":1,"AE":0,"CTE":0,"PRC":0,"F21st_Century":null,"status":"Active","EC":0,"EL":0,"Mid":0,"High":1,"School":"Turning Point","Include":"Yes","Category":"Exceptional Student Education","Type":"Exceptional Student Education","votingDistrict":null,"shortName":"Turning Point","GlobalID":"959663da-c8ce-4a46-82b3-b7d9246dfc9e","CreationDate":"Wed, 24 Jun 2020 18:15:42 GMT","Creator":"eric.roy.anderson","EditDate":"Wed, 24 Jun 2020 18:15:42 GMT","Editor":"eric.roy.anderson","POINT_X":null,"POINT_Y":null,"PhaseOut":null,"ESEInclusionSite":null,"url":"https://turningpoint.detroitk12.org","Principal":""}},{"type":"Feature","id":51,"geometry":{"type":"Point","coordinates":[-83.1071409745913,42.3172347690346]},"properties":{"OBJECTID":51,"districtCode":null,"meapCode":2669,"schoolCode":270,"hr_location":null,"EEType":"LEA-UEP","asstSuperIntendent":null,"schoolName":"Neinas Dual Language Learning Academy","address":"6021 McMillan Street","zip":"48209-1630","administratorTitle":null,"pFullName":"Adriana Rendon","telephone":"(313) 849-3701","fax":"(313) 849-4733","pEmail":"adriana.rendon@detroitk12.org","emphasis":"GenEd","config":"K - 8, PK, ESE","PK":1,"K":1,"F1":1,"F2":1,"F3":1,"F4":1,"F5":1,"F6":1,"F7":1,"F8":1,"F9":0,"F10":0,"F11":0,"F12":0,"Alt":0,"SpEd":1,"AE":0,"CTE":0,"PRC":0,"F21st_Century":null,"status":"Active","EC":1,"EL":1,"Mid":0,"High":0,"School":"Neinas","Include":"Yes","Category":"Elementary-Middle","Type":"Elementary - Middle","votingDistrict":null,"shortName":"Neinas","GlobalID":"3c4836b2-c6db-4041-8850-3c95d202972b","CreationDate":"Wed, 24 Jun 2020 18:15:42 GMT","Creator":"eric.roy.anderson","EditDate":"Wed, 24 Jun 2020 18:15:42 GMT","Editor":"eric.roy.anderson","POINT_X":null,"POINT_Y":null,"PhaseOut":null,"ESEInclusionSite":null,"url":"https://neinas.detroitk12.org","Principal":"Adriana Rendon"}},{"type":"Feature","id":52,"geometry":{"type":"Point","coordinates":[-82.9982245993419,42.3669396089062]},"properties":{"OBJECTID":52,"districtCode":null,"meapCode":2703,"schoolCode":273,"hr_location":null,"EEType":"LEA-UEP","asstSuperIntendent":null,"schoolName":"Nichols Elementary-Middle School","address":"3000 Burns Street","zip":"48214-1874","administratorTitle":null,"pFullName":"Regina Haywood","telephone":"(313) 852-0800","fax":"(313) 852-0811","pEmail":"regina.haywood@detroitk12.org","emphasis":"GenEd","config":"K - 8, ESE","PK":0,"K":1,"F1":1,"F2":1,"F3":1,"F4":1,"F5":1,"F6":1,"F7":1,"F8":1,"F9":0,"F10":0,"F11":0,"F12":0,"Alt":0,"SpEd":1,"AE":0,"CTE":0,"PRC":0,"F21st_Century":null,"status":"Active","EC":0,"EL":1,"Mid":1,"High":0,"School":"Nichols","Include":"Yes","Category":"Elementary-Middle","Type":"Elementary - Middle","votingDistrict":null,"shortName":"Nichols","GlobalID":"e57b3fe9-25cc-44df-99a4-2f285061ef5d","CreationDate":"Wed, 24 Jun 2020 18:15:42 GMT","Creator":"eric.roy.anderson","EditDate":"Wed, 24 Jun 2020 18:15:42 GMT","Editor":"eric.roy.anderson","POINT_X":null,"POINT_Y":null,"PhaseOut":null,"ESEInclusionSite":null,"url":"https://nichols.detroitk12.org","Principal":""}},{"type":"Feature","id":53,"geometry":{"type":"Point","coordinates":[-83.0841420608924,42.3499274652076]},"properties":{"OBJECTID":53,"districtCode":null,"meapCode":8929,"schoolCode":274,"hr_location":null,"EEType":"LEA-UEP","asstSuperIntendent":null,"schoolName":"Detroit Lions Academy","address":"2001 W. Warren Ave.","zip":"48208","administratorTitle":null,"pFullName":"Alean King","telephone":"(313) 852-9677","fax":"(313) 852-9676","pEmail":"alean.king@detroitk12.org","emphasis":"AltEd","config":"6 - 8, ESE, Alt","PK":0,"K":0,"F1":0,"F2":0,"F3":0,"F4":0,"F5":0,"F6":1,"F7":1,"F8":1,"F9":0,"F10":0,"F11":0,"F12":0,"Alt":1,"SpEd":1,"AE":0,"CTE":0,"PRC":0,"F21st_Century":null,"status":"Active","EC":0,"EL":0,"Mid":1,"High":0,"School":"Detroit Lions","Include":"Yes","Category":"Alternative","Type":"Alternative Education","votingDistrict":null,"shortName":"Detroit Lions","GlobalID":"b15fef75-508f-43f0-b904-1f04f8ff29c7","CreationDate":"Wed, 24 Jun 2020 18:15:42 GMT","Creator":"eric.roy.anderson","EditDate":"Wed, 24 Jun 2020 18:15:42 GMT","Editor":"eric.roy.anderson","POINT_X":null,"POINT_Y":null,"PhaseOut":null,"ESEInclusionSite":null,"url":"https://detroitlions.detroitk12.org","Principal":"King"}},{"type":"Feature","id":54,"geometry":{"type":"Point","coordinates":[-82.9628950816681,42.3985845570004]},"properties":{"OBJECTID":54,"districtCode":null,"meapCode":9994,"schoolCode":281,"hr_location":null,"EEType":null,"asstSuperIntendent":null,"schoolName":"Hamilton Elementary-Middle School","address":"14223 Southampton St","zip":"48213","administratorTitle":null,"pFullName":"Pamela Bilbrew","telephone":"(313) 870-0556","fax":null,"pEmail":"pamela.bilbrew@detroitk12.org","emphasis":"GenEd","config":"K - 8","PK":0,"K":1,"F1":1,"F2":1,"F3":1,"F4":1,"F5":1,"F6":1,"F7":1,"F8":1,"F9":0,"F10":0,"F11":0,"F12":0,"Alt":0,"SpEd":0,"AE":0,"CTE":0,"PRC":0,"F21st_Century":null,"status":"Active","EC":0,"EL":1,"Mid":1,"High":0,"School":"Hamilton","Include":"Yes","Category":"Elementary-Middle","Type":"Elementary - Middle","votingDistrict":null,"shortName":"Hamilton","GlobalID":"b8eea04e-21cc-4597-bd74-8c946fed3f88","CreationDate":"Wed, 24 Jun 2020 18:15:42 GMT","Creator":"eric.roy.anderson","EditDate":"Wed, 24 Jun 2020 18:15:42 GMT","Editor":"eric.roy.anderson","POINT_X":null,"POINT_Y":null,"PhaseOut":null,"ESEInclusionSite":null,"url":"https://hamilton.detroitk12.org","Principal":"Sharida Lewis"}},{"type":"Feature","id":55,"geometry":{"type":"Point","coordinates":[-83.143341239539,42.4383778761661]},"properties":{"OBJECTID":55,"districtCode":null,"meapCode":2969,"schoolCode":287,"hr_location":null,"EEType":"LEA-UEP","asstSuperIntendent":null,"schoolName":"Pasteur Elementary School","address":"19811 Stoepel Street","zip":"48221-1745","administratorTitle":null,"pFullName":"Michelle Hall","telephone":"(313) 494-7314","fax":"(313) 494-9382","pEmail":"michelle.hall@detroitk12.org","emphasis":"GenEd","config":"K - 7, ESE","PK":0,"K":1,"F1":1,"F2":1,"F3":1,"F4":1,"F5":1,"F6":1,"F7":1,"F8":0,"F9":0,"F10":0,"F11":0,"F12":0,"Alt":0,"SpEd":1,"AE":0,"CTE":0,"PRC":0,"F21st_Century":null,"status":"Active","EC":0,"EL":1,"Mid":1,"High":0,"School":"Pasteur","Include":"Yes","Category":"Elementary-Middle","Type":"Elementary - Middle","votingDistrict":null,"shortName":"Pasteur","GlobalID":"08eda7b0-ee55-4bb3-88f6-d4b4b03348af","CreationDate":"Wed, 24 Jun 2020 18:15:42 GMT","Creator":"eric.roy.anderson","EditDate":"Wed, 24 Jun 2020 18:15:42 GMT","Editor":"eric.roy.anderson","POINT_X":null,"POINT_Y":null,"PhaseOut":null,"ESEInclusionSite":null,"url":"https://pasteur.detroitk12.org","Principal":"Karla Craig"}},{"type":"Feature","id":56,"geometry":{"type":"Point","coordinates":[-83.1444000003827,42.3373999996296]},"properties":{"OBJECTID":56,"districtCode":null,"meapCode":3123,"schoolCode":296,"hr_location":null,"EEType":"LEA-UEP","asstSuperIntendent":null,"schoolName":"Priest Elementary-Middle School","address":"7840 Wagner Street","zip":"48210-1962","administratorTitle":null,"pFullName":"Kimberley Raginia","telephone":"(313) 849-3705","fax":"(313) 849-4824","pEmail":"kimberley.raginia@detroitk12.org","emphasis":"GenEd","config":"K - 8, PK, ESE","PK":1,"K":1,"F1":1,"F2":1,"F3":1,"F4":1,"F5":1,"F6":1,"F7":1,"F8":1,"F9":0,"F10":0,"F11":0,"F12":0,"Alt":0,"SpEd":1,"AE":0,"CTE":0,"PRC":1,"F21st_Century":null,"status":"Active","EC":1,"EL":1,"Mid":1,"High":0,"School":"Priest","Include":"Yes","Category":"Elementary-Middle","Type":"Elementary - Middle","votingDistrict":null,"shortName":"Priest","GlobalID":"7ed34e82-5410-40f8-9cc6-0a214fedbdd0","CreationDate":"Wed, 24 Jun 2020 18:15:42 GMT","Creator":"eric.roy.anderson","EditDate":"Wed, 24 Jun 2020 18:15:42 GMT","Editor":"eric.roy.anderson","POINT_X":null,"POINT_Y":null,"PhaseOut":null,"ESEInclusionSite":"Yes","url":"https://priest.detroitk12.org","Principal":""}},{"type":"Feature","id":57,"geometry":{"type":"Point","coordinates":[-83.0011079024077,42.3590928338738]},"properties":{"OBJECTID":57,"districtCode":null,"meapCode":7581,"schoolCode":313,"hr_location":null,"EEType":"LEA-UEP","asstSuperIntendent":null,"schoolName":"Garvey Academy","address":"2301 Van Dyke Street","zip":"48214-3958","administratorTitle":null,"pFullName":"Elijah Rozier","telephone":"(313) 866-7400","fax":"(313) 866-7382","pEmail":"elijah.rozier@detroitk12.org","emphasis":"GenEd","config":"K - 8, PK, ESE","PK":1,"K":1,"F1":1,"F2":1,"F3":1,"F4":1,"F5":1,"F6":1,"F7":1,"F8":1,"F9":0,"F10":0,"F11":0,"F12":0,"Alt":0,"SpEd":1,"AE":0,"CTE":0,"PRC":0,"F21st_Century":null,"status":"Active","EC":1,"EL":1,"Mid":1,"High":0,"School":"Marcus Garvey","Include":"Yes","Category":"Elementary-Middle","Type":"Elementary - Middle","votingDistrict":null,"shortName":"Garvey","GlobalID":"5f4181fe-6357-498a-a7c2-7bf2d6dc96b8","CreationDate":"Wed, 24 Jun 2020 18:15:42 GMT","Creator":"eric.roy.anderson","EditDate":"Wed, 24 Jun 2020 18:15:42 GMT","Editor":"eric.roy.anderson","POINT_X":null,"POINT_Y":null,"PhaseOut":null,"ESEInclusionSite":"Yes","url":"https://garvey.detroitk12.org","Principal":"Mama Winston"}},{"type":"Feature","id":58,"geometry":{"type":"Point","coordinates":[-83.0053391091734,42.3892192122407]},"properties":{"OBJECTID":58,"districtCode":null,"meapCode":2058,"schoolCode":316,"hr_location":null,"EEType":"LEA-UEP","asstSuperIntendent":null,"schoolName":"Catherine C. Blackwell Institute","address":"9330 Shoemaker","zip":"48213-3152","administratorTitle":null,"pFullName":"Natalia Russell","telephone":"(313) 866-4391","fax":"(313) 866-4386","pEmail":"natalia.russell@detroitk12.org","emphasis":"GenEd","config":"K - 8, PK, ESE","PK":1,"K":1,"F1":1,"F2":1,"F3":1,"F4":1,"F5":1,"F6":1,"F7":1,"F8":1,"F9":0,"F10":0,"F11":0,"F12":0,"Alt":0,"SpEd":1,"AE":0,"CTE":0,"PRC":0,"F21st_Century":null,"status":"Active","EC":1,"EL":1,"Mid":1,"High":0,"School":"Catherine Blackwell","Include":"Yes","Category":"Phase-Out","Type":"Elementary - Middle","votingDistrict":null,"shortName":"Blackwell","GlobalID":"4b147bff-07f6-4469-8ce9-5dae9defba66","CreationDate":"Wed, 24 Jun 2020 18:15:42 GMT","Creator":"eric.roy.anderson","EditDate":"Wed, 24 Jun 2020 18:15:42 GMT","Editor":"eric.roy.anderson","POINT_X":null,"POINT_Y":null,"PhaseOut":"Yes","ESEInclusionSite":null,"Principal":"","url":"https://blackwell.detroitk12.org"}},{"type":"Feature","id":59,"geometry":{"type":"Point","coordinates":[-83.1185455384716,42.353981210348]},"properties":{"OBJECTID":59,"districtCode":null,"meapCode":4413,"schoolCode":323,"hr_location":null,"EEType":"LEA-UEP","asstSuperIntendent":null,"schoolName":"Sampson-Webber Leadership Academy","address":"4700 Tireman Street","zip":"48204-4243","administratorTitle":null,"pFullName":"Karla Craig","telephone":"(313) 596-4750","fax":"(313) 596-4748","pEmail":"karla.craig@detroitk12.org","emphasis":"GenEd","config":"K - 8, PK, ESE","PK":1,"K":1,"F1":1,"F2":1,"F3":1,"F4":1,"F5":1,"F6":1,"F7":1,"F8":1,"F9":0,"F10":0,"F11":0,"F12":0,"Alt":0,"SpEd":1,"AE":0,"CTE":0,"PRC":0,"F21st_Century":null,"status":"Active","EC":1,"EL":1,"Mid":1,"High":0,"School":"Sampson","Include":"Yes","Category":"Elementary-Middle","Type":"Elementary - Middle","votingDistrict":null,"shortName":"Sampson","GlobalID":"d6bbc78f-51d4-4902-92d8-866bc3f65c52","CreationDate":"Wed, 24 Jun 2020 18:15:42 GMT","Creator":"eric.roy.anderson","EditDate":"Wed, 24 Jun 2020 18:15:42 GMT","Editor":"eric.roy.anderson","POINT_X":null,"POINT_Y":null,"PhaseOut":null,"ESEInclusionSite":"Yes","url":"https://sampson.detroitk12.org","Principal":""}},{"type":"Feature","id":60,"geometry":{"type":"Point","coordinates":[-83.0609808708035,42.3485731092618]},"properties":{"OBJECTID":60,"districtCode":null,"meapCode":7794,"schoolCode":327,"hr_location":null,"EEType":"LEA-UEP","asstSuperIntendent":null,"schoolName":"Detroit School of Arts","address":"123 Selden","zip":"48201","administratorTitle":null,"pFullName":"Lisa Reynolds","telephone":"(313) 494-6000","fax":"(313) 494-2129","pEmail":"lisa.reynolds@detroitk12.org","emphasis":"GenEd","config":"9 - 12, ESE","PK":0,"K":0,"F1":0,"F2":0,"F3":0,"F4":0,"F5":0,"F6":0,"F7":0,"F8":0,"F9":1,"F10":1,"F11":1,"F12":1,"Alt":0,"SpEd":1,"AE":0,"CTE":0,"PRC":0,"F21st_Century":null,"status":"Active","EC":0,"EL":0,"Mid":0,"High":1,"School":"Detroit School of Arts","Include":"Yes","Category":"High School","Type":"Secondary","votingDistrict":null,"shortName":"DSA","GlobalID":"33b3aeef-d17b-4bec-a6b1-b629e7066f02","CreationDate":"Wed, 24 Jun 2020 18:15:42 GMT","Creator":"eric.roy.anderson","EditDate":"Wed, 24 Jun 2020 18:15:42 GMT","Editor":"eric.roy.anderson","POINT_X":null,"POINT_Y":null,"PhaseOut":null,"ESEInclusionSite":null,"url":"https://dsa.detroitk12.org","Principal":"Lisa Reynolds"}},{"type":"Feature","id":61,"geometry":{"type":"Point","coordinates":[-83.1683467525167,42.4197308115809]},"properties":{"OBJECTID":61,"districtCode":null,"meapCode":3420,"schoolCode":328,"hr_location":null,"EEType":"LEA-UEP","asstSuperIntendent":null,"schoolName":"Schulze Academy for Technology and Arts","address":"10700 Santa Maria Street","zip":"48221-2334","administratorTitle":null,"pFullName":"Angela Kemp","telephone":"(313) 340-4400","fax":"(313) 340-4401","pEmail":"angela.kemp@detroitk12.org","emphasis":"GenEd","config":"K - 8, PK, ESE","PK":1,"K":1,"F1":1,"F2":1,"F3":1,"F4":1,"F5":1,"F6":1,"F7":1,"F8":1,"F9":0,"F10":0,"F11":0,"F12":0,"Alt":0,"SpEd":1,"AE":0,"CTE":0,"PRC":0,"F21st_Century":null,"status":"Active","EC":1,"EL":1,"Mid":1,"High":0,"School":"Schulze","Include":"Yes","Category":"Elementary-Middle","Type":"Elementary-Middle","votingDistrict":null,"shortName":"Schulze","GlobalID":"3a643584-2d89-4d40-93d9-8d2712c29c6e","CreationDate":"Wed, 24 Jun 2020 18:15:42 GMT","Creator":"eric.roy.anderson","EditDate":"Wed, 24 Jun 2020 18:15:42 GMT","Editor":"eric.roy.anderson","POINT_X":null,"POINT_Y":null,"PhaseOut":null,"ESEInclusionSite":null,"url":"https://schulze.detroitk12.org","Principal":""}},{"type":"Feature","id":62,"geometry":{"type":"Point","coordinates":[-82.9473360656005,42.4045652592701]},"properties":{"OBJECTID":62,"districtCode":null,"meapCode":4062,"schoolCode":333,"hr_location":null,"EEType":"LEA-UEP","asstSuperIntendent":null,"schoolName":"Ronald Brown Academy","address":"11530 E. Outer Drive","zip":"48224-3265","administratorTitle":null,"pFullName":"Damon Pitt","telephone":"(313) 886-2611","fax":"(313) 417-2860","pEmail":"damon.pitt@detroitk12.org","emphasis":"GenEd","config":"K - 8, PK, ESE","PK":1,"K":1,"F1":1,"F2":1,"F3":1,"F4":1,"F5":1,"F6":1,"F7":1,"F8":1,"F9":0,"F10":0,"F11":0,"F12":0,"Alt":0,"SpEd":1,"AE":0,"CTE":0,"PRC":0,"F21st_Century":null,"status":"Active","EC":1,"EL":1,"Mid":1,"High":0,"School":"Ronald Brown","Include":"Yes","Category":"Elementary-Middle","Type":"Elementary - Middle","votingDistrict":null,"shortName":"Brown","GlobalID":"999ad9ed-68ac-4c35-9f65-d177a128dfe3","CreationDate":"Wed, 24 Jun 2020 18:15:42 GMT","Creator":"eric.roy.anderson","EditDate":"Wed, 24 Jun 2020 18:15:42 GMT","Editor":"eric.roy.anderson","POINT_X":null,"POINT_Y":null,"PhaseOut":null,"ESEInclusionSite":null,"url":"https://brown.detroitk12.org","Principal":""}},{"type":"Feature","id":63,"geometry":{"type":"Point","coordinates":[-83.1220999997832,42.3280999998555]},"properties":{"OBJECTID":63,"districtCode":null,"meapCode":3645,"schoolCode":341,"hr_location":null,"EEType":"LEA-UEP","asstSuperIntendent":null,"schoolName":"Academy of the Americas at Logan","address":"3811 Cicotte Street","zip":"48210","administratorTitle":null,"pFullName":"Nicholas Brown","telephone":"(313) 866-2220","fax":"(313) 596-7652","pEmail":"nicholas.brown@detroitk12.org","emphasis":"GenEd","config":"K-3","PK":0,"K":1,"F1":1,"F2":1,"F3":1,"F4":0,"F5":0,"F6":0,"F7":0,"F8":0,"F9":0,"F10":0,"F11":0,"F12":0,"Alt":0,"SpEd":1,"AE":0,"CTE":0,"PRC":0,"F21st_Century":null,"status":"Active","EC":0,"EL":1,"Mid":0,"High":0,"School":"Academy of the Americas at Logan","Include":"Yes","Category":"Elementary","Type":"Elementary","votingDistrict":null,"shortName":"Academy of the Americas Logan","GlobalID":"9648a7de-b10b-4e04-ac78-ee8f8794c79e","CreationDate":"Wed, 24 Jun 2020 18:15:42 GMT","Creator":"eric.roy.anderson","EditDate":"Wed, 24 Jun 2020 18:15:42 GMT","Editor":"eric.roy.anderson","POINT_X":null,"POINT_Y":null,"PhaseOut":null,"ESEInclusionSite":null,"url":"https://academyoftheamericas.detroitk12.org/","Principal":"Nicholas Brown"}},{"type":"Feature","id":64,"geometry":{"type":"Point","coordinates":[-83.0967456356384,42.3666045369222]},"properties":{"OBJECTID":64,"districtCode":null,"meapCode":4156,"schoolCode":351,"hr_location":null,"EEType":"LEA-UEP","asstSuperIntendent":null,"schoolName":"Thirkell Elementary-Middle School","address":"7724 14th Street","zip":"48206-2644","administratorTitle":null,"pFullName":"Stephanie Gaines","telephone":"(313) 596-0990","fax":"(313) 596-0982","pEmail":"stephanie.gaines@detroitk12.org","emphasis":"GenEd","config":"K - 8, ESE","PK":0,"K":1,"F1":1,"F2":1,"F3":1,"F4":1,"F5":1,"F6":1,"F7":1,"F8":1,"F9":0,"F10":0,"F11":0,"F12":0,"Alt":0,"SpEd":1,"AE":0,"CTE":0,"PRC":0,"F21st_Century":null,"status":"Active","EC":0,"EL":1,"Mid":0,"High":0,"School":"Thirkell","Include":"Yes","Category":"Elementary-Middle","Type":"Elementary - Middle","votingDistrict":null,"shortName":"Thirkell","GlobalID":"93239785-98f0-4e81-8fbe-9219068f0dd5","CreationDate":"Wed, 24 Jun 2020 18:15:42 GMT","Creator":"eric.roy.anderson","EditDate":"Wed, 24 Jun 2020 18:15:42 GMT","Editor":"eric.roy.anderson","POINT_X":null,"POINT_Y":null,"PhaseOut":null,"ESEInclusionSite":null,"url":"https://thirkell.detroitk12.org","Principal":""}},{"type":"Feature","id":65,"geometry":{"type":"Point","coordinates":[-83.1825461995028,42.4387821819409]},"properties":{"OBJECTID":65,"districtCode":null,"meapCode":4292,"schoolCode":367,"hr_location":null,"EEType":"LEA-UEP","asstSuperIntendent":null,"schoolName":"Vernor Elementary-Middle School","address":"13726 Pembroke Avenue","zip":"48235-1519","administratorTitle":null,"pFullName":"Linda Pratt","telephone":"(313) 494-7342","fax":"(313) 494-7341","pEmail":"linda.pratt@detroitk12.org","emphasis":"GenEd","config":"K - 8, PK, ESE","PK":1,"K":1,"F1":1,"F2":1,"F3":1,"F4":1,"F5":1,"F6":1,"F7":1,"F8":1,"F9":0,"F10":0,"F11":0,"F12":0,"Alt":0,"SpEd":1,"AE":0,"CTE":0,"PRC":0,"F21st_Century":null,"status":"Active","EC":1,"EL":1,"Mid":1,"High":0,"School":"Vernor","Include":"Yes","Category":"Elementary-Middle","Type":"Elementary-Middle","votingDistrict":null,"shortName":"Vernor","GlobalID":"399f666f-b28a-4c00-b606-1fbbb63ca163","CreationDate":"Wed, 24 Jun 2020 18:15:42 GMT","Creator":"eric.roy.anderson","EditDate":"Wed, 24 Jun 2020 18:15:42 GMT","Editor":"eric.roy.anderson","POINT_X":null,"POINT_Y":null,"PhaseOut":null,"ESEInclusionSite":null,"url":"https://vernor.detroitk12.org","Principal":""}},{"type":"Feature","id":66,"geometry":{"type":"Point","coordinates":[-82.9560724592595,42.4157305914175]},"properties":{"OBJECTID":66,"districtCode":null,"meapCode":4406,"schoolCode":373,"hr_location":null,"EEType":"LEA-UEP","asstSuperIntendent":null,"schoolName":"Wayne Elementary School","address":"10633 Courville Street","zip":"48224-2403","administratorTitle":null,"pFullName":"Senta Ray-Conley","telephone":"(313) 866-0400","fax":"(313) 866-2022","pEmail":"senta.rayconley@detroitk12.org","emphasis":"GenEd","config":"K - 5, PK, ESE","PK":1,"K":1,"F1":1,"F2":1,"F3":1,"F4":1,"F5":1,"F6":0,"F7":0,"F8":0,"F9":0,"F10":0,"F11":0,"F12":0,"Alt":0,"SpEd":1,"AE":0,"CTE":0,"PRC":0,"F21st_Century":null,"status":"Active","EC":1,"EL":1,"Mid":0,"High":0,"School":"Wayne","Include":"Yes","Category":"Elementary","Type":"Elementary","votingDistrict":null,"shortName":"Wayne","GlobalID":"68dc51e6-8649-458e-8298-611e310ad108","CreationDate":"Wed, 24 Jun 2020 18:15:42 GMT","Creator":"eric.roy.anderson","EditDate":"Wed, 24 Jun 2020 18:15:42 GMT","Editor":"eric.roy.anderson","POINT_X":null,"POINT_Y":null,"PhaseOut":null,"ESEInclusionSite":null,"url":"https://wayne.detroitk12.org","Principal":"Kimberly Dawkins"}},{"type":"Feature","id":67,"geometry":{"type":"Point","coordinates":[-83.1896205744565,42.4064402547434]},"properties":{"OBJECTID":67,"districtCode":null,"meapCode":3717,"schoolCode":393,"hr_location":null,"EEType":"LEA-UEP","asstSuperIntendent":null,"schoolName":"Coleman A. Young Elementary School","address":"15771 Hubbell Street","zip":"48227-2948","administratorTitle":null,"pFullName":"Melissa Scott","telephone":"(313) 852-0725","fax":"(313) 852-0732","pEmail":"melissa.scott@detroitk12.org","emphasis":"GenEd","config":"K - 5, PK, ESE","PK":1,"K":1,"F1":1,"F2":1,"F3":1,"F4":1,"F5":1,"F6":0,"F7":0,"F8":0,"F9":0,"F10":0,"F11":0,"F12":0,"Alt":0,"SpEd":1,"AE":0,"CTE":0,"PRC":0,"F21st_Century":null,"status":"Active","EC":1,"EL":1,"Mid":0,"High":0,"School":"Young","Include":"Yes","Category":"Elementary","Type":"Elementary","votingDistrict":null,"shortName":"Young","GlobalID":"c6daf864-2f6e-4d88-9115-4157e2412300","CreationDate":"Wed, 24 Jun 2020 18:15:42 GMT","Creator":"eric.roy.anderson","EditDate":"Wed, 24 Jun 2020 18:15:42 GMT","Editor":"eric.roy.anderson","POINT_X":null,"POINT_Y":null,"PhaseOut":null,"ESEInclusionSite":null,"url":"https://young.detroitk12.org","Principal":"Evege James"}},{"type":"Feature","id":68,"geometry":{"type":"Point","coordinates":[-83.2046173977355,42.3646079952141]},"properties":{"OBJECTID":68,"districtCode":null,"meapCode":4,"schoolCode":404,"hr_location":null,"EEType":"LEA-UEP","asstSuperIntendent":null,"schoolName":"Henderson Academy","address":"16101 W Chicago","zip":"48228","administratorTitle":null,"pFullName":"Roy Harris","telephone":"(313) 852-0512","fax":"(313) 852-0523","pEmail":"roy.harris@detroitk12.org","emphasis":"GenEd","config":"K - 8, PK, ESE","PK":1,"K":1,"F1":1,"F2":1,"F3":1,"F4":1,"F5":1,"F6":1,"F7":1,"F8":1,"F9":0,"F10":0,"F11":0,"F12":0,"Alt":0,"SpEd":1,"AE":0,"CTE":0,"PRC":0,"F21st_Century":null,"status":"Active","EC":1,"EL":1,"Mid":1,"High":0,"School":"Henderson","Include":"Yes","Category":"Elementary-Middle","Type":"Elementary - Middle","votingDistrict":null,"shortName":"Henderson","GlobalID":"d71a9fb3-7e1a-471c-b3dc-01ed1f16fe5a","CreationDate":"Wed, 24 Jun 2020 18:15:42 GMT","Creator":"eric.roy.anderson","EditDate":"Wed, 24 Jun 2020 18:15:42 GMT","Editor":"eric.roy.anderson","POINT_X":null,"POINT_Y":null,"PhaseOut":null,"ESEInclusionSite":"Yes","url":"https://henderson.detroitk12.org","Principal":"Roy D. Harris"}},{"type":"Feature","id":69,"geometry":{"type":"Point","coordinates":[-82.9615936365668,42.4374353147528]},"properties":{"OBJECTID":69,"districtCode":null,"meapCode":4349,"schoolCode":421,"hr_location":null,"EEType":"LEA-UEP","asstSuperIntendent":null,"schoolName":"Fisher Magnet Academy (5-8)","address":"15491 Maddelein Street","zip":"48205","administratorTitle":null,"pFullName":"Michael G. Johnson","telephone":"(313) 866-7233","fax":"(313) 866-7329","pEmail":"michael.johnson02@detroitk12.org","emphasis":"GenEd","config":"5 - 8, ESE, Alt","PK":0,"K":0,"F1":0,"F2":0,"F3":0,"F4":0,"F5":1,"F6":1,"F7":1,"F8":1,"F9":0,"F10":0,"F11":0,"F12":0,"Alt":1,"SpEd":1,"AE":0,"CTE":0,"PRC":0,"F21st_Century":null,"status":"Active","EC":0,"EL":1,"Mid":1,"High":0,"School":"Fisher Magnet","Include":"Yes","Category":"Elementary-Middle","Type":"Middle School","votingDistrict":null,"shortName":"Fisher Upper","GlobalID":"b5c10d9b-0e05-4610-8d4a-493bf1af5aa8","CreationDate":"Wed, 24 Jun 2020 18:15:42 GMT","Creator":"eric.roy.anderson","EditDate":"Wed, 24 Jun 2020 18:15:42 GMT","Editor":"eric.roy.anderson","POINT_X":null,"POINT_Y":null,"PhaseOut":null,"ESEInclusionSite":"Yes","url":"https://fisher.detroitk12.org","Principal":"Shekitra Green"}},{"type":"Feature","id":70,"geometry":{"type":"Point","coordinates":[-83.0033171363376,42.4293882127709]},"properties":{"OBJECTID":70,"districtCode":null,"meapCode":9341,"schoolCode":423,"hr_location":null,"EEType":"LEA-UEP","asstSuperIntendent":null,"schoolName":"Brenda Scott Academy","address":"18440 Hoover","zip":"48205","administratorTitle":null,"pFullName":"Willie Brewster, Jr","telephone":"(313) 866-6700","fax":"(313) 866-2693","pEmail":"willie.brewster@detroitk12.org","emphasis":"GenEd","config":"K - 8, PK, ESE","PK":1,"K":1,"F1":1,"F2":1,"F3":1,"F4":1,"F5":1,"F6":1,"F7":1,"F8":1,"F9":0,"F10":0,"F11":0,"F12":0,"Alt":0,"SpEd":1,"AE":0,"CTE":0,"PRC":0,"F21st_Century":null,"status":"Active","EC":1,"EL":1,"Mid":1,"High":0,"School":"Brenda Scott","Include":"Yes","Category":"Elementary-Middle","Type":"Elementary - Middle","votingDistrict":null,"shortName":"Brenda Scott","GlobalID":"617c2b6d-083c-4f59-9977-354539fbbfd5","CreationDate":"Wed, 24 Jun 2020 18:15:42 GMT","Creator":"eric.roy.anderson","EditDate":"Wed, 24 Jun 2020 18:15:42 GMT","Editor":"eric.roy.anderson","POINT_X":null,"POINT_Y":null,"PhaseOut":null,"ESEInclusionSite":null,"url":"https://brendascott.detroitk12.org","Principal":"Lawanda Smith"}},{"type":"Feature","id":71,"geometry":{"type":"Point","coordinates":[-83.1107050054795,42.3830490631768]},"properties":{"OBJECTID":71,"districtCode":null,"meapCode":975,"schoolCode":430,"hr_location":null,"EEType":"LEA-UEP","asstSuperIntendent":null,"schoolName":"Durfee Elementary-Middle School","address":"2425 Tuxedo Street","zip":"48206-1222","administratorTitle":null,"pFullName":"Latoyia Webb-Harris","telephone":"(313) 252-3070","fax":"(313) 866-0914","pEmail":"latoyia.webb-harris@detroitk12.org","emphasis":"GenEd","config":"K - 8, ESE","PK":0,"K":1,"F1":1,"F2":1,"F3":1,"F4":1,"F5":1,"F6":1,"F7":1,"F8":1,"F9":0,"F10":0,"F11":0,"F12":0,"Alt":1,"SpEd":1,"AE":0,"CTE":0,"PRC":0,"F21st_Century":null,"status":"Active","EC":0,"EL":1,"Mid":1,"High":0,"School":"Durfee","Include":"Yes","Category":"Elementary-Middle","Type":"Elementary - Middle","votingDistrict":null,"shortName":"Durfee","GlobalID":"3bdd997d-ec50-4bb7-8cd0-367af4e9f4f8","CreationDate":"Wed, 24 Jun 2020 18:15:42 GMT","Creator":"eric.roy.anderson","EditDate":"Wed, 24 Jun 2020 18:15:42 GMT","Editor":"eric.roy.anderson","POINT_X":null,"POINT_Y":null,"PhaseOut":null,"ESEInclusionSite":null,"url":"https://durfee.detroitk12.org","Principal":"LaToyia Webb"}},{"type":"Feature","id":72,"geometry":{"type":"Point","coordinates":[-83.0894999994231,42.3160000003411]},"properties":{"OBJECTID":72,"districtCode":null,"meapCode":860,"schoolCode":432,"hr_location":null,"EEType":"LEA-UEP","asstSuperIntendent":null,"schoolName":"Earhart Elementary-Middle School","address":"1000 Scotten Street","zip":"48209","administratorTitle":null,"pFullName":"Melissa Villarreal","telephone":"(313) 849-3945","fax":"(313) 457-2849","pEmail":"melissa.villarreal@detroitk12.org","emphasis":"GenEd","config":"K - 8, PK, ESE","PK":1,"K":1,"F1":1,"F2":1,"F3":1,"F4":1,"F5":1,"F6":1,"F7":1,"F8":1,"F9":0,"F10":0,"F11":0,"F12":0,"Alt":0,"SpEd":1,"AE":0,"CTE":0,"PRC":0,"F21st_Century":null,"status":"Active","EC":1,"EL":1,"Mid":1,"High":0,"School":"Earhart","Include":"Yes","Category":"Elementary-Middle","Type":"Elementary - Middle","votingDistrict":null,"shortName":"Earhart","GlobalID":"4d61d7c4-2e6d-4c0a-9e64-69a72befba47","CreationDate":"Wed, 24 Jun 2020 18:15:42 GMT","Creator":"eric.roy.anderson","EditDate":"Wed, 24 Jun 2020 18:15:42 GMT","Editor":"eric.roy.anderson","POINT_X":null,"POINT_Y":null,"PhaseOut":null,"ESEInclusionSite":null,"url":"https://earhart.detroitk12.org","Principal":"Anisa Proud"}},{"type":"Feature","id":73,"geometry":{"type":"Point","coordinates":[-83.1558926971387,42.3812593418708]},"properties":{"OBJECTID":73,"districtCode":null,"meapCode":6103,"schoolCode":473,"hr_location":null,"EEType":"LEA-UEP","asstSuperIntendent":null,"schoolName":"Noble Elementary-Middle School","address":"8646 Fullerton Street","zip":"48238-3033","administratorTitle":null,"pFullName":"Tonya Norwood","telephone":"(313) 873-0377","fax":"(313) 873-0398","pEmail":"tonya.norwood@detroitk12.org","emphasis":"GenEd","config":"K - 8, PK, ESE","PK":1,"K":1,"F1":1,"F2":1,"F3":1,"F4":1,"F5":1,"F6":1,"F7":1,"F8":1,"F9":0,"F10":0,"F11":0,"F12":0,"Alt":0,"SpEd":1,"AE":0,"CTE":0,"PRC":0,"F21st_Century":null,"status":"Active","EC":1,"EL":1,"Mid":1,"High":0,"School":"Noble","Include":"Yes","Category":"Elementary-Middle","Type":"Elementary - Middle","votingDistrict":null,"shortName":"Noble","GlobalID":"70727b4d-28ad-404a-8644-ac52baefedaa","CreationDate":"Wed, 24 Jun 2020 18:15:42 GMT","Creator":"eric.roy.anderson","EditDate":"Wed, 24 Jun 2020 18:15:42 GMT","Editor":"eric.roy.anderson","POINT_X":null,"POINT_Y":null,"PhaseOut":null,"ESEInclusionSite":"Yes","url":"https://noble.detroitk12.org","Principal":""}},{"type":"Feature","id":74,"geometry":{"type":"Point","coordinates":[-83.0917125509708,42.4368318952259]},"properties":{"OBJECTID":74,"districtCode":null,"meapCode":2708,"schoolCode":474,"hr_location":null,"EEType":"LEA-UEP","asstSuperIntendent":null,"schoolName":"Nolan Elementary-Middle School","address":"1150 E. Lantz Street","zip":"48203-1376","administratorTitle":null,"pFullName":"Anissa Kimber","telephone":"(313) 866-7730","fax":"(313) 866-7725","pEmail":"anissa.kimber@detroitk12.org","emphasis":"GenEd","config":"K - 8, PK, ESE","PK":1,"K":1,"F1":1,"F2":1,"F3":1,"F4":1,"F5":1,"F6":1,"F7":1,"F8":1,"F9":0,"F10":0,"F11":0,"F12":0,"Alt":0,"SpEd":1,"AE":0,"CTE":0,"PRC":0,"F21st_Century":null,"status":"Active","EC":1,"EL":1,"Mid":1,"High":0,"School":"Nolan","Include":"Yes","Category":"Elementary-Middle","Type":"Elementary - Middle","votingDistrict":null,"shortName":"Nolan","GlobalID":"58224266-a79b-42ed-8f31-e0a9bd18c317","CreationDate":"Wed, 24 Jun 2020 18:15:42 GMT","Creator":"eric.roy.anderson","EditDate":"Wed, 24 Jun 2020 18:15:42 GMT","Editor":"eric.roy.anderson","POINT_X":null,"POINT_Y":null,"PhaseOut":null,"ESEInclusionSite":null,"url":"https://nolan.detroitk12.org","Principal":""}},{"type":"Feature","id":75,"geometry":{"type":"Point","coordinates":[-82.9989912909054,42.4304473602912]},"properties":{"OBJECTID":75,"districtCode":null,"meapCode":3284,"schoolCode":492,"hr_location":null,"EEType":"LEA-UEP","asstSuperIntendent":null,"schoolName":"Turning Point Academy (Former)","address":"18501 Waltham St.","zip":"48205-8205","administratorTitle":null,"pFullName":"Adrima Caesar","telephone":"(313) 347-8895","fax":"(313) 748-6126","pEmail":"adrima.caesar@detroitk12.org","emphasis":"ESE","config":"K - 12, ESE","PK":0,"K":1,"F1":1,"F2":1,"F3":1,"F4":1,"F5":1,"F6":1,"F7":1,"F8":1,"F9":1,"F10":1,"F11":1,"F12":1,"Alt":0,"SpEd":1,"AE":0,"CTE":0,"PRC":0,"F21st_Century":null,"status":"Closed","EC":0,"EL":1,"Mid":1,"High":1,"School":"Turning Point (Former)","Include":"Yes","Category":"Exceptional Student Education","Type":"Exceptional Student Education","votingDistrict":null,"shortName":"Turning Point (Former)","GlobalID":"be2bf696-01ad-4744-a93e-018fe4728472","CreationDate":"Wed, 24 Jun 2020 18:15:42 GMT","Creator":"eric.roy.anderson","EditDate":"Wed, 24 Jun 2020 18:15:42 GMT","Editor":"eric.roy.anderson","POINT_X":null,"POINT_Y":null,"PhaseOut":null,"ESEInclusionSite":null,"Principal":""}},{"type":"Feature","id":76,"geometry":{"type":"Point","coordinates":[-83.1955709526819,42.4171468757596]},"properties":{"OBJECTID":76,"districtCode":null,"meapCode":9592,"schoolCode":504,"hr_location":null,"EEType":"LEA-UEP","asstSuperIntendent":null,"schoolName":"Jerry L. White Center ","address":"14804 W. McNichols","zip":"48235","administratorTitle":null,"pFullName":"Roslyn Fluker","telephone":"(313) 416-4200","fax":"(313) 416-4285","pEmail":"roslyn.fluker@detroitk12.org","emphasis":"ESE","config":"9 - 12, ESE","PK":0,"K":0,"F1":0,"F2":0,"F3":0,"F4":0,"F5":0,"F6":0,"F7":0,"F8":0,"F9":1,"F10":1,"F11":1,"F12":1,"Alt":0,"SpEd":1,"AE":0,"CTE":0,"PRC":0,"F21st_Century":null,"status":"Active","EC":0,"EL":0,"Mid":0,"High":1,"School":"Jerry L. White","Include":"Yes","Category":"Exceptional Student Education","Type":"Exceptional Student Education","votingDistrict":null,"shortName":"White","GlobalID":"412fa261-c6f4-47b6-8912-bb3d5e030e2f","CreationDate":"Wed, 24 Jun 2020 18:15:42 GMT","Creator":"eric.roy.anderson","EditDate":"Wed, 24 Jun 2020 18:15:42 GMT","Editor":"eric.roy.anderson","POINT_X":null,"POINT_Y":null,"PhaseOut":null,"ESEInclusionSite":null,"url":"https://white.detroitk12.org","Principal":"Roslyn V. Fluker"}},{"type":"Feature","id":77,"geometry":{"type":"Point","coordinates":[-83.0511741098654,42.3505360739538]},"properties":{"OBJECTID":77,"districtCode":null,"meapCode":865,"schoolCode":505,"hr_location":null,"EEType":"LEA-UEP","asstSuperIntendent":null,"schoolName":"Crockett Midtown High School of Science and Medicine","address":"571 Mack Avenue","zip":"48201","administratorTitle":null,"pFullName":"Sean Lively","telephone":"(313) 494-1805","fax":"(313) 494-0992","pEmail":"sean.lively@detroitk12.org","emphasis":"GenEd","config":"9 - 12 ESE","PK":0,"K":0,"F1":0,"F2":0,"F3":0,"F4":0,"F5":0,"F6":0,"F7":0,"F8":0,"F9":1,"F10":1,"F11":1,"F12":1,"Alt":0,"SpEd":1,"AE":0,"CTE":0,"PRC":0,"F21st_Century":null,"status":"Active","EC":0,"EL":0,"Mid":0,"High":1,"School":"Crockett","Include":"Yes","Category":"High School","Type":"Secondary","votingDistrict":null,"shortName":"Crockett","GlobalID":"4be2e495-b532-4d46-8313-5e722dcaf236","CreationDate":"Wed, 24 Jun 2020 18:15:42 GMT","Creator":"eric.roy.anderson","EditDate":"Wed, 24 Jun 2020 18:15:42 GMT","Editor":"eric.roy.anderson","POINT_X":null,"POINT_Y":null,"PhaseOut":null,"ESEInclusionSite":null,"url":"https://crockett.detroitk12.org","Principal":"Lauren Kazin"}},{"type":"Feature","id":78,"geometry":{"type":"Point","coordinates":[-83.0604076611607,42.3388288637305]},"properties":{"OBJECTID":78,"districtCode":null,"meapCode":554,"schoolCode":510,"hr_location":null,"EEType":"LEA-UEP","asstSuperIntendent":null,"schoolName":"Cass Technical High School","address":"2501 Second Avenue","zip":"48201","administratorTitle":null,"pFullName":"Lisa Phillips","telephone":"(313) 263-2000","fax":"(313) 263-2001","pEmail":"lisa.phillips@detroitk12.org","emphasis":"GenEd","config":"9 - 12, ESE","PK":0,"K":0,"F1":0,"F2":0,"F3":0,"F4":0,"F5":0,"F6":0,"F7":0,"F8":0,"F9":1,"F10":1,"F11":1,"F12":1,"Alt":0,"SpEd":1,"AE":0,"CTE":0,"PRC":0,"F21st_Century":null,"status":"Active","EC":0,"EL":0,"Mid":0,"High":1,"School":"Cass Technical","Include":"Yes","Category":"High School","Type":"Secondary","votingDistrict":null,"shortName":"Cass Tech","GlobalID":"4d65a6c2-512b-4043-abbb-5a255f3a0979","CreationDate":"Wed, 24 Jun 2020 18:15:42 GMT","Creator":"eric.roy.anderson","EditDate":"Wed, 24 Jun 2020 18:15:42 GMT","Editor":"eric.roy.anderson","POINT_X":null,"POINT_Y":null,"PhaseOut":null,"ESEInclusionSite":null,"url":"https://casstech.detroitk12.org","Principal":"Lisa Phillips"}},{"type":"Feature","id":79,"geometry":{"type":"Point","coordinates":[-83.1144009587609,42.383868553324]},"properties":{"OBJECTID":79,"districtCode":null,"meapCode":617,"schoolCode":512,"hr_location":null,"EEType":"LEA-UEP","asstSuperIntendent":null,"schoolName":"Central Academy and High School","address":"2425 Tuxedo Street","zip":"48206-1222","administratorTitle":null,"pFullName":"Damon Sewell","telephone":"(313) 252-3000","fax":"(313) 852-1445","pEmail":"damon.sewell@detroitk12.org","emphasis":"GenEd","config":"9 - 12, ESE","PK":0,"K":0,"F1":0,"F2":0,"F3":0,"F4":0,"F5":0,"F6":0,"F7":0,"F8":0,"F9":1,"F10":1,"F11":1,"F12":1,"Alt":0,"SpEd":1,"AE":0,"CTE":0,"PRC":0,"F21st_Century":null,"status":"Active","EC":0,"EL":0,"Mid":0,"High":1,"School":"Central","Include":"Yes","Category":"High School","Type":"Secondary","votingDistrict":null,"shortName":"Central","GlobalID":"2c2c196f-1d4a-4795-a501-5aa920b253b0","CreationDate":"Wed, 24 Jun 2020 18:15:42 GMT","Creator":"eric.roy.anderson","EditDate":"Wed, 24 Jun 2020 18:15:42 GMT","Editor":"eric.roy.anderson","POINT_X":null,"POINT_Y":null,"PhaseOut":null,"ESEInclusionSite":null,"url":"https://central.detroitk12.org","Principal":"LaToyia Webb"}},{"type":"Feature","id":80,"geometry":{"type":"Point","coordinates":[-83.0492044320887,42.4120792197345]},"properties":{"OBJECTID":80,"districtCode":null,"meapCode":39,"schoolCode":515,"hr_location":null,"EEType":"LEA-UEP","asstSuperIntendent":null,"schoolName":"Detroit International Academy for Young Women","address":"5161 Charles St.","zip":"48212","administratorTitle":null,"pFullName":"Sakina Bolden","telephone":"(313) 873-3050","fax":"(313) 873-3088","pEmail":"sakina.bolden@detroitk12.org","emphasis":"GenEd","config":"K - 12, PK, ESE, ","PK":1,"K":1,"F1":1,"F2":1,"F3":1,"F4":1,"F5":1,"F6":1,"F7":1,"F8":1,"F9":1,"F10":1,"F11":1,"F12":1,"Alt":1,"SpEd":1,"AE":0,"CTE":0,"PRC":0,"F21st_Century":null,"status":"Active","EC":1,"EL":1,"Mid":1,"High":1,"School":"DIA","Include":"Yes","Category":"K-12/Other","Type":"Single Gender","votingDistrict":null,"shortName":"DIA","GlobalID":"ad95971b-98a4-4df9-8db3-b47b47f8b9a9","CreationDate":"Wed, 24 Jun 2020 18:15:42 GMT","Creator":"eric.roy.anderson","EditDate":"Wed, 24 Jun 2020 18:15:42 GMT","Editor":"eric.roy.anderson","POINT_X":null,"POINT_Y":null,"PhaseOut":null,"ESEInclusionSite":null,"url":"https://dia.detroitk12.org","Principal":"Ashley Monteleone"}},{"type":"Feature","id":81,"geometry":{"type":"Point","coordinates":[-82.9587061017094,42.4258031311735]},"properties":{"OBJECTID":81,"districtCode":null,"meapCode":902,"schoolCode":524,"hr_location":null,"EEType":"LEA-UEP","asstSuperIntendent":null,"schoolName":"Denby High School","address":"12800 Kelly Road","zip":"48224-1506","administratorTitle":null,"pFullName":"Tanisha Manningham","telephone":"(313) 866-7200","fax":"(313) 866-2038","pEmail":"tanisha.manningham@detroitk12.org","emphasis":"GenEd","config":"9 - 12, ESE","PK":0,"K":0,"F1":0,"F2":0,"F3":0,"F4":0,"F5":0,"F6":0,"F7":0,"F8":0,"F9":1,"F10":1,"F11":1,"F12":1,"Alt":0,"SpEd":1,"AE":0,"CTE":0,"PRC":0,"F21st_Century":null,"status":"Active","EC":0,"EL":0,"Mid":0,"High":1,"School":"Denby","Include":"Yes","Category":"High School","Type":"Secondary","votingDistrict":null,"shortName":"Denby","GlobalID":"9b17bbe7-a98b-461a-915c-fa446c5f503a","CreationDate":"Wed, 24 Jun 2020 18:15:42 GMT","Creator":"eric.roy.anderson","EditDate":"Wed, 24 Jun 2020 18:15:42 GMT","Editor":"eric.roy.anderson","POINT_X":null,"POINT_Y":null,"PhaseOut":null,"ESEInclusionSite":null,"url":"https://denby.detroitk12.org","Principal":"Kianta Bankston"}},{"type":"Feature","id":82,"geometry":{"type":"Point","coordinates":[-83.269349456969,42.4356323294082]},"properties":{"OBJECTID":82,"districtCode":null,"meapCode":7654,"schoolCode":526,"hr_location":null,"EEType":"LEA-UEP","asstSuperIntendent":null,"schoolName":"Communication and Media Arts High School","address":"19501 Berg Road","zip":"48219-1714","administratorTitle":null,"pFullName":"Donya Odom","telephone":"(313) 866-9300","fax":"(313) 866-9304","pEmail":"donya.odom@detroitk12.org","emphasis":"GenEd","config":"9 - 12, ESE","PK":0,"K":0,"F1":0,"F2":0,"F3":0,"F4":0,"F5":0,"F6":0,"F7":0,"F8":0,"F9":1,"F10":1,"F11":1,"F12":1,"Alt":0,"SpEd":1,"AE":0,"CTE":0,"PRC":0,"F21st_Century":null,"status":"Active","EC":0,"EL":0,"Mid":0,"High":1,"School":"CMA","Include":"Yes","Category":"High School","Type":"Secondary","votingDistrict":null,"shortName":"CMA","GlobalID":"f8265f18-c959-4288-9ca4-67756a182b97","CreationDate":"Wed, 24 Jun 2020 18:15:42 GMT","Creator":"eric.roy.anderson","EditDate":"Wed, 24 Jun 2020 18:15:42 GMT","Editor":"eric.roy.anderson","POINT_X":null,"POINT_Y":null,"PhaseOut":null,"ESEInclusionSite":null,"url":"https://cma.detroitk12.org","Principal":"Tiffany Cox"}},{"type":"Feature","id":83,"geometry":{"type":"Point","coordinates":[-83.016498039957,42.34279140736]},"properties":{"OBJECTID":83,"districtCode":null,"meapCode":1043,"schoolCode":529,"hr_location":null,"EEType":"LEA-UEP","asstSuperIntendent":null,"schoolName":"Martin Luther King Jr. Senior High School","address":"3200 E. Lafayette Street","zip":"48207-3812","administratorTitle":null,"pFullName":"Deborah Jenkins","telephone":"(313) 494-7373","fax":"(313) 262-9140","pEmail":"deborah.jenkins@detroitk12.org","emphasis":"GenEd","config":"9 - 12, ESE","PK":0,"K":0,"F1":0,"F2":0,"F3":0,"F4":0,"F5":0,"F6":0,"F7":0,"F8":0,"F9":1,"F10":1,"F11":1,"F12":1,"Alt":0,"SpEd":1,"AE":0,"CTE":0,"PRC":0,"F21st_Century":null,"status":"Active","EC":0,"EL":0,"Mid":0,"High":1,"School":"King","Include":"Yes","Category":"High School","Type":"Secondary","votingDistrict":null,"shortName":"King","GlobalID":"15e177cd-b4bf-4208-a406-9a6f46cd828f","CreationDate":"Wed, 24 Jun 2020 18:15:42 GMT","Creator":"eric.roy.anderson","EditDate":"Wed, 24 Jun 2020 18:15:42 GMT","Editor":"eric.roy.anderson","POINT_X":null,"POINT_Y":null,"PhaseOut":null,"ESEInclusionSite":null,"url":"https://king.detroitk12.org","Principal":"Damian Perry"}},{"type":"Feature","id":84,"geometry":{"type":"Point","coordinates":[-83.2380418533929,42.439336449264]},"properties":{"OBJECTID":84,"districtCode":null,"meapCode":1634,"schoolCode":532,"hr_location":null,"EEType":"LEA-UEP","asstSuperIntendent":null,"schoolName":"Henry Ford High School","address":"20000 Evergreen Road","zip":"48219-2075","administratorTitle":null,"pFullName":"Michael Mokdad","telephone":"(313) 494-7567","fax":"(313) 494-7565","pEmail":"michael.mokdad@detroitk12.org","emphasis":"GenEd","config":"9 - 12, ESE","PK":0,"K":0,"F1":0,"F2":0,"F3":0,"F4":0,"F5":0,"F6":0,"F7":0,"F8":0,"F9":1,"F10":1,"F11":1,"F12":1,"Alt":0,"SpEd":1,"AE":0,"CTE":0,"PRC":0,"F21st_Century":null,"status":"Active","EC":0,"EL":0,"Mid":0,"High":1,"School":"Henry Ford","Include":"Yes","Category":"High School","Type":"Secondary","votingDistrict":null,"shortName":"Ford","GlobalID":"5f48c431-62e3-430d-a601-c584d4ea9722","CreationDate":"Wed, 24 Jun 2020 18:15:42 GMT","Creator":"eric.roy.anderson","EditDate":"Wed, 24 Jun 2020 18:15:42 GMT","Editor":"eric.roy.anderson","POINT_X":null,"POINT_Y":null,"PhaseOut":null,"ESEInclusionSite":null,"url":"https://ford.detroitk12.org","Principal":"Shannan Richardson"}},{"type":"Feature","id":85,"geometry":{"type":"Point","coordinates":[-82.9293719282256,42.4071350548702]},"properties":{"OBJECTID":85,"districtCode":null,"meapCode":9475,"schoolCode":541,"hr_location":null,"EEType":"LEA-UEP","asstSuperIntendent":null,"schoolName":"Diann Banks Williamson Education Center","address":"5020 Cadieux","zip":"48224","administratorTitle":null,"pFullName":"Dr. Athena C. Marsh","telephone":"(313) 347-7280","fax":"(313) 852-3454","pEmail":"athena.marsh@detroitk12.org","emphasis":"SpecEd","config":"9-12, ESE","PK":0,"K":0,"F1":0,"F2":0,"F3":0,"F4":0,"F5":0,"F6":0,"F7":0,"F8":0,"F9":1,"F10":1,"F11":1,"F12":1,"Alt":0,"SpEd":1,"AE":0,"CTE":0,"PRC":0,"F21st_Century":null,"status":"Active","EC":0,"EL":0,"Mid":0,"High":1,"School":"Diann Banks-Williamson","Include":"Yes","Category":"Exceptional Student Education","Type":"Alternative Education","votingDistrict":null,"shortName":"Banks","GlobalID":"0ea75ff2-a0fa-4d53-b48b-6f15c21a38c4","CreationDate":"Wed, 24 Jun 2020 18:15:42 GMT","Creator":"eric.roy.anderson","EditDate":"Wed, 24 Jun 2020 18:15:42 GMT","Editor":"eric.roy.anderson","POINT_X":null,"POINT_Y":null,"PhaseOut":null,"ESEInclusionSite":null,"url":"https://banks.detroitk12.org","Principal":""}},{"type":"Feature","id":86,"geometry":{"type":"Point","coordinates":[-83.164382093995,42.4214571906526]},"properties":{"OBJECTID":86,"districtCode":null,"meapCode":2644,"schoolCode":550,"hr_location":null,"EEType":"LEA-UEP","asstSuperIntendent":null,"schoolName":"Mumford High School","address":"17525 Wyoming Street","zip":"48221-2414","administratorTitle":null,"pFullName":"Damian Perry","telephone":"(313) 416-7400","fax":"(313) 416-7567","pEmail":"damian.perry@detroitk12.org","emphasis":"GenEd","config":"9 - 12, ESE","PK":0,"K":0,"F1":0,"F2":0,"F3":0,"F4":0,"F5":0,"F6":0,"F7":0,"F8":0,"F9":1,"F10":1,"F11":1,"F12":1,"Alt":0,"SpEd":1,"AE":0,"CTE":0,"PRC":0,"F21st_Century":null,"status":"Active","EC":0,"EL":0,"Mid":0,"High":1,"School":"Mumford","Include":"Yes","Category":"High School","Type":"Secondary","votingDistrict":null,"shortName":"Mumford","GlobalID":"6e2c6193-c2a2-4ad1-be13-860340a1831e","CreationDate":"Wed, 24 Jun 2020 18:15:42 GMT","Creator":"eric.roy.anderson","EditDate":"Wed, 24 Jun 2020 18:15:42 GMT","Editor":"eric.roy.anderson","POINT_X":null,"POINT_Y":null,"PhaseOut":null,"ESEInclusionSite":null,"url":"https://mumford.detroitk12.org","Principal":"Nolan Procter"}},{"type":"Feature","id":87,"geometry":{"type":"Point","coordinates":[-83.1030357097868,42.3581668297592]},"properties":{"OBJECTID":87,"districtCode":null,"meapCode":2778,"schoolCode":562,"hr_location":null,"EEType":"LEA-UEP","asstSuperIntendent":null,"schoolName":"Northwestern High School","address":"2200 W. Grand Blvd.","zip":"48208-1178 ","administratorTitle":null,"pFullName":"Kimberly Rogers","telephone":"(313) 899-7370","fax":"(313) 899-7373","pEmail":"kimberly.rogers@detroitk12.org","emphasis":"GenEd","config":"9 - 12, ESE","PK":0,"K":0,"F1":0,"F2":0,"F3":0,"F4":0,"F5":0,"F6":0,"F7":0,"F8":0,"F9":1,"F10":1,"F11":1,"F12":1,"Alt":0,"SpEd":1,"AE":0,"CTE":0,"PRC":0,"F21st_Century":null,"status":"Active","EC":0,"EL":0,"Mid":0,"High":1,"School":"Northwestern","Include":"Yes","Category":"High School","Type":"Secondary","votingDistrict":null,"shortName":"Northwestern","GlobalID":"ebfaad6c-7446-4fce-971c-ddeff24ef56f","CreationDate":"Wed, 24 Jun 2020 18:15:42 GMT","Creator":"eric.roy.anderson","EditDate":"Wed, 24 Jun 2020 18:15:42 GMT","Editor":"eric.roy.anderson","POINT_X":null,"POINT_Y":null,"PhaseOut":null,"ESEInclusionSite":null,"url":"https://northwestern.detroitk12.org","Principal":""}},{"type":"Feature","id":88,"geometry":{"type":"Point","coordinates":[-83.0031707104027,42.4339594506538]},"properties":{"OBJECTID":88,"districtCode":null,"meapCode":32,"schoolCode":566,"hr_location":null,"EEType":"LEA-UEP","asstSuperIntendent":null,"schoolName":"Osborn High School","address":"11600 E. 7 Mile Road","zip":"48205-2112","administratorTitle":null,"pFullName":"Kenya Crockett","telephone":"(313) 866-0343","fax":"(313) 748-6140","pEmail":"kenya.crockett@detroitk12.org","emphasis":"GenEd","config":"9 - 12, ESE","PK":0,"K":0,"F1":0,"F2":0,"F3":0,"F4":0,"F5":0,"F6":0,"F7":0,"F8":0,"F9":1,"F10":1,"F11":1,"F12":1,"Alt":0,"SpEd":1,"AE":0,"CTE":0,"PRC":0,"F21st_Century":null,"status":"Active","EC":0,"EL":0,"Mid":0,"High":1,"School":"Osborn","Include":"Yes","Category":"High School","Type":"Secondary","votingDistrict":null,"shortName":"Osborn","GlobalID":"80b7fd3e-855b-4017-a7ec-b9de0b0c707e","CreationDate":"Wed, 24 Jun 2020 18:15:42 GMT","Creator":"eric.roy.anderson","EditDate":"Wed, 24 Jun 2020 18:15:42 GMT","Editor":"eric.roy.anderson","POINT_X":null,"POINT_Y":null,"PhaseOut":null,"ESEInclusionSite":null,"url":"https://osborn.detroitk12.org","Principal":""}},{"type":"Feature","id":89,"geometry":{"type":"Point","coordinates":[-83.0643000002612,42.4321999998814]},"properties":{"OBJECTID":89,"districtCode":null,"meapCode":3015,"schoolCode":568,"hr_location":null,"EEType":"LEA-UEP","asstSuperIntendent":null,"schoolName":"Pershing High School","address":"18875 Ryan Road","zip":"48234-1917","administratorTitle":null,"pFullName":"Johnathon Matthews","telephone":"(313) 866-7700","fax":"(313) 456-6275","pEmail":"johnathon.matthews@detroitk12.org","emphasis":"GenEd","config":"9 - 12, ESE","PK":0,"K":0,"F1":0,"F2":0,"F3":0,"F4":0,"F5":0,"F6":0,"F7":0,"F8":0,"F9":1,"F10":1,"F11":1,"F12":1,"Alt":0,"SpEd":1,"AE":0,"CTE":0,"PRC":0,"F21st_Century":null,"status":"Active","EC":0,"EL":0,"Mid":0,"High":1,"School":"Pershing","Include":"Yes","Category":"High School","Type":"Secondary","votingDistrict":null,"shortName":"Pershing","GlobalID":"a1eb7360-0858-46df-92a7-456c36064222","CreationDate":"Wed, 24 Jun 2020 18:15:42 GMT","Creator":"eric.roy.anderson","EditDate":"Wed, 24 Jun 2020 18:15:42 GMT","Editor":"eric.roy.anderson","POINT_X":null,"POINT_Y":null,"PhaseOut":null,"ESEInclusionSite":null,"url":"https://pershing.detroitk12.org","Principal":""}},{"type":"Feature","id":90,"geometry":{"type":"Point","coordinates":[-83.1943393902309,42.4189120212119]},"properties":{"OBJECTID":90,"districtCode":null,"meapCode":6971,"schoolCode":574,"hr_location":null,"EEType":"LEA-UEP","asstSuperIntendent":null,"schoolName":"Renaissance High School","address":"6565 W. Outer Drive","zip":"48235","administratorTitle":null,"pFullName":"Verynda Stroughter","telephone":"(313) 416-4600","fax":"(313) 416-4621","pEmail":"verynda.stroughter@detroitk12.org","emphasis":"GenEd","config":"9 - 12, ESE","PK":0,"K":0,"F1":0,"F2":0,"F3":0,"F4":0,"F5":0,"F6":0,"F7":0,"F8":0,"F9":1,"F10":1,"F11":1,"F12":1,"Alt":0,"SpEd":1,"AE":0,"CTE":0,"PRC":0,"F21st_Century":null,"status":"Active","EC":0,"EL":0,"Mid":0,"High":1,"School":"Renaissance","Include":"Yes","Category":"High School","Type":"Secondary","votingDistrict":null,"shortName":"Renaissance","GlobalID":"1f68cafc-bbdb-44eb-800c-28517d77d300","CreationDate":"Wed, 24 Jun 2020 18:15:42 GMT","Creator":"eric.roy.anderson","EditDate":"Wed, 24 Jun 2020 18:15:42 GMT","Editor":"eric.roy.anderson","POINT_X":null,"POINT_Y":null,"PhaseOut":null,"ESEInclusionSite":null,"url":"https://renaissance.detroitk12.org","Principal":""}},{"type":"Feature","id":91,"geometry":{"type":"Point","coordinates":[-82.978333213868,42.374924459398]},"properties":{"OBJECTID":91,"districtCode":null,"meapCode":3540,"schoolCode":576,"hr_location":null,"EEType":"LEA-UEP","asstSuperIntendent":null,"schoolName":"Southeastern High School","address":"3030 Fairview Street","zip":"48214-2215","administratorTitle":null,"pFullName":"Maurice El-Amin","telephone":"(313) 866-4500","fax":"(313) 449-4671","pEmail":"maurice.el-amin@detroitk12.org","emphasis":"GenEd","config":"9 - 12, ESE","PK":0,"K":0,"F1":0,"F2":0,"F3":0,"F4":0,"F5":0,"F6":0,"F7":0,"F8":0,"F9":1,"F10":1,"F11":1,"F12":1,"Alt":0,"SpEd":1,"AE":0,"CTE":0,"PRC":0,"F21st_Century":null,"status":"Active","EC":0,"EL":0,"Mid":0,"High":1,"School":"Southeastern","Include":"Yes","Category":"High School","Type":"Secondary","votingDistrict":null,"shortName":"Southeastern","GlobalID":"ee2404cb-0a9c-4edd-9a53-545fa74af4cf","CreationDate":"Wed, 24 Jun 2020 18:15:42 GMT","Creator":"eric.roy.anderson","EditDate":"Wed, 24 Jun 2020 18:15:42 GMT","Editor":"eric.roy.anderson","POINT_X":null,"POINT_Y":null,"PhaseOut":null,"ESEInclusionSite":null,"url":"https://southeastern.detroitk12.org","Principal":""}},{"type":"Feature","id":92,"geometry":{"type":"Point","coordinates":[-82.9292358702956,42.4080469789403]},"properties":{"OBJECTID":92,"districtCode":null,"meapCode":1189,"schoolCode":581,"hr_location":null,"EEType":"LEA-UEP","asstSuperIntendent":null,"schoolName":"East English Village Preparatory Academy","address":"5020 Cadieux","zip":"48224","administratorTitle":null,"pFullName":"Larry Gray II","telephone":"(313) 922-5600","fax":"(313) 922-5576","pEmail":"larry.gray@detroitk12.org","emphasis":"GenEd","config":"9 - 12, ESE","PK":0,"K":0,"F1":0,"F2":0,"F3":0,"F4":0,"F5":0,"F6":0,"F7":0,"F8":0,"F9":1,"F10":1,"F11":1,"F12":1,"Alt":0,"SpEd":0,"AE":0,"CTE":0,"PRC":0,"F21st_Century":null,"status":"Active","EC":0,"EL":0,"Mid":0,"High":1,"School":"East English Village at Finney","Include":"Yes","Category":"High School","Type":"Secondary","votingDistrict":null,"shortName":"EEVPA","GlobalID":"c2d686f1-c6e1-49dd-9d6f-e2c7f76715bc","CreationDate":"Wed, 24 Jun 2020 18:15:42 GMT","Creator":"eric.roy.anderson","EditDate":"Wed, 24 Jun 2020 18:15:42 GMT","Editor":"eric.roy.anderson","POINT_X":null,"POINT_Y":null,"PhaseOut":null,"ESEInclusionSite":null,"url":"https://eevpa.detroitk12.org","Principal":"Myron Montgomery"}},{"type":"Feature","id":93,"geometry":{"type":"Point","coordinates":[-83.0916869608051,42.3191552389983]},"properties":{"OBJECTID":93,"districtCode":null,"meapCode":4477,"schoolCode":584,"hr_location":null,"EEType":"LEA-UEP","asstSuperIntendent":null,"schoolName":"Western International High School","address":"1500 Scotten Street","zip":"48209-2139","administratorTitle":null,"pFullName":"Angel Garcia","telephone":"(313) 849-4758","fax":"(313) 849-4695","pEmail":"angel.garcia@detroitk12.org","emphasis":"GenEd","config":"9 - 12, ESE","PK":0,"K":0,"F1":0,"F2":0,"F3":0,"F4":0,"F5":0,"F6":0,"F7":0,"F8":0,"F9":1,"F10":1,"F11":1,"F12":1,"Alt":0,"SpEd":1,"AE":0,"CTE":0,"PRC":0,"F21st_Century":null,"status":"Active","EC":0,"EL":0,"Mid":0,"High":1,"School":"Western","Include":"Yes","Category":"High School","Type":"Secondary","votingDistrict":null,"shortName":"Western","GlobalID":"d2a0021a-8397-4e30-99a8-d89a35178727","CreationDate":"Wed, 24 Jun 2020 18:15:42 GMT","Creator":"eric.roy.anderson","EditDate":"Wed, 24 Jun 2020 18:15:42 GMT","Editor":"eric.roy.anderson","POINT_X":null,"POINT_Y":null,"PhaseOut":null,"ESEInclusionSite":null,"url":"https://western.detroitk12.org","Principal":""}},{"type":"Feature","id":94,"geometry":{"type":"Point","coordinates":[-83.1866124289507,42.3637950245773]},"properties":{"OBJECTID":94,"districtCode":null,"meapCode":2461,"schoolCode":590,"hr_location":null,"EEType":"LEA-UEP","asstSuperIntendent":null,"schoolName":"Breithaupt Career and Technical Center","address":"9300 Hubbell Street","zip":"48228-2325","administratorTitle":null,"pFullName":"Felicia Hatten Moore","telephone":"(313) 866-9550","fax":"(313) 866-9605","pEmail":"felicia.moore@detroitk12.org","emphasis":"CTE","config":"10 - 12, CTE","PK":0,"K":0,"F1":0,"F2":0,"F3":0,"F4":0,"F5":0,"F6":0,"F7":0,"F8":0,"F9":0,"F10":1,"F11":1,"F12":1,"Alt":0,"SpEd":0,"AE":0,"CTE":1,"PRC":0,"F21st_Century":null,"status":"Active","EC":0,"EL":0,"Mid":0,"High":0,"School":"Breithaupt CTC","Include":"Yes","Category":"Career & Technical Center","Type":"Career Technical Education","votingDistrict":null,"shortName":"Breithaupt CTC","GlobalID":"7b7de448-98e0-46f8-b657-9d1002bc99f5","CreationDate":"Wed, 24 Jun 2020 18:15:42 GMT","Creator":"eric.roy.anderson","EditDate":"Wed, 24 Jun 2020 18:15:42 GMT","Editor":"eric.roy.anderson","POINT_X":null,"POINT_Y":null,"PhaseOut":null,"ESEInclusionSite":null,"url":"https://breithauptctc.detroitk12.org","Principal":"Felicia H. Moore"}},{"type":"Feature","id":95,"geometry":{"type":"Point","coordinates":[-82.9507353205388,42.3693510030608]},"properties":{"OBJECTID":95,"districtCode":null,"meapCode":2479,"schoolCode":592,"hr_location":null,"EEType":"LEA-UEP","asstSuperIntendent":null,"schoolName":"Golightly Career and Technical  Center","address":"900 Dickerson Avenue","zip":"48215-2900","administratorTitle":null,"pFullName":"Neal Morrison","telephone":"(313) 822-8820","fax":"(313) 866-3131","pEmail":"neal.morrison02@detroitk12.org","emphasis":"CTE","config":"9 - 12, CTE","PK":0,"K":0,"F1":0,"F2":0,"F3":0,"F4":0,"F5":0,"F6":0,"F7":0,"F8":0,"F9":1,"F10":1,"F11":1,"F12":1,"Alt":0,"SpEd":0,"AE":0,"CTE":1,"PRC":0,"F21st_Century":null,"status":"Closed","EC":0,"EL":0,"Mid":0,"High":0,"School":"Golightly CTC","Include":"Yes","Category":"Career & Technical Center","Type":"Career Technical Education","votingDistrict":null,"shortName":"Golightly CTC","GlobalID":"af4474e8-a3db-4be1-bb03-b172a0b77307","CreationDate":"Wed, 24 Jun 2020 18:15:42 GMT","Creator":"eric.roy.anderson","EditDate":"Wed, 24 Jun 2020 18:15:42 GMT","Editor":"eric.roy.anderson","POINT_X":null,"POINT_Y":null,"PhaseOut":null,"ESEInclusionSite":null,"url":"https://golightlyeducationcenter.detroitk12.org","Principal":"Domini Nailer"}},{"type":"Feature","id":96,"geometry":{"type":"Point","coordinates":[-83.1911701919078,42.4175319263442]},"properties":{"OBJECTID":96,"districtCode":null,"meapCode":2465,"schoolCode":593,"hr_location":null,"EEType":"LEA-UEP","asstSuperIntendent":null,"schoolName":"Randolph Career and Technical Center","address":"17101 Hubbell Street","zip":"48235-3942","administratorTitle":null,"pFullName":"Krista McKinney-King","telephone":"(313) 494-7100","fax":"(313) 494-7114","pEmail":"krista.mckinney@detroitk12.org","emphasis":"GenEd, CTE","config":"9 - 12, CTE, ","PK":0,"K":0,"F1":0,"F2":0,"F3":0,"F4":0,"F5":0,"F6":0,"F7":0,"F8":0,"F9":1,"F10":1,"F11":1,"F12":1,"Alt":0,"SpEd":1,"AE":1,"CTE":1,"PRC":0,"F21st_Century":null,"status":"Active","EC":0,"EL":0,"Mid":null,"High":0,"School":"Randolph CTC","Include":"Yes","Category":"Career & Technical Center","Type":"Career Technical Education","votingDistrict":null,"shortName":"Randolph CTC","GlobalID":"23898f16-9776-4338-af34-3ea8251b808c","CreationDate":"Wed, 24 Jun 2020 18:15:42 GMT","Creator":"eric.roy.anderson","EditDate":"Wed, 24 Jun 2020 18:15:42 GMT","Editor":"eric.roy.anderson","POINT_X":null,"POINT_Y":null,"PhaseOut":null,"ESEInclusionSite":null,"url":"https://randolphctc.detroitk12.org","Principal":""}},{"type":"Feature","id":97,"geometry":{"type":"Point","coordinates":[-83.2207999996281,42.3612000000498]},"properties":{"OBJECTID":97,"districtCode":null,"meapCode":18,"schoolCode":596,"hr_location":null,"EEType":"LEA-UEP","asstSuperIntendent":null,"schoolName":"Cody High School","address":"18445 Cathedral Street","zip":"48228-1809","administratorTitle":null,"pFullName":"Ezekiel Ohan","telephone":"(313) 866-9200","fax":"(313) 866-9218","pEmail":"ezekiel.ohan@detroitk12.org","emphasis":"GenEd","config":"9 - 12, ESE","PK":0,"K":0,"F1":0,"F2":0,"F3":0,"F4":0,"F5":0,"F6":0,"F7":0,"F8":0,"F9":1,"F10":1,"F11":1,"F12":1,"Alt":0,"SpEd":1,"AE":0,"CTE":0,"PRC":0,"F21st_Century":null,"status":"Active","EC":0,"EL":0,"Mid":0,"High":1,"School":"Cody","Include":"Yes","Category":"High School","Type":"Secondary","votingDistrict":null,"shortName":"Cody","GlobalID":"94d49f08-6189-4611-94f3-8642e0f5308e","CreationDate":"Wed, 24 Jun 2020 18:15:42 GMT","Creator":"eric.roy.anderson","EditDate":"Wed, 24 Jun 2020 18:15:42 GMT","Editor":"eric.roy.anderson","POINT_X":null,"POINT_Y":null,"PhaseOut":null,"ESEInclusionSite":null,"url":"https://cody.detroitk12.org","Principal":"Jason Solomon"}},{"type":"Feature","id":98,"geometry":{"type":"Point","coordinates":[-83.0038996979899,42.4090955394706]},"properties":{"OBJECTID":98,"districtCode":null,"meapCode":29,"schoolCode":601,"hr_location":null,"EEType":"LEA-UEP","asstSuperIntendent":null,"schoolName":"Davis Aerospace Technical High School at Golightly","address":"900 Dickerson Avenue","zip":"48215-2900","administratorTitle":null,"pFullName":"Neal Morrison","telephone":"(313) 822-8820","fax":"(313) 866-3131","pEmail":"neal.morrison02@detroitk12.org","emphasis":"GenEd","config":"9 - 12, ESE","PK":0,"K":0,"F1":0,"F2":0,"F3":0,"F4":0,"F5":0,"F6":0,"F7":0,"F8":0,"F9":1,"F10":1,"F11":1,"F12":1,"Alt":0,"SpEd":0,"AE":0,"CTE":1,"PRC":0,"F21st_Century":null,"status":"Active","EC":0,"EL":0,"Mid":0,"High":1,"School":"Davis Aerospace","Include":"Yes","Category":"High School","Type":"Secondary","votingDistrict":null,"shortName":"Davis Aerospace","GlobalID":"abb6f871-92ec-44fd-8fb6-ae5fd467d60f","CreationDate":"Wed, 24 Jun 2020 18:15:42 GMT","Creator":"eric.roy.anderson","EditDate":"Wed, 24 Jun 2020 18:15:42 GMT","Editor":"eric.roy.anderson","POINT_X":null,"POINT_Y":null,"PhaseOut":null,"ESEInclusionSite":null,"url":"https://davisaerospace.detroitk12.org","Principal":"Michelle Davis"}},{"type":"Feature","id":99,"geometry":{"type":"Point","coordinates":[-83.0896136110986,42.3404011098803]},"properties":{"OBJECTID":99,"districtCode":null,"meapCode":3481,"schoolCode":602,"hr_location":null,"EEType":"LEA-UEP","asstSuperIntendent":null,"schoolName":"Adult Essential Skills Program","address":"2750 Selden St","zip":"48208-2544","administratorTitle":null,"pFullName":"Marty Bulger","telephone":"(313) 344-3710","fax":null,"pEmail":"marty.bulger@detroitk12.org","emphasis":"GenEd,Alt,ESE","config":"6 - 12, ESE","PK":0,"K":0,"F1":0,"F2":0,"F3":0,"F4":0,"F5":0,"F6":1,"F7":1,"F8":1,"F9":1,"F10":1,"F11":1,"F12":1,"Alt":1,"SpEd":1,"AE":0,"CTE":0,"PRC":0,"F21st_Century":null,"status":"Active","EC":0,"EL":0,"Mid":1,"High":1,"School":"Adult Essential Skills","Include":"Yes","Category":"Exceptional Student Education","Type":"Alternative Education","votingDistrict":null,"shortName":"Adult Essential Skills","GlobalID":"6d6c6b04-003b-403c-9d3b-745b63e4f5e1","CreationDate":"Wed, 24 Jun 2020 18:15:42 GMT","Creator":"eric.roy.anderson","EditDate":"Wed, 24 Jun 2020 18:15:42 GMT","Editor":"eric.roy.anderson","POINT_X":null,"POINT_Y":null,"PhaseOut":null,"ESEInclusionSite":null,"Principal":""}},{"type":"Feature","id":100,"geometry":{"type":"Point","coordinates":[-83.0808336472173,42.3826751471136]},"properties":{"OBJECTID":100,"districtCode":null,"meapCode":7135,"schoolCode":617,"hr_location":null,"EEType":"LEA-UEP","asstSuperIntendent":null,"schoolName":"Frederick Douglass Academy for Young Men","address":"9026 Woodward Ave.","zip":"48202","administratorTitle":null,"pFullName":"Willie White","telephone":"(313) 596-3555","fax":"(313) 596-3552","pEmail":"willie.white@detroitk12.org","emphasis":"GenEd","config":"6 - 12, ESE, Alt","PK":0,"K":0,"F1":0,"F2":0,"F3":0,"F4":0,"F5":0,"F6":1,"F7":1,"F8":1,"F9":1,"F10":1,"F11":1,"F12":1,"Alt":1,"SpEd":1,"AE":0,"CTE":0,"PRC":0,"F21st_Century":null,"status":"Active","EC":0,"EL":0,"Mid":1,"High":1,"School":"Douglass","Include":"Yes","Category":"High School","Type":"Single Gender","votingDistrict":null,"shortName":"Douglass","GlobalID":"d22713eb-778f-4b1e-b428-e91b492ebef6","CreationDate":"Wed, 24 Jun 2020 18:15:42 GMT","Creator":"eric.roy.anderson","EditDate":"Wed, 24 Jun 2020 18:15:42 GMT","Editor":"eric.roy.anderson","POINT_X":null,"POINT_Y":null,"PhaseOut":null,"ESEInclusionSite":null,"url":"https://douglass.detroitk12.org","Principal":"Willie L. White"}},{"type":"Feature","id":101,"geometry":{"type":"Point","coordinates":[-83.1546999999426,42.4150999997992]},"properties":{"OBJECTID":101,"districtCode":null,"meapCode":3638,"schoolCode":618,"hr_location":null,"EEType":null,"asstSuperIntendent":null,"schoolName":"The School at Marygrove","address":"8425 W. McNichols","zip":"48221","administratorTitle":null,"pFullName":"Christa Reeves","telephone":"(313) 335-1330","fax":null,"pEmail":"christa.reeves@detroitk12.org","emphasis":"GenEd","config":"9 - 10","PK":0,"K":0,"F1":0,"F2":0,"F3":0,"F4":0,"F5":0,"F6":0,"F7":0,"F8":0,"F9":1,"F10":1,"F11":0,"F12":0,"Alt":0,"SpEd":0,"AE":0,"CTE":0,"PRC":0,"F21st_Century":null,"status":"Active","EC":0,"EL":0,"Mid":0,"High":1,"School":"Marygrove","Include":"Yes","Category":"K-12/Other","Type":"High","votingDistrict":null,"shortName":"Marygrove","GlobalID":"e5d33642-27a5-4629-85e4-51bf2c88a756","CreationDate":"Wed, 24 Jun 2020 18:15:42 GMT","Creator":"eric.roy.anderson","EditDate":"Wed, 24 Jun 2020 18:15:42 GMT","Editor":"eric.roy.anderson","POINT_X":null,"POINT_Y":null,"PhaseOut":null,"ESEInclusionSite":null,"url":"https://marygrove.detroitk12.org","Principal":""}},{"type":"Feature","id":102,"geometry":{"type":"Point","coordinates":[-83.1106999999502,42.3270999997288]},"properties":{"OBJECTID":102,"districtCode":null,"meapCode":3276,"schoolCode":641,"hr_location":null,"EEType":"LEA-UEP","asstSuperIntendent":null,"schoolName":"Academy of the Americas","address":"5680 Konkel Street","zip":"48210","administratorTitle":null,"pFullName":"Nicholas Brown","telephone":"(313) 596-7640","fax":"(313) 873-0899","pEmail":"nicholas.brown@detroitk12.org","emphasis":"GenEd","config":"4 - 12, PK","PK":1,"K":0,"F1":0,"F2":0,"F3":0,"F4":1,"F5":1,"F6":1,"F7":1,"F8":1,"F9":1,"F10":1,"F11":1,"F12":1,"Alt":0,"SpEd":1,"AE":0,"CTE":0,"PRC":0,"F21st_Century":null,"status":"Active","EC":1,"EL":1,"Mid":1,"High":1,"School":"Academy of the Americas","Include":"Yes","Category":"K-12/Other","Type":"Elementary - Middle, Secondary","votingDistrict":null,"shortName":"Academy of the Americas","GlobalID":"cb2d35e2-bb0f-4122-808c-d62b3654e242","CreationDate":"Wed, 24 Jun 2020 18:15:42 GMT","Creator":"eric.roy.anderson","EditDate":"Wed, 24 Jun 2020 18:15:42 GMT","Editor":"eric.roy.anderson","POINT_X":null,"POINT_Y":null,"PhaseOut":null,"ESEInclusionSite":null,"url":"https://academyoftheamericas.detroitk12.org","Principal":"Nicholas Brown"}},{"type":"Feature","id":103,"geometry":{"type":"Point","coordinates":[-82.9635291688246,42.428656384755]},"properties":{"OBJECTID":103,"districtCode":null,"meapCode":9991,"schoolCode":769,"hr_location":null,"EEType":"LEA-UEP","asstSuperIntendent":null,"schoolName":"Brewer Academy","address":"18025 Brock Street","zip":"48205-3522","administratorTitle":null,"pFullName":"Willie Wood","telephone":"(313) 866-2070","fax":"(313) 866-2098","pEmail":"willie.wood@detroitk12.org","emphasis":"GenEd","config":"K - 8, PK, ESE","PK":1,"K":1,"F1":1,"F2":1,"F3":1,"F4":1,"F5":1,"F6":1,"F7":1,"F8":1,"F9":0,"F10":0,"F11":0,"F12":0,"Alt":0,"SpEd":1,"AE":0,"CTE":0,"PRC":0,"F21st_Century":null,"status":"Active","EC":1,"EL":1,"Mid":1,"High":0,"School":"Brewer","Include":"Yes","Category":"Elementary-Middle","Type":"Elementary - Middle","votingDistrict":null,"shortName":"Brewer","GlobalID":"416049ba-129c-413f-a7df-a8691a67f0ec","CreationDate":"Wed, 24 Jun 2020 18:15:42 GMT","Creator":"eric.roy.anderson","EditDate":"Wed, 24 Jun 2020 18:15:42 GMT","Editor":"eric.roy.anderson","POINT_X":null,"POINT_Y":null,"PhaseOut":null,"ESEInclusionSite":null,"url":"https://brewer.detroitk12.org","Principal":"Stephen D. Garcia"}},{"type":"Feature","id":104,"geometry":{"type":"Point","coordinates":[-82.9795968065576,42.408191974789]},"properties":{"OBJECTID":104,"districtCode":null,"meapCode":3737,"schoolCode":777,"hr_location":null,"EEType":"LEA-UEP","asstSuperIntendent":null,"schoolName":"Edward 'Duke' Ellington Conservatory of Music & Art at Beckham Academy","address":"9860 Park Drive","zip":"48213","administratorTitle":null,"pFullName":"Twila Ainsworth-Comfort","telephone":"(313) 852-8500","fax":"(313) 852-8511","pEmail":"twila.ainsworth-comfort@detroitk12.org","emphasis":"GenEd","config":"K - 8, PK, ESE","PK":1,"K":1,"F1":1,"F2":1,"F3":1,"F4":1,"F5":1,"F6":1,"F7":1,"F8":1,"F9":0,"F10":0,"F11":0,"F12":0,"Alt":0,"SpEd":1,"AE":0,"CTE":0,"PRC":0,"F21st_Century":null,"status":"Active","EC":1,"EL":1,"Mid":1,"High":0,"School":"Duke Ellington","Include":"Yes","Category":"Elementary-Middle","Type":"Elementary - Middle","votingDistrict":null,"shortName":"Ellington","GlobalID":"f616dc5a-c786-4cb6-943e-85945577d332","CreationDate":"Wed, 24 Jun 2020 18:15:42 GMT","Creator":"eric.roy.anderson","EditDate":"Wed, 24 Jun 2020 18:15:42 GMT","Editor":"eric.roy.anderson","POINT_X":null,"POINT_Y":null,"PhaseOut":null,"ESEInclusionSite":null,"url":"https://ellington.detroitk12.org","Principal":"Kimberly Pierce"}},{"type":"Feature","id":105,"geometry":{"type":"Point","coordinates":[-83.1622468834131,42.4379299277049]},"properties":{"OBJECTID":105,"districtCode":null,"meapCode":2882,"schoolCode":791,"hr_location":null,"EEType":"LEA-UEP","asstSuperIntendent":null,"schoolName":"Bates Academy","address":"19701 Wyoming","zip":"48221-1519","administratorTitle":null,"pFullName":"David Bailey","telephone":"(313) 494-7000","fax":"(313) 494-8811","pEmail":"david.bailey@detroitk12.org","emphasis":"GenEd","config":"K - 8, PK, ESE","PK":1,"K":1,"F1":1,"F2":1,"F3":1,"F4":1,"F5":1,"F6":1,"F7":1,"F8":1,"F9":0,"F10":0,"F11":0,"F12":0,"Alt":0,"SpEd":1,"AE":0,"CTE":0,"PRC":0,"F21st_Century":null,"status":"Active","EC":1,"EL":1,"Mid":1,"High":0,"School":"Bates","Include":"Yes","Category":"Elementary-Middle","Type":"Elementary - Middle","votingDistrict":null,"shortName":"Bates","GlobalID":"b8162d62-9fda-4130-bc3b-e9461bd2f41a","CreationDate":"Wed, 24 Jun 2020 18:15:42 GMT","Creator":"eric.roy.anderson","EditDate":"Wed, 24 Jun 2020 18:15:42 GMT","Editor":"eric.roy.anderson","POINT_X":null,"POINT_Y":null,"PhaseOut":null,"ESEInclusionSite":null,"url":"https://bates.detroitk12.org","Principal":"David Bailey"}},{"type":"Feature","id":106,"geometry":{"type":"Point","coordinates":[-82.9823255224456,42.4364111008784]},"properties":{"OBJECTID":106,"districtCode":null,"meapCode":3130,"schoolCode":297,"hr_location":null,"EEType":"LEA-UEP","asstSuperIntendent":null,"schoolName":"Pulaski Elementary-Middle School","address":"13840 Lappin","zip":"48205","administratorTitle":null,"pFullName":"Tyra Smith-Dean","telephone":"(313) 866-7022","fax":"(313) 866-7011","pEmail":"tyra.smith-dean@detroitk12.org","emphasis":"GenEd","config":"K - 8, PK, ESE","PK":1,"K":1,"F1":1,"F2":1,"F3":1,"F4":1,"F5":1,"F6":1,"F7":1,"F8":1,"F9":0,"F10":0,"F11":0,"F12":0,"Alt":0,"SpEd":1,"AE":0,"CTE":0,"PRC":0,"F21st_Century":null,"status":"Active","EC":1,"EL":1,"Mid":1,"High":0,"School":"Pulaski","Include":"Yes","Category":"Elementary-Middle","Type":"Elementary - Middle","votingDistrict":null,"shortName":"Pulaski","GlobalID":"a704ce1d-f82f-4d9d-af2d-23ff96cd8a13","CreationDate":"Wed, 24 Jun 2020 18:15:42 GMT","Creator":"eric.roy.anderson","EditDate":"Wed, 24 Jun 2020 18:15:42 GMT","Editor":"eric.roy.anderson","POINT_X":null,"POINT_Y":null,"PhaseOut":null,"ESEInclusionSite":null,"url":"https://pulaski.detroitk12.org","Principal":""}},{"type":"Feature","id":107,"geometry":{"type":"Point","coordinates":[-83.0789121078022,42.3823895979946]},"properties":{"OBJECTID":107,"districtCode":null,"meapCode":4023,"schoolCode":null,"hr_location":null,"EEType":"LEA-UEP","asstSuperIntendent":null,"schoolName":"DPSCD Virtual School","address":"9026 Woodward Ave.","zip":"48202","administratorTitle":null,"pFullName":null,"telephone":null,"fax":null,"pEmail":null,"emphasis":"GenEd","config":"K - 12","PK":0,"K":1,"F1":1,"F2":1,"F3":1,"F4":1,"F5":1,"F6":1,"F7":1,"F8":1,"F9":1,"F10":1,"F11":1,"F12":1,"Alt":null,"SpEd":null,"AE":null,"CTE":null,"PRC":null,"F21st_Century":null,"status":"Active","EC":0,"EL":1,"Mid":1,"High":1,"School":"Virtual","Include":"Yes","Category":"K-12/Other","Type":null,"votingDistrict":null,"shortName":"Virtual","GlobalID":"e981d524-c649-44a3-9513-1430e018be4a","CreationDate":"Wed, 24 Jun 2020 18:15:42 GMT","Creator":"eric.roy.anderson","EditDate":"Wed, 24 Jun 2020 18:15:42 GMT","Editor":"eric.roy.anderson","POINT_X":null,"POINT_Y":null,"PhaseOut":null,"ESEInclusionSite":null,"url":"https://virtual.detroitk12.org","Principal":"Zerrick Lake"}},{"type":"Feature","id":108,"geometry":{"type":"Point","coordinates":[-83.2060481005434,42.3979016945002]},"properties":{"OBJECTID":108,"districtCode":null,"meapCode":7633,"schoolCode":80,"hr_location":null,"EEType":"LEA-UEP","asstSuperIntendent":null,"schoolName":"Paul Robeson Malcolm X Academy","address":"14771 Mansfield Street","zip":"48227-1801","administratorTitle":null,"pFullName":"Jeffrey Robinson","telephone":"(313) 494-8100","fax":"(313) 494-7089","pEmail":"jeffrey.robinson@detroitk12.org","emphasis":"GenEd","config":"K - 8, PK, ESE","PK":1,"K":1,"F1":1,"F2":1,"F3":1,"F4":1,"F5":1,"F6":1,"F7":1,"F8":1,"F9":0,"F10":0,"F11":0,"F12":0,"Alt":0,"SpEd":1,"AE":0,"CTE":0,"PRC":0,"F21st_Century":null,"status":"Active","EC":1,"EL":1,"Mid":1,"High":0,"School":"Robeson Malcolm X","Include":"Yes","Category":"Elementary-Middle","Type":"Elementary - Middle","votingDistrict":null,"shortName":"Robeson/Malcolm X","GlobalID":"b3e33434-c4f2-4603-b55a-d84e12918b31","CreationDate":"Wed, 24 Jun 2020 18:15:42 GMT","Creator":"eric.roy.anderson","EditDate":"Wed, 24 Jun 2020 18:15:42 GMT","Editor":"eric.roy.anderson","POINT_X":null,"POINT_Y":null,"PhaseOut":null,"ESEInclusionSite":null,"url":"https://robesonmalcolmx.detroitk12.org","Principal":""}},{"type":"Feature","id":109,"geometry":{"type":"Point","coordinates":[-83.0734945984087,42.3506560565797]},"properties":{"OBJECTID":109,"districtCode":null,"meapCode":null,"schoolCode":null,"hr_location":null,"EEType":null,"asstSuperIntendent":null,"schoolName":null,"address":null,"zip":null,"administratorTitle":null,"pFullName":null,"telephone":null,"fax":null,"pEmail":null,"emphasis":null,"config":null,"PK":null,"K":null,"F1":null,"F2":null,"F3":null,"F4":null,"F5":null,"F6":null,"F7":null,"F8":null,"F9":null,"F10":null,"F11":null,"F12":null,"Alt":null,"SpEd":null,"AE":null,"CTE":null,"PRC":null,"F21st_Century":null,"status":null,"EC":null,"EL":null,"Mid":null,"High":null,"School":null,"Include":null,"Category":"Exceptional Student Education","Type":null,"votingDistrict":null,"shortName":null,"GlobalID":"f1fccfa6-7780-42c6-9c2f-6b451d51eaaf","CreationDate":null,"Creator":null,"EditDate":null,"Editor":null,"POINT_X":null,"POINT_Y":null,"PhaseOut":null,"ESEInclusionSite":null,"Principal":""}},{"type":"Feature","id":110,"geometry":{"type":"Point","coordinates":[-83.0734778519139,42.3507341827868]},"properties":{"OBJECTID":110,"districtCode":81025,"meapCode":null,"schoolCode":null,"hr_location":null,"EEType":null,"asstSuperIntendent":null,"schoolName":"Early Intervention Diagnosis Center","address":"4555 John C Lodge Fwy","zip":"48201","administratorTitle":null,"pFullName":null,"telephone":null,"fax":null,"pEmail":null,"emphasis":null,"config":"","PK":null,"K":null,"F1":null,"F2":null,"F3":null,"F4":null,"F5":null,"F6":null,"F7":null,"F8":null,"F9":null,"F10":null,"F11":null,"F12":null,"Alt":null,"SpEd":null,"AE":null,"CTE":null,"PRC":null,"F21st_Century":null,"status":"Active","EC":null,"EL":null,"Mid":null,"High":null,"School":"EIDC","Include":null,"Category":"Exceptional Student Education","Type":null,"votingDistrict":null,"shortName":"EIDC","GlobalID":"f3b11ad3-7997-426b-aa75-239ef7d94e44","CreationDate":null,"Creator":null,"EditDate":null,"Editor":null,"POINT_X":null,"POINT_Y":null,"PhaseOut":null,"ESEInclusionSite":null,"Principal":""}}]}