{"type":"FeatureCollection","crs":{"type":"name","properties":{"name":"EPSG:4326"}},"features":[{"type":"Feature","id":1,"geometry":{"type":"Polygon","coordinates":[[[-83.276456411213,42.4000725515292,0],[-83.2752141174857,42.4001037283995,0],[-83.2739842603053,42.4001151527461,0],[-83.2734368677991,42.4000891375507,0],[-83.2732812755755,42.4000683756089,0],[-83.2725248349743,42.3999914407863,0],[-83.2722072440584,42.3999719853803,0],[-83.2710329195935,42.3999694132325,0],[-83.2708532993429,42.3999916286181,0],[-83.2700594423793,42.4001099311164,0],[-83.2696864625738,42.4001715346,0],[-83.2692278316275,42.4002145261362,0],[-83.2690043437393,42.4002245000963,0],[-83.256824554466,42.4002878674888,0],[-83.2471096726434,42.4005147748459,0],[-83.2459316143006,42.4005432656556,0],[-83.2426018757913,42.400623725504,0],[-83.2379669287372,42.400663189928,0],[-83.2374165886799,42.4006678636791,0],[-83.2325989038798,42.4008013175041,0],[-83.2288808528587,42.4008696376283,0],[-83.2252508376112,42.4009190745629,0],[-83.2192989759333,42.4010975922401,0],[-83.2185846375741,42.4011122500846,0],[-83.2182558022076,42.3889520208204,0],[-83.2178253627008,42.3785595029546,0],[-83.237171486096,42.3788839555999,0],[-83.2464023647414,42.3789793593761,0],[-83.2666534319662,42.3787363875774,0],[-83.2674250767282,42.378716056772,0],[-83.2732048375708,42.3785636122174,0],[-83.2753038163532,42.3785081771416,0],[-83.2753977391876,42.3803751355482,0],[-83.2755944327822,42.381603457456,0],[-83.2755982397877,42.382517400625,0],[-83.2757871119177,42.3835039791404,0],[-83.2758768646629,42.3848614693404,0],[-83.2760335625827,42.3886797980225,0],[-83.2760506992865,42.3892994007978,0],[-83.276158131478,42.3897849635198,0],[-83.2761451743029,42.3903095357394,0],[-83.276456411213,42.4000725515292,0]]]},"properties":{"OBJECTID":1,"ObjectID_1":29,"meapCode":1438,"schoolCode":135,"schoolName":"Gompers Elementary-Middle School","address":"14450 Burt Road","zip":"48223","telephone":"(313) 494-7495","fax":"(313) 494-7636","config":"K - 8, PK, ESE","status":"Active","Mid":1,"High":0,"Type":"Elementary - Middle","shortName":"Gompers","lat":42.3926,"lon":-83.2468,"url":"https://gompers.detroitk12.org","NAME":"Gompers","Principal":"Akeya Murphy"}},{"type":"Feature","id":3,"geometry":{"type":"Polygon","coordinates":[[[-82.945789870434,42.3853143829792,0],[-82.9429915481133,42.3810370733036,0],[-82.9428283345757,42.3810927800519,0],[-82.9424043022862,42.3804557098821,0],[-82.9425625176293,42.3803934787252,0],[-82.9396717198436,42.3759867142605,0],[-82.939640716481,42.375993392037,0],[-82.9395806688462,42.376001954914,0],[-82.9395191175806,42.3760054267645,0],[-82.9394667543456,42.3760032747654,0],[-82.9394168748039,42.3759909152282,0],[-82.9393725139788,42.3759669582345,0],[-82.9393443699934,42.3759353677864,0],[-82.9388965112048,42.3751303707576,0],[-82.9387528366481,42.3747401564546,0],[-82.9303446277793,42.362138228743,0],[-82.93093798138,42.3619010421614,0],[-82.9284238528454,42.3580896244884,0],[-82.9286571721512,42.358002257839,0],[-82.9272318072419,42.3564523267259,0],[-82.9240379896635,42.3521215516934,0],[-82.9454757697336,42.3473946870439,0],[-82.9472259188908,42.3465045128017,0],[-82.9529570214057,42.3535415652462,0],[-82.9580115489442,42.3597472116593,0],[-82.9643178192725,42.3690105290105,0],[-82.9688651392402,42.375821406172,0],[-82.9732046662629,42.3823041907887,0],[-82.9723149983375,42.3827976268856,0],[-82.9720658169808,42.382926298171,0],[-82.9717261105494,42.3830894234699,0],[-82.9715333159607,42.3831676424627,0],[-82.9714802008529,42.3831868144042,0],[-82.971233211451,42.3832759671167,0],[-82.9710038231666,42.3833503139358,0],[-82.9707299809059,42.3834301466384,0],[-82.9706702235171,42.3834421277406,0],[-82.970468898244,42.3834824926963,0],[-82.9701175254971,42.3835424618314,0],[-82.9697630041335,42.3835911359096,0],[-82.9694060648796,42.3836284338484,0],[-82.9691369494899,42.3836488932109,0],[-82.9688672485375,42.3836629517495,0],[-82.9685969641213,42.3836705194429,0],[-82.968310068745,42.3836713989181,0],[-82.9678340516369,42.383694709661,0],[-82.968056946694,42.3840404251358,0],[-82.9681421329554,42.3841630309895,0],[-82.9682032525561,42.3842431106992,0],[-82.9683636984207,42.3844269695199,0],[-82.9683903405967,42.3844568043405,0],[-82.96845979564,42.3845345842224,0],[-82.9685002063255,42.384587725733,0],[-82.9685342637764,42.384632514148,0],[-82.9685560984754,42.3846612281417,0],[-82.9686256778002,42.3847527273421,0],[-82.9690074954528,42.3853348665718,0],[-82.9690909937277,42.3854462856855,0],[-82.962710371648,42.3877490586804,0],[-82.9567828220279,42.3898595195853,0],[-82.9508344724042,42.3919880563422,0],[-82.9510201930459,42.3922689704137,0],[-82.9471311734531,42.3936988568509,0],[-82.9470695628518,42.3936200920891,0],[-82.9405679970783,42.3959910261476,0],[-82.9357196652719,42.3978003021775,0],[-82.9358193840192,42.3979498233926,0],[-82.9346681240895,42.3983403959949,0],[-82.9333569865134,42.3988255292641,0],[-82.9290558708834,42.3922190418542,0],[-82.931921375185,42.3910594538663,0],[-82.9354936189372,42.3897803622911,0],[-82.937195991366,42.3892868508434,0],[-82.9463193254279,42.3875185635848,0],[-82.9466351733166,42.387467894758,0],[-82.9467252059686,42.3870412049532,0],[-82.9468670646284,42.3869882977168,0],[-82.9457163084546,42.3853426362498,0],[-82.945789870434,42.3853143829792,0]]]},"properties":{"OBJECTID":3,"ObjectID_1":11,"meapCode":542,"schoolCode":56,"schoolName":"Carstens Academy of Aquatic Science at Remus","address":"13000 Essex Avenue","zip":"48215-3243","telephone":"(313) 866-5500","fax":"(313) 866-5580","config":"K - 8, PK, ESE","status":"Active","Mid":1,"High":0,"Type":"Elementary - Middle","shortName":"Carstens","lat":42.3642,"lon":-82.9484,"url":"https://carstens.detroitk12.org","NAME":"Carstens","Principal":"Cassandra Moore"}},{"type":"Feature","id":4,"geometry":{"type":"Polygon","coordinates":[[[-83.1829356880823,42.3814887174568,0],[-83.1833693191914,42.3799616745774,0],[-83.1834319714851,42.3799628244634,0],[-83.1835422791236,42.3778417005562,0],[-83.1833555470182,42.3713603211226,0],[-83.183043776203,42.370243958754,0],[-83.182820323023,42.3653950465831,0],[-83.1976502770705,42.3650888585834,0],[-83.1973908441899,42.3581340746676,0],[-83.1970710151824,42.3505821266192,0],[-83.217038652348,42.3502633139798,0],[-83.2170427345256,42.3575245851319,0],[-83.2172410781565,42.3612680184651,0],[-83.2175474326807,42.3647609124744,0],[-83.2343218688082,42.3775552548561,0],[-83.237171486096,42.3788839555999,0],[-83.2178253627008,42.3785595029546,0],[-83.2102040285259,42.3787322127457,0],[-83.1982181576686,42.3789753003007,0],[-83.1961719633327,42.3792195859358,0],[-83.1949457667182,42.3793632314786,0],[-83.1919779970934,42.3793715530674,0],[-83.1829413091955,42.38208530883,0],[-83.1827499536455,42.3821427627268,0],[-83.1829356880823,42.3814887174568,0]]]},"properties":{"OBJECTID":4,"ObjectID_1":70,"meapCode":4,"schoolCode":404,"schoolName":"Henderson Academy","address":"16101 W Chicago","zip":"48228","telephone":"(313) 852-0512","fax":"(313) 852-0523","config":"K - 8, PK, ESE","status":"Active","Mid":1,"High":0,"Type":"Elementary - Middle","shortName":"Henderson","lat":42.3653,"lon":-83.2038,"url":"https://henderson.detroitk12.org","NAME":"Henderson","Principal":"Roy D. Harris"}},{"type":"Feature","id":5,"geometry":{"type":"Polygon","coordinates":[[[-83.0730084214432,42.4473038964151,0],[-83.0721642117369,42.432908790858,0],[-83.0721640690471,42.4329063545492,0],[-83.0736248184858,42.4328922362925,0],[-83.06574644403,42.4218772844893,0],[-83.0633305705193,42.4185126340592,0],[-83.0755275276809,42.418553404449,0],[-83.0837627148246,42.4183565892311,0],[-83.0880125384032,42.4181153144395,0],[-83.0880168417442,42.4181152377132,0],[-83.0895444652392,42.4180878673398,0],[-83.0948195334227,42.4180212585066,0],[-83.0951795592063,42.418021359617,0],[-83.0954029697228,42.4180214239631,0],[-83.0963932863858,42.4180066128054,0],[-83.0973887336229,42.4179723576405,0],[-83.0976330673358,42.4179630233966,0],[-83.098406938799,42.4179363669293,0],[-83.0996865927834,42.4178912175441,0],[-83.1010697814818,42.4178459573357,0],[-83.1018031644003,42.4178269222263,0],[-83.1034307149436,42.4177899961958,0],[-83.1049251270592,42.417756069522,0],[-83.1051921283032,42.4177500060021,0],[-83.111576322692,42.4266177185581,0],[-83.1130291152383,42.4286529407844,0],[-83.1154551553329,42.4321083879764,0],[-83.120287381605,42.4392582738479,0],[-83.1240715324446,42.4450026713337,0],[-83.1250651423493,42.4465660203115,0],[-83.1129219525197,42.4469663892296,0],[-83.1017290559281,42.4471864596193,0],[-83.0974317365937,42.4468182890296,0],[-83.0902609091711,42.4469948933893,0],[-83.0836164246769,42.4471485940193,0],[-83.0833778578826,42.447018363167,0],[-83.083183695455,42.447165802829,0],[-83.077607092882,42.4472415992121,0],[-83.0751717276772,42.4472746138304,0],[-83.0730084214432,42.4473038964151,0]]]},"properties":{"OBJECTID":5,"ObjectID_1":77,"meapCode":2708,"schoolCode":474,"schoolName":"Nolan Elementary-Middle School","address":"1150 E. Lantz Street","zip":"48203-1376","telephone":"(313) 866-7730","fax":"(313) 866-7725","config":"K - 8, PK, ESE","status":"Active","Mid":1,"High":0,"Type":"Elementary - Middle","shortName":"Nolan","lat":42.437,"lon":-83.1163,"url":"https://nolan.detroitk12.org","NAME":"Nolan","Principal":""}},{"type":"Feature","id":6,"geometry":{"type":"Polygon","coordinates":[[[-83.0431192370317,42.4225710336916,0],[-83.0428520023454,42.4189218291113,0],[-83.0428511133643,42.4189218601722,0],[-83.0416256074493,42.4189642869612,0],[-83.0381573795251,42.4190842822136,0],[-83.0356030462318,42.4191388333245,0],[-83.0355907450589,42.4091722288914,0],[-83.0424692578385,42.3984992191363,0],[-83.0425363959852,42.4043826544414,0],[-83.051550104328,42.4044263647933,0],[-83.0540137615875,42.4044381879703,0],[-83.057062299223,42.4089796792935,0],[-83.0591506172443,42.4082126558008,0],[-83.0684114007611,42.404810545094,0],[-83.0693473833331,42.4044666330986,0],[-83.0704361562694,42.4040665657824,0],[-83.0721286541732,42.4034446302088,0],[-83.0724678006402,42.4032940245478,0],[-83.0727346368496,42.4031755291101,0],[-83.073106145611,42.4030105488402,0],[-83.0734479778408,42.4029068565931,0],[-83.0763919648415,42.4018432165265,0],[-83.0870257471237,42.4149469717577,0],[-83.0895444652392,42.4180878673398,0],[-83.0880168417442,42.4181152377132,0],[-83.0880125384032,42.4181153144395,0],[-83.0837627148246,42.4183565892311,0],[-83.0755275276809,42.418553404449,0],[-83.0633305705193,42.4185126340592,0],[-83.06574644403,42.4218772844893,0],[-83.0641543121861,42.4222268411085,0],[-83.0431192370317,42.4225710336916,0]]]},"properties":{"OBJECTID":6,"ObjectID_1":19,"meapCode":880,"schoolCode":88,"schoolName":"Davison Elementary-Middle School","address":"2800 E. Davison Street","zip":"48212-1680","telephone":"(313) 252-3118","fax":"(313) 866-0919","config":"K - 8, PK, ESE","status":"Active","Mid":1,"High":0,"Type":"Elementary - Middle","shortName":"Davison","lat":42.4132,"lon":-83.07,"url":"https://davison.detroitk12.org","NAME":"Davison","Principal":"Randall Coleman"}},{"type":"Feature","id":7,"geometry":{"type":"Polygon","coordinates":[[[-83.1787039940078,42.3926312195679,0],[-83.1787042603818,42.3926311368176,0],[-83.1787068862974,42.3926977630687,0],[-83.1787915977118,42.3948226493523,0],[-83.1789015246805,42.3972479955317,0],[-83.1790225697218,42.3998810863547,0],[-83.1791207046678,42.402078060954,0],[-83.1791951897889,42.4037568417128,0],[-83.1787769601712,42.4037635481575,0],[-83.1708804206718,42.4038898926667,0],[-83.1597580037403,42.4041863669854,0],[-83.1597666098788,42.4043228572531,0],[-83.1597865626263,42.4046919580727,0],[-83.1598006302252,42.4050010305393,0],[-83.1620222797556,42.4064158922773,0],[-83.1635317747114,42.4074950764232,0],[-83.1663962105673,42.4102292893974,0],[-83.1662003904364,42.41061069677,0],[-83.1661770330949,42.41062665511,0],[-83.1658513870886,42.4108491439155,0],[-83.1658922878079,42.4119359169114,0],[-83.1600984657566,42.4120049549796,0],[-83.1601047271413,42.4121439737659,0],[-83.1601762998025,42.4137960443221,0],[-83.1602073491524,42.4145152432959,0],[-83.1603154556011,42.4169300594015,0],[-83.1448663164712,42.4170279866856,0],[-83.1408112857464,42.4170820824294,0],[-83.1405000909517,42.4098922251003,0],[-83.1403585796458,42.4062600932157,0],[-83.1403190095448,42.404763500392,0],[-83.1400225266202,42.3955685881754,0],[-83.1400180092741,42.3954284844742,0],[-83.140400297693,42.3954193912113,0],[-83.1410175582606,42.395404795653,0],[-83.1415709829682,42.395399046945,0],[-83.1421400808378,42.3953931331766,0],[-83.142685729167,42.3953874743772,0],[-83.1432598079314,42.3953815195389,0],[-83.1438205227089,42.3953756538195,0],[-83.144452669093,42.3953695113776,0],[-83.1450810263462,42.3953645572993,0],[-83.1456360022633,42.3953601794725,0],[-83.1461914651609,42.3953558014667,0],[-83.1467525153709,42.3953513781128,0],[-83.1473060440743,42.3953463202005,0],[-83.1478729771183,42.395339276712,0],[-83.1484232286281,42.3953341952978,0],[-83.148974430551,42.3953302018758,0],[-83.1500809721857,42.3953218011369,0],[-83.1511095312147,42.3953132753611,0],[-83.1521359149519,42.395304086741,0],[-83.153163150808,42.395294717876,0],[-83.154189174841,42.3952852367489,0],[-83.155221151253,42.3952757198075,0],[-83.1562475407502,42.3952661339531,0],[-83.157274773088,42.3952569079574,0],[-83.1583017343354,42.3952491104118,0],[-83.158816850361,42.3952454974671,0],[-83.159341990616,42.3952384736292,0],[-83.1598592604555,42.3952301950355,0],[-83.1603986574982,42.3952209785896,0],[-83.1609310100492,42.3952115776543,0],[-83.1614637342914,42.3952018522294,0],[-83.1617935313775,42.3951956271102,0],[-83.1625265588227,42.3951716739693,0],[-83.1633743223779,42.395151192594,0],[-83.1635982719964,42.3951484633889,0],[-83.1690447576478,42.3950289443166,0],[-83.1689967046327,42.3936126842387,0],[-83.1689722224787,42.3935446476697,0],[-83.1689640008877,42.3933761382622,0],[-83.1749522457572,42.3933290453691,0],[-83.1775874054651,42.3929794052368,0],[-83.1787029113723,42.3926315575932,0],[-83.1787039940078,42.3926312195679,0]]]},"properties":{"OBJECTID":7,"ObjectID_1":31,"meapCode":1518,"schoolCode":141,"schoolName":"Mary McLeod Bethune Elementary-Middle School","address":"8145 Puritan Street","zip":"48227-4068","telephone":"(313) 494-3830","fax":"(313) 494-3829","config":"K - 8, PK, ESE","status":"Active","Mid":1,"High":0,"Type":"Elementary - Middle","shortName":"Bethune","lat":42.4097,"lon":-83.1515,"url":"https://bethune.detroitk12.org","NAME":"Bethune","Principal":"William Jackson"}},{"type":"Feature","id":8,"geometry":{"type":"Polygon","coordinates":[[[-82.9776868032849,42.4350760642088,0],[-82.9794789424504,42.4323574454731,0],[-82.9796691354093,42.432069202494,0],[-82.9800668694665,42.4314666351494,0],[-82.9801575793696,42.4313283574421,0],[-82.9806419985871,42.4305947159787,0],[-82.9811699541897,42.4297935174962,0],[-82.9816653172896,42.4290430280005,0],[-82.9817302171555,42.4289446831448,0],[-82.9819317268046,42.4286384230257,0],[-82.983059683706,42.426927991587,0],[-82.9846213356785,42.4268499478509,0],[-82.9847879906434,42.4268103754264,0],[-82.9848798692942,42.42678862215,0],[-82.9857696975027,42.4264735785921,0],[-82.9868044304395,42.426107253404,0],[-82.9878265543377,42.4257443675971,0],[-82.9888723920059,42.4253693345439,0],[-82.9890712290301,42.4252920585672,0],[-82.989179842551,42.4252497951948,0],[-82.9900702695881,42.4249331950294,0],[-82.9910945066008,42.4245687274507,0],[-82.9915866323006,42.4243935619297,0],[-82.9921352698116,42.4241992336917,0],[-82.9926822048977,42.4240045157907,0],[-82.9932310554833,42.4238095780396,0],[-82.993785838595,42.4236125789759,0],[-82.9943739205613,42.4234031331942,0],[-82.9948623329326,42.4232276945575,0],[-82.9953600428611,42.4230485699161,0],[-82.9955515100466,42.4229796577296,0],[-82.995826661316,42.4228806113385,0],[-82.9963088004982,42.4227070537997,0],[-82.9967773568459,42.4225383836133,0],[-82.997259644818,42.4223641143698,0],[-82.9977356863462,42.4221919288481,0],[-82.997920171611,42.4221252696904,0],[-82.9981153155554,42.4220546867551,0],[-82.998968527069,42.4217476137922,0],[-82.9999145074732,42.4214076058235,0],[-83.0001555672752,42.4213210941751,0],[-83.0013589282735,42.4208880548854,0],[-83.0025595662412,42.4204565010566,0],[-83.0031502151228,42.4202436197947,0],[-83.0040129917731,42.4199346875306,0],[-83.0051939212392,42.4199364149235,0],[-83.0064532072157,42.4199006241113,0],[-83.0076795881222,42.4198635253862,0],[-83.0089311512949,42.4198250035829,0],[-83.0093672304847,42.4198114851868,0],[-83.0103994229409,42.4197794206127,0],[-83.0118754112472,42.4197365219007,0],[-83.0137082462861,42.4196798455873,0],[-83.0136724262395,42.4197814077019,0],[-83.0136915302897,42.4200090177777,0],[-83.0137140094503,42.4202825592818,0],[-83.0137298971457,42.4206258050399,0],[-83.0138497917891,42.4233513357135,0],[-83.0140130632858,42.4269857165614,0],[-83.0140915877098,42.4287842310994,0],[-83.0141705222397,42.4305639317095,0],[-83.0141997511859,42.4312089834266,0],[-83.0142514936237,42.4323508596152,0],[-83.0143002426622,42.433437874996,0],[-83.0143122809708,42.4337067007214,0],[-83.0143208768406,42.4338971191579,0],[-83.0143324245208,42.4341530406569,0],[-83.0143331348612,42.4341687693748,0],[-83.0140996356978,42.4341799470012,0],[-83.0134194786932,42.4342001230129,0],[-83.013245925194,42.4341991367993,0],[-83.0131106521321,42.4341984261701,0],[-83.0129654156086,42.4341975967014,0],[-83.0122108300549,42.4342195801458,0],[-83.0118835172155,42.4342295450705,0],[-83.0111731722007,42.43425168885,0],[-83.0106884677973,42.4342664360331,0],[-83.0101053683397,42.434283788422,0],[-83.0095788317063,42.4342992921138,0],[-83.0088981713921,42.4343201554206,0],[-83.0083916870194,42.434335803145,0],[-83.0078315627421,42.4343530583079,0],[-83.0071334219015,42.4343728016402,0],[-83.0067965936816,42.434378676293,0],[-83.0058660218852,42.4344003143612,0],[-83.005768257268,42.4344000900329,0],[-83.0046833535036,42.4344249332574,0],[-83.0034438402879,42.434460874912,0],[-83.0024332020912,42.4344853043968,0],[-83.0022248543896,42.4344855944687,0],[-83.0010100981838,42.4345280899198,0],[-82.9997568708621,42.4345763018391,0],[-82.9985146956473,42.4346076566254,0],[-82.997283166707,42.4346387452572,0],[-82.9960337353592,42.4346713154379,0],[-82.9948498619585,42.4347019620102,0],[-82.9936252217179,42.4347291323812,0],[-82.9923969877727,42.4347552196414,0],[-82.9911934859448,42.4347814849248,0],[-82.9900042695654,42.4348060736768,0],[-82.9887762424693,42.4348322504102,0],[-82.9875386203268,42.4348609869915,0],[-82.9863365546617,42.4348918761713,0],[-82.9853062685293,42.4349191563867,0],[-82.9851161125,42.4349156743996,0],[-82.984009662304,42.4349310382013,0],[-82.9838867797178,42.4349336139122,0],[-82.98296325509,42.4349601657198,0],[-82.9826788190793,42.4349656163861,0],[-82.9818364096835,42.4349838077109,0],[-82.9806589705459,42.4350086223647,0],[-82.9802722366303,42.4350172314258,0],[-82.9787285683679,42.4350523157149,0],[-82.9776868032849,42.4350760642088,0]]]},"properties":{"OBJECTID":8,"ObjectID_1":72,"meapCode":9341,"schoolCode":423,"schoolName":"Brenda Scott Academy","address":"18440 Hoover","zip":"48205","telephone":"(313) 866-6700","fax":"(313) 866-2693","config":"K - 8, PK, ESE","status":"Active","Mid":1,"High":0,"Type":"Elementary - Middle","shortName":"BrendaScott","lat":42.4294,"lon":-83.0043,"url":"https://brendascott.detroitk12.org","NAME":"Brenda Scott","Principal":"Lawanda Smith"}},{"type":"Feature","id":10,"geometry":{"type":"Polygon","coordinates":[[[-83.0356030462318,42.4191388333245,0],[-83.0381573795251,42.4190842822136,0],[-83.0388798703914,42.4335901383471,0],[-83.0392130412015,42.4480289952765,0],[-83.0392132924158,42.4480398661064,0],[-83.038449116783,42.4480467768717,0],[-83.0345133369539,42.4480822860566,0],[-83.0324057392291,42.44813093328,0],[-83.0259609149088,42.4482794469485,0],[-83.0247423334611,42.4483074871356,0],[-83.0218678686971,42.448376985214,0],[-83.020933299629,42.4484031551755,0],[-83.0150359306208,42.4485681160344,0],[-83.0126633888924,42.4486499045104,0],[-83.0093386200376,42.4487644362709,0],[-83.0070167525607,42.4488896563549,0],[-83.0056678039554,42.4489364857242,0],[-83.0050096562051,42.4489593277874,0],[-83.0050095029156,42.4489593322541,0],[-83.0142801085742,42.4362015144327,0],[-83.0144189717722,42.4355534360523,0],[-83.0143764172337,42.4351062685514,0],[-83.0143641665559,42.4349775360776,0],[-83.0143594123675,42.4348479509731,0],[-83.0143414600942,42.434383949472,0],[-83.0143331348612,42.4341687693748,0],[-83.0143324245208,42.4341530406569,0],[-83.0143208768406,42.4338971191579,0],[-83.0143122809708,42.4337067007214,0],[-83.0143002426622,42.433437874996,0],[-83.0142514936237,42.4323508596152,0],[-83.0141997511859,42.4312089834266,0],[-83.0141705222397,42.4305639317095,0],[-83.0140915877098,42.4287842310994,0],[-83.0140130632858,42.4269857165614,0],[-83.0138497917891,42.4233513357135,0],[-83.0137298971457,42.4206258050399,0],[-83.0137140094503,42.4202825592818,0],[-83.0136915302897,42.4200090177777,0],[-83.0136724262395,42.4197814077019,0],[-83.0137082462861,42.4196798455873,0],[-83.0236915519763,42.4193642440507,0],[-83.0356030462318,42.4191388333245,0]]]},"properties":{"OBJECTID":10,"ObjectID_1":39,"meapCode":2377,"schoolCode":211,"schoolName":"Marion Law Academy","address":"19411 Cliff Avenue","zip":"48234","telephone":"(313) 866-3400","fax":"(313) 866-6200","config":"K - 8, PK, ESE","status":"Active","Mid":1,"High":0,"Type":"Elementary - Middle","shortName":"Law","lat":42.4375,"lon":-83.0288,"url":"https://law.detroitk12.org","NAME":"Law","Principal":"Denise M. Allen"}},{"type":"Feature","id":11,"geometry":{"type":"Polygon","coordinates":[[[-83.149103903447,42.3305655671073,0],[-83.1388196198006,42.3319855996916,0],[-83.1375834180301,42.3321585019846,0],[-83.1368578720699,42.3322599739886,0],[-83.1347959773405,42.3330749018024,0],[-83.1331992501804,42.3337059407584,0],[-83.1307593272091,42.3345595395218,0],[-83.1300752955789,42.3347988325057,0],[-83.1300709108026,42.3348006809483,0],[-83.1277430189496,42.3357818204289,0],[-83.1250029331717,42.3369365876783,0],[-83.1207707880551,42.3311123243577,0],[-83.1192894046339,42.331111797593,0],[-83.118830756059,42.3311163156371,0],[-83.1168041108114,42.3311362309005,0],[-83.116510107924,42.3311391208414,0],[-83.1156579277527,42.3311459162179,0],[-83.115520555679,42.3311465237193,0],[-83.1153956127983,42.3311467972196,0],[-83.1147064322451,42.331148314819,0],[-83.1139905096068,42.331152568223,0],[-83.1131938473272,42.3311574153162,0],[-83.1130288417049,42.331157408379,0],[-83.1128158604458,42.3311595893327,0],[-83.1117602486869,42.3311638127234,0],[-83.1114657609832,42.331168514742,0],[-83.1106310078873,42.3311741334808,0],[-83.1095064302247,42.3311818475057,0],[-83.1089421928832,42.3311860388991,0],[-83.108155729206,42.3311919946353,0],[-83.1073857779064,42.3311974979128,0],[-83.1058178131032,42.331189418079,0],[-83.1044810490786,42.3312005641426,0],[-83.1029306020423,42.3311359079157,0],[-83.1023857752899,42.3311366705055,0],[-83.1059370092374,42.3262831780524,0],[-83.1072914862336,42.3249329888898,0],[-83.1074076535459,42.3246930367633,0],[-83.1152742411824,42.3236963303946,0],[-83.1312994796659,42.3214200064682,0],[-83.1381923173941,42.3202533591901,0],[-83.1465489146309,42.3189707495298,0],[-83.153200521074,42.3280853482552,0],[-83.1565423958878,42.3272378913804,0],[-83.1565494330523,42.3276667525979,0],[-83.1566222696083,42.327950520946,0],[-83.1566715380916,42.3288655908331,0],[-83.149103903447,42.3305655671073,0]]]},"properties":{"OBJECTID":11,"ObjectID_1":41,"meapCode":858,"schoolCode":224,"schoolName":"Munger Elementary-Middle School","address":"5525 Martin","zip":"48210","telephone":"(313) 457-6200","fax":"(313) 457-6130","config":"K - 8, PK, ESE","status":"Active","Mid":1,"High":0,"Type":"Elementary - Middle","shortName":"Munger","lat":42.338,"lon":-83.1325,"url":"https://munger.detroitk12.org","NAME":"Munger","Principal":"Donnell Burroughs"}},{"type":"Feature","id":12,"geometry":{"type":"Polygon","coordinates":[[[-83.101758788986,42.3214075235989,0],[-83.099813826031,42.3186439928364,0],[-83.1001223815434,42.3185167463768,0],[-83.1006580167329,42.3182959152003,0],[-83.1018236951946,42.3178167610571,0],[-83.1021240222607,42.3176934359713,0],[-83.0883982267714,42.2986381737014,0],[-83.0912222353491,42.2958076674144,0],[-83.0953501854941,42.3016318823262,0],[-83.0979847397953,42.3006503287443,0],[-83.0988797768635,42.2996959635151,0],[-83.1002088717926,42.301535980216,0],[-83.1020230612557,42.3008097269716,0],[-83.1053716761435,42.305345636121,0],[-83.1035563256049,42.3061416596413,0],[-83.1100706559223,42.3151415206543,0],[-83.1099269670729,42.316173388012,0],[-83.1152742411824,42.3236963303946,0],[-83.1074076535459,42.3246930367633,0],[-83.1072914862336,42.3249329888898,0],[-83.1020113746938,42.3256522498583,0],[-83.0997369784314,42.3222733446889,0],[-83.101758788986,42.3214075235989,0]]]},"properties":{"OBJECTID":12,"ObjectID_1":52,"meapCode":2669,"schoolCode":270,"schoolName":"Neinas Dual Language Learning Academy","address":"6021 McMillan Street","zip":"48209-1630","telephone":"(313) 849-3701","fax":"(313) 849-4733","config":"K - 8, PK, ESE","status":"Active","Mid":0,"High":0,"Type":"Elementary - Middle","shortName":"Neinas","lat":42.3172,"lon":-83.107,"url":"https://neinas.detroitk12.org","NAME":"Neinas","Principal":"Adriana Rendon"}},{"type":"Feature","id":13,"geometry":{"type":"Polygon","coordinates":[[[-82.984009662304,42.4349310382013,0],[-82.9851161125,42.4349156743996,0],[-82.9853062685293,42.4349191563867,0],[-82.9863365546617,42.4348918761713,0],[-82.9875386203268,42.4348609869915,0],[-82.9887762424693,42.4348322504102,0],[-82.9900042695654,42.4348060736768,0],[-82.9911934859448,42.4347814849248,0],[-82.9923969877727,42.4347552196414,0],[-82.9936252217179,42.4347291323812,0],[-82.9948498619585,42.4347019620102,0],[-82.9960337353592,42.4346713154379,0],[-82.997283166707,42.4346387452572,0],[-82.9985146956473,42.4346076566254,0],[-82.9997568708621,42.4345763018391,0],[-83.0010100981838,42.4345280899198,0],[-83.0022248543896,42.4344855944687,0],[-83.0024332020912,42.4344853043968,0],[-83.0034438402879,42.434460874912,0],[-83.0046833535036,42.4344249332574,0],[-83.005768257268,42.4344000900329,0],[-83.0058660218852,42.4344003143612,0],[-83.0067965936816,42.434378676293,0],[-83.0071334219015,42.4343728016402,0],[-83.0078315627421,42.4343530583079,0],[-83.0083916870194,42.434335803145,0],[-83.0088981713921,42.4343201554206,0],[-83.0095788317063,42.4342992921138,0],[-83.0101053683397,42.434283788422,0],[-83.0106884677973,42.4342664360331,0],[-83.0111731722007,42.43425168885,0],[-83.0118835172155,42.4342295450705,0],[-83.0122108300549,42.4342195801458,0],[-83.0129654156086,42.4341975967014,0],[-83.0131106521321,42.4341984261701,0],[-83.013245925194,42.4341991367993,0],[-83.0134194786932,42.4342001230129,0],[-83.0140996356978,42.4341799470012,0],[-83.0143331348612,42.4341687693748,0],[-83.0143414600942,42.434383949472,0],[-83.0143594123675,42.4348479509731,0],[-83.0143641665559,42.4349775360776,0],[-83.0143764172337,42.4351062685514,0],[-83.0144189717722,42.4355534360523,0],[-83.0142801085742,42.4362015144327,0],[-83.0050095029156,42.4489593322541,0],[-82.9879766079436,42.4493717413903,0],[-82.985652853744,42.4494278040951,0],[-82.9832445191072,42.4494896773172,0],[-82.9709122171566,42.4498057104233,0],[-82.9678140296932,42.4499836744899,0],[-82.9679291796308,42.4498342462116,0],[-82.9685318231415,42.4489436074963,0],[-82.9691414211568,42.4480221426237,0],[-82.969749586309,42.447104078646,0],[-82.9703619696221,42.446181381243,0],[-82.9707721494086,42.445563150095,0],[-82.970978254697,42.4452543210925,0],[-82.9715665578952,42.4443582020578,0],[-82.9721995965069,42.4434035517037,0],[-82.9727981209624,42.4424994005769,0],[-82.9733495111037,42.4416631931434,0],[-82.9739146017723,42.4408151061909,0],[-82.9744547599392,42.4399831392986,0],[-82.9745935471412,42.4397725208862,0],[-82.9749747950657,42.4391940796781,0],[-82.9753633577042,42.4386034811357,0],[-82.9756836146263,42.4381155933391,0],[-82.9764720704879,42.4369198162185,0],[-82.9776868032849,42.4350760642088,0],[-82.9787285683679,42.4350523157149,0],[-82.9802722366303,42.4350172314258,0],[-82.9806589705459,42.4350086223647,0],[-82.9818364096835,42.4349838077109,0],[-82.9826788190793,42.4349656163861,0],[-82.98296325509,42.4349601657198,0],[-82.9838867797178,42.4349336139122,0],[-82.984009662304,42.4349310382013,0]]]},"properties":{"OBJECTID":13,"ObjectID_1":58,"meapCode":3130,"schoolCode":297,"schoolName":"Pulaski Elementary-Middle School","address":"13840 Lappin Avenue","zip":"48205-2328","telephone":"(313) 866-7022","fax":"(313) 866-7011","config":"K - 8, ESE","status":"Active","Mid":1,"High":0,"Type":"Elementary - Middle","shortName":"Pulaski","lat":42.4405,"lon":-82.9988,"url":"https://pulaski.detroitk12.org","NAME":"Pulaski","Principal":""}},{"type":"Feature","id":14,"geometry":{"type":"Polygon","coordinates":[[[-83.1662003904364,42.41061069677,0],[-83.1663962105673,42.4102292893974,0],[-83.1704477799326,42.4140970158697,0],[-83.1725539852209,42.4163065984432,0],[-83.1758932789996,42.4199828546841,0],[-83.1793179965481,42.4237992253873,0],[-83.1755575418195,42.4238690933033,0],[-83.1760084676111,42.4311368644892,0],[-83.1609759012183,42.4313454213866,0],[-83.160902168556,42.4295703370396,0],[-83.1608390580952,42.4277678133601,0],[-83.1607766921864,42.4259709698259,0],[-83.1607109167846,42.4241747201885,0],[-83.1607016182974,42.423920172149,0],[-83.1606170924263,42.4223647568817,0],[-83.1605160524345,42.4205575079291,0],[-83.1604144872591,42.4187400787607,0],[-83.1603350092706,42.4173208639987,0],[-83.1603154556011,42.4169300594015,0],[-83.1602073491524,42.4145152432959,0],[-83.1601762998025,42.4137960443221,0],[-83.1601047271413,42.4121439737659,0],[-83.1600984657566,42.4120049549796,0],[-83.1658922878079,42.4119359169114,0],[-83.1658513870886,42.4108491439155,0],[-83.1661770330949,42.41062665511,0],[-83.1662003904364,42.41061069677,0]]]},"properties":{"OBJECTID":14,"ObjectID_1":63,"meapCode":3420,"schoolCode":328,"schoolName":"Schulze Academy for Technology and Arts","address":"10700 Santa Maria Street","zip":"48221-2334","telephone":"(313) 340-4400","fax":"(313) 340-4401","config":"K - 8, PK, ESE","status":"Active","Mid":1,"High":0,"Type":"Elementary","shortName":"Schulze","lat":42.4194,"lon":-83.1682,"url":"https://schulze.detroitk12.org","NAME":"Schulze","Principal":""}},{"type":"Feature","id":15,"geometry":{"type":"Polygon","coordinates":[[[-83.0388798703914,42.4335901383471,0],[-83.0381573795251,42.4190842822136,0],[-83.0416256074493,42.4189642869612,0],[-83.0428511133643,42.4189218601722,0],[-83.0428520023454,42.4189218291113,0],[-83.0431192370317,42.4225710336916,0],[-83.0641543121861,42.4222268411085,0],[-83.06574644403,42.4218772844893,0],[-83.0736248184858,42.4328922362925,0],[-83.0721640690471,42.4329063545492,0],[-83.0721642117369,42.432908790858,0],[-83.0730084214432,42.4473038964151,0],[-83.0639019218603,42.4473433496303,0],[-83.0540557601409,42.4476604311365,0],[-83.0486310660464,42.4477902359346,0],[-83.0449224234733,42.447888631785,0],[-83.0426695657697,42.4479483442555,0],[-83.0392132924158,42.4480398661064,0],[-83.0392130412015,42.4480289952765,0],[-83.0388798703914,42.4335901383471,0]]]},"properties":{"OBJECTID":15,"ObjectID_1":45,"meapCode":2431,"schoolCode":241,"schoolName":"Mason Academy","address":"19955 Fenelon Street","zip":"48234-2273","telephone":"(313) 866-3700","fax":"(313) 866-3632","config":"K - 8, PK, ESE","status":"Active","Mid":0,"High":0,"Type":"Elementary - Middle","shortName":"Mason","lat":42.4413,"lon":-83.0537,"url":"https://mason.detroitk12.org","NAME":"Mason","Principal":"Adrian Johnson"}},{"type":"Feature","id":16,"geometry":{"type":"Polygon","coordinates":[[[-83.1755575418195,42.4238690933033,0],[-83.1793179965481,42.4237992253873,0],[-83.1875527459936,42.4307919402751,0],[-83.1910092691669,42.4340494937239,0],[-83.1958034580153,42.4387044023124,0],[-83.2041991929086,42.4447308475006,0],[-83.1999205441628,42.4448871927109,0],[-83.1982845422176,42.4449789616856,0],[-83.1932048303974,42.4450942644243,0],[-83.1858641368201,42.4452428267645,0],[-83.181207864459,42.4453377093335,0],[-83.1786741162941,42.4453892596855,0],[-83.1734886220062,42.4454960712376,0],[-83.1674477474987,42.4456616414145,0],[-83.1658563418629,42.4457052055442,0],[-83.1615029491983,42.4457922317805,0],[-83.1614960877258,42.445643984297,0],[-83.1614039220984,42.4432536100683,0],[-83.161305584741,42.4409137239917,0],[-83.1612186490625,42.4388521778469,0],[-83.1612065405656,42.4385101727143,0],[-83.1611543925023,42.436762149632,0],[-83.1611332072124,42.436028290019,0],[-83.1611021340879,42.4350432500065,0],[-83.1610980132066,42.434850678442,0],[-83.1610452894159,42.4337751251244,0],[-83.1610287418203,42.4331514372654,0],[-83.1609759012183,42.4313454213866,0],[-83.1760084676111,42.4311368644892,0],[-83.1755575418195,42.4238690933033,0]]]},"properties":{"OBJECTID":16,"ObjectID_1":67,"meapCode":4292,"schoolCode":367,"schoolName":"Vernor Elementary School","address":"13726 Pembroke Avenue","zip":"48235-1519","telephone":"(313) 494-7342","fax":"(313) 494-7341","config":"K - 8, PK, ESE","status":"Active","Mid":1,"High":0,"Type":"Elementary","shortName":"Vernor","lat":42.4383,"lon":-83.1823,"url":"https://vernor.detroitk12.org","NAME":"Vernor","Principal":""}},{"type":"Feature","id":17,"geometry":{"type":"Polygon","coordinates":[[[-83.1875527459936,42.4307919402751,0],[-83.1935597777778,42.4305938109245,0],[-83.1998686902956,42.4304103565718,0],[-83.2073508720968,42.4303020996433,0],[-83.2138823699254,42.4301583983463,0],[-83.2181309238705,42.4300278725632,0],[-83.2199048558604,42.4299945924845,0],[-83.2204465117135,42.4443305396412,0],[-83.2201244207859,42.4443376032845,0],[-83.2196252551526,42.4443485525551,0],[-83.2167342242112,42.444411915374,0],[-83.2137793441877,42.4444904335256,0],[-83.205938216859,42.4446872669119,0],[-83.2041991929086,42.4447308475006,0],[-83.1958034580153,42.4387044023124,0],[-83.1910092691669,42.4340494937239,0],[-83.1875527459936,42.4307919402751,0]]]},"properties":{"OBJECTID":17,"ObjectID_1":6,"meapCode":4319,"schoolCode":27,"schoolName":"Bow Elementary-Middle School","address":"19801 Prevost Street","zip":"48235-2356","telephone":"(313) 852-0500","fax":"(313) 852-0508","config":"K - 8, PK, ESE","status":"Active","Mid":1,"High":0,"Type":"Elementary - Middle","shortName":"Bow","lat":42.4366,"lon":-83.2048,"url":"https://bow.detroitk12.org","NAME":"Bow","Principal":""}},{"type":"Feature","id":18,"geometry":{"type":"Polygon","coordinates":[[[-83.2102040285259,42.3787322127457,0],[-83.2178253627008,42.3785595029546,0],[-83.2182558022076,42.3889520208204,0],[-83.1982430534875,42.3893474201858,0],[-83.1982201268309,42.3886841428091,0],[-83.1981918837352,42.3878637840398,0],[-83.1981619238062,42.3870507006707,0],[-83.198137511131,42.3866550015602,0],[-83.1980945077243,42.3860846170396,0],[-83.1980433757278,42.3848327394581,0],[-83.198012163316,42.383931058943,0],[-83.1980004824684,42.3837506686681,0],[-83.1979703738482,42.3831375540276,0],[-83.1980277437092,42.3828855610683,0],[-83.1980704690875,42.3826985564455,0],[-83.1981346572542,42.3824714157303,0],[-83.1982683214508,42.3821484931775,0],[-83.1983163742216,42.3818629613179,0],[-83.1983353143284,42.3815408661087,0],[-83.1983301819928,42.3811458830679,0],[-83.1982609690361,42.3800023461072,0],[-83.1982482106407,42.3798029025653,0],[-83.1982391319592,42.3795924978121,0],[-83.1982275135544,42.3794039795307,0],[-83.1982235183219,42.3792327036816,0],[-83.1982187156033,42.3790588939494,0],[-83.1982181576686,42.3789753003007,0],[-83.2102040285259,42.3787322127457,0]]]},"properties":{"OBJECTID":18,"ObjectID_1":21,"meapCode":939,"schoolCode":91,"schoolName":"Dossin Elementary-Middle School","address":"16650 Glendale Street","zip":"48227-1210","telephone":"(313) 866-9390","fax":"(313) 866-9386","config":"K - 8, ESE","status":"Active","Mid":1,"High":0,"Type":"Elementary - Middle","shortName":"Dossin","lat":42.3834,"lon":-83.2108,"url":"https://dossin.detroitk12.org","NAME":"Dossin","Principal":"Victor Frosh"}},{"type":"Feature","id":19,"geometry":{"type":"Polygon","coordinates":[[[-83.014617973424,42.3666385319168,0],[-83.0131350979027,42.3643825183009,0],[-83.0131343610979,42.3643827895441,0],[-83.0104094394752,42.3601100784642,0],[-83.0074595218339,42.3556256783921,0],[-83.004008592126,42.3504040053122,0],[-83.0018213419546,42.3471190113585,0],[-82.9989282091584,42.3431936753854,0],[-83.0064401658732,42.337625686772,0],[-83.0060837285144,42.3316920191907,0],[-83.0140668974074,42.3313191481364,0],[-83.0190153075609,42.3306143946486,0],[-83.0195313972436,42.3304916458089,0],[-83.0224128868632,42.3340695542066,0],[-83.0243593607064,42.3369966848177,0],[-83.0280770771326,42.3354254930478,0],[-83.0296760717419,42.3379757126375,0],[-83.0302062644525,42.3387068900359,0],[-83.0339990768778,42.3443615242073,0],[-83.0358405648098,42.3472748771367,0],[-83.0343004427502,42.3492800624571,0],[-83.0332819918446,42.3506418486732,0],[-83.0320376675339,42.3524934718056,0],[-83.0301893170918,42.3553193575167,0],[-83.0289947209827,42.3571402303027,0],[-83.0277532240242,42.3590332912027,0],[-83.0239535289967,42.3648345040124,0],[-83.0215392698339,42.3684737024899,0],[-83.0235986162968,42.3715956382514,0],[-83.0187530125595,42.373367188405,0],[-83.0187520323621,42.373365624459,0],[-83.0186235780319,42.3728928213945,0],[-83.018459283921,42.3724789413833,0],[-83.0178045311155,42.3714839569027,0],[-83.0164235203228,42.3693852065512,0],[-83.014617973424,42.3666385319168,0]]]},"properties":{"OBJECTID":19,"ObjectID_1":7,"meapCode":446,"schoolCode":32,"schoolName":"Bunche Preparatory Academy","address":"2715 Macomb Street","zip":"48207-3830","telephone":"(313) 494-8350","fax":"(313) 866-7943","config":"K - 8, PK, ESE","status":"Active","Mid":1,"High":0,"Type":"Elementary - Middle","shortName":"Bunche","lat":42.3435,"lon":-83.0247,"url":"https://bunche.detroitk12.org","NAME":"Bunche","Principal":"Nicole Samuel"}},{"type":"Feature","id":20,"geometry":{"type":"Polygon","coordinates":[[[-83.0331705438408,42.379084548017,0],[-83.0334174684445,42.3789511869833,0],[-83.0337479981641,42.3791918740895,0],[-83.0338668798345,42.3792778188307,0],[-83.0342989879325,42.3795903795164,0],[-83.0344677397758,42.3797124740064,0],[-83.0346672868631,42.3798655433769,0],[-83.0347580288091,42.3799555681544,0],[-83.0348175852154,42.3800273089488,0],[-83.0356244319737,42.3811523297359,0],[-83.0369518059164,42.3830031470374,0],[-83.037001426676,42.3830723328674,0],[-83.037516022162,42.3837898578559,0],[-83.0380678418401,42.3845687752911,0],[-83.0386992849033,42.3854820614336,0],[-83.0391581253781,42.3859822109795,0],[-83.0395117239475,42.3863028201004,0],[-83.0396465548082,42.38641190801,0],[-83.0401553509868,42.3868170957676,0],[-83.0411852714172,42.3876373270875,0],[-83.041967134353,42.3882599874807,0],[-83.0427266277594,42.3888646984276,0],[-83.042862256771,42.3889700072773,0],[-83.042948298273,42.3890434461399,0],[-83.0435331936798,42.3895003322787,0],[-83.0436572258605,42.3896063721248,0],[-83.0439818399034,42.3898838931283,0],[-83.044347285552,42.3901799606575,0],[-83.0422934146983,42.3902126463994,0],[-83.0423335393711,42.3923033773942,0],[-83.0423633601821,42.3938571268219,0],[-83.0423993259836,42.3946294640447,0],[-83.0424392325486,42.3966627696006,0],[-83.0424692578385,42.3984992191363,0],[-83.0355907450589,42.4091722288914,0],[-83.0356030462318,42.4191388333245,0],[-83.0236915519763,42.4193642440507,0],[-83.0137082462861,42.4196798455873,0],[-83.0118754112472,42.4197365219007,0],[-83.0103994229409,42.4197794206127,0],[-83.0093672304847,42.4198114851868,0],[-83.0089311512949,42.4198250035829,0],[-83.0076795881222,42.4198635253862,0],[-83.0064532072157,42.4199006241113,0],[-83.0051939212392,42.4199364149235,0],[-83.0040129917731,42.4199346875306,0],[-83.0031502151228,42.4202436197947,0],[-83.0025595662412,42.4204565010566,0],[-83.0013589282735,42.4208880548854,0],[-83.0001555672752,42.4213210941751,0],[-82.9999145074732,42.4214076058235,0],[-82.998968527069,42.4217476137922,0],[-82.9981153155554,42.4220546867551,0],[-82.997920171611,42.4221252696904,0],[-82.9977356863462,42.4221919288481,0],[-82.997259644818,42.4223641143698,0],[-82.9967773568459,42.4225383836133,0],[-82.9963088004982,42.4227070537997,0],[-82.995826661316,42.4228806113385,0],[-82.9955515100466,42.4229796577296,0],[-82.9953600428611,42.4230485699161,0],[-82.9948623329326,42.4232276945575,0],[-82.9943739205613,42.4234031331942,0],[-82.993785838595,42.4236125789759,0],[-82.9932310554833,42.4238095780396,0],[-82.9926822048977,42.4240045157907,0],[-82.9921352698116,42.4241992336917,0],[-82.9915866323006,42.4243935619297,0],[-82.9910945066008,42.4245687274507,0],[-82.9900702695881,42.4249331950294,0],[-82.989179842551,42.4252497951948,0],[-82.9890712290301,42.4252920585672,0],[-82.9888723920059,42.4253693345439,0],[-82.9878265543377,42.4257443675971,0],[-82.9868044304395,42.426107253404,0],[-82.9857696975027,42.4264735785921,0],[-82.9848798692942,42.42678862215,0],[-82.9847879906434,42.4268103754264,0],[-82.9846213356785,42.4268499478509,0],[-82.983059683706,42.426927991587,0],[-82.9835478779447,42.4261937199081,0],[-82.9840859906065,42.4253737766783,0],[-82.9841896424309,42.4252155741304,0],[-82.9846258136361,42.4245526813103,0],[-82.9851540270116,42.4237503511069,0],[-82.985632044995,42.4230243940662,0],[-82.9861538561212,42.4222291300717,0],[-82.9862046244566,42.4221516736375,0],[-82.9863139501738,42.4219847051202,0],[-82.9866710525584,42.4214405807,0],[-82.9868176842354,42.4212177077988,0],[-82.9871629031199,42.4206865125436,0],[-82.9873717783542,42.4203690406516,0],[-82.987689808346,42.4198854159373,0],[-82.9880472188384,42.4193352773089,0],[-82.9882268726842,42.4190584182756,0],[-82.9886966887339,42.4183429744888,0],[-82.9888019621543,42.418181816275,0],[-82.9891478889692,42.4176499936373,0],[-82.9893668566801,42.4173152968556,0],[-82.9894732396482,42.417152766668,0],[-82.9902181019336,42.4160206068883,0],[-82.9909314926937,42.4149312039118,0],[-82.9909962388672,42.4148303949774,0],[-82.9911422277882,42.4146078169806,0],[-82.9911674655086,42.4145709299939,0],[-82.9921043113134,42.4131409555317,0],[-82.9924660610709,42.4125888754087,0],[-82.9932204787506,42.4114371836358,0],[-82.9933753801074,42.4112008064803,0],[-82.9939757577403,42.4102837867675,0],[-82.9944986556012,42.4094807706645,0],[-82.9965573958746,42.406333229775,0],[-82.9974949306005,42.4049078328096,0],[-82.9980406521191,42.4040786448047,0],[-82.9986243980317,42.4031795386276,0],[-82.9987764400527,42.402947133251,0],[-82.999735783842,42.4014761270293,0],[-83.0004515355712,42.4003795037045,0],[-83.0008355246602,42.3997925498596,0],[-83.0013467959107,42.3990091274782,0],[-83.0017062977127,42.3984612209912,0],[-83.0018474430323,42.3982454672096,0],[-83.0022951338552,42.3975607689076,0],[-83.0034796665202,42.3957547160709,0],[-83.0038883171753,42.3951320724947,0],[-83.0039622652178,42.3950295761001,0],[-83.0045180434229,42.3941970335987,0],[-83.0049410264723,42.3935564195272,0],[-83.0052213100751,42.3931311830704,0],[-83.0053754308649,42.3928985628984,0],[-83.0059725926174,42.391995760658,0],[-83.0060297508193,42.3919091053926,0],[-83.0061037319337,42.3917931658126,0],[-83.0062677538593,42.3915356046211,0],[-83.0063654825616,42.3913949178581,0],[-83.0198409432298,42.3859382469611,0],[-83.0273415365221,42.3844144349947,0],[-83.0289004662544,42.3838059170204,0],[-83.029753079167,42.3832212766454,0],[-83.0311234720523,42.3816763462686,0],[-83.031879647054,42.380778076478,0],[-83.0318592609863,42.3807325273614,0],[-83.0318485387946,42.3806944040639,0],[-83.0318477050052,42.3806425307101,0],[-83.0318681181341,42.3805796520082,0],[-83.032363470349,42.3797857307678,0],[-83.0324502957855,42.3796553813712,0],[-83.032625268737,42.3794574969343,0],[-83.0328850860929,42.379256962238,0],[-83.0331705438408,42.379084548017,0]]]},"properties":{"OBJECTID":20,"ObjectID_1":35,"meapCode":5,"schoolCode":165,"schoolName":"A.L. Holmes Academy of Blended Learning","address":"8950 Crane Street","zip":"48213-2273","telephone":"(313) 866-5644","fax":"(313) 866-2299","config":"K - 8, PK, ESE","status":"Active","Mid":1,"High":0,"Type":"Elementary - Middle","shortName":"Holmes","lat":42.3946,"lon":-83.0149,"url":"https://holmes.detroitk12.org","NAME":"Holmes","Principal":"Nicole Armstrong"}},{"type":"Feature","id":21,"geometry":{"type":"Polygon","coordinates":[[[-83.2154067500015,42.336133674029,0],[-83.2153851994078,42.3335823567173,0],[-83.2152687525189,42.3322108471997,0],[-83.2153866559885,42.3303303372958,0],[-83.2153502572351,42.3290173174802,0],[-83.2153582569334,42.3290171438489,0],[-83.2252135117219,42.3288029387254,0],[-83.2271178397668,42.331491459838,0],[-83.2277347835485,42.3323624015311,0],[-83.2279010913387,42.3325971752258,0],[-83.2310680764179,42.3313032481978,0],[-83.2346455317953,42.3298414453507,0],[-83.2346531428108,42.329942472547,0],[-83.2350968950437,42.335831956903,0],[-83.2362635663847,42.335785646023,0],[-83.236522969617,42.3357753473102,0],[-83.2375593526712,42.3357341964263,0],[-83.2378222776562,42.3426477490878,0],[-83.2254330765758,42.3428348895041,0],[-83.2255361815296,42.3465880189614,0],[-83.2170283886329,42.3466355620368,0],[-83.2165620107411,42.3361207953148,0],[-83.2154067500015,42.336133674029,0]]]},"properties":{"OBJECTID":21,"ObjectID_1":12,"meapCode":546,"schoolCode":57,"schoolName":"Carver STEM Academy","address":"18701 Paul Street","zip":"48228-3868","telephone":"(313) 240-6622","fax":"(313) 240-8741","config":"K - 8, PK, ESE","status":"Active","Mid":1,"High":0,"Type":"Elementary - Middle","shortName":"Carver","lat":42.3359,"lon":-83.2233,"url":"https://carver.detroitk12.org","NAME":"Carver","Principal":"DaRhonda Evans"}},{"type":"Feature","id":22,"geometry":{"type":"Polygon","coordinates":[[[-83.2471096726434,42.4005147748459,0],[-83.256824554466,42.4002878674888,0],[-83.2574655976986,42.4146563371873,0],[-83.257619351492,42.4164779160069,0],[-83.2578490850634,42.4187310418218,0],[-83.258140860657,42.4219062729944,0],[-83.2582806758075,42.4291592906985,0],[-83.238306853023,42.4295870089686,0],[-83.2387953724006,42.4439293967889,0],[-83.2373657051159,42.4439607582072,0],[-83.2333110682436,42.4440496057802,0],[-83.2260349912592,42.4442086783419,0],[-83.2256149229967,42.4442178472976,0],[-83.2225056730615,42.4442856694185,0],[-83.2204465117135,42.4443305396412,0],[-83.2199048558604,42.4299945924845,0],[-83.2193368903976,42.4155330971948,0],[-83.2279279039467,42.415369942388,0],[-83.2303641825459,42.4153237448165,0],[-83.2331939163973,42.4152695459124,0],[-83.2360422916259,42.4152004960404,0],[-83.2365856310886,42.4151721456817,0],[-83.237118914122,42.4151443167112,0],[-83.2381976971779,42.4151815833514,0],[-83.238917068809,42.4151611899247,0],[-83.23819737206,42.4006552161485,0],[-83.2426018757913,42.400623725504,0],[-83.2459316143006,42.4005432656556,0],[-83.2471096726434,42.4005147748459,0]]]},"properties":{"OBJECTID":22,"ObjectID_1":24,"meapCode":1134,"schoolCode":107,"schoolName":"Emerson Elementary-Middle School","address":"18240 Huntington Road","zip":"48219-2800","telephone":"(313) 831-9688","fax":"(313) 831-9699","config":"K - 8, PK, ESE","status":"Active","Mid":1,"High":0,"Type":"Elementary - Middle","shortName":"Emerson","lat":42.4233,"lon":-83.2331,"url":"https://emerson.detroitk12.org","NAME":"Emerson","Principal":"Alonzo F. Terry"}},{"type":"Feature","id":23,"geometry":{"type":"Polygon","coordinates":[[[-83.2170427345256,42.3575245851319,0],[-83.217038652348,42.3502633139798,0],[-83.2170283886329,42.3466355620368,0],[-83.2255361815296,42.3465880189614,0],[-83.2254330765758,42.3428348895041,0],[-83.2378222776562,42.3426477490878,0],[-83.2378381647809,42.3430839598147,0],[-83.243202922297,42.3429814346739,0],[-83.2442723056999,42.3428948989555,0],[-83.2466872533864,42.3426356292415,0],[-83.2536151242753,42.3418915584617,0],[-83.2585058471583,42.3417298742493,0],[-83.2608085269687,42.3416950297036,0],[-83.2614572508077,42.3417093178293,0],[-83.262457743178,42.341731347376,0],[-83.2639132035401,42.3416904826934,0],[-83.2639245217322,42.342093590873,0],[-83.2640992277307,42.3425834943337,0],[-83.2642414396137,42.3427931521222,0],[-83.2643452072919,42.3430871992648,0],[-83.264333848945,42.3435700942877,0],[-83.2646035635747,42.3462986510779,0],[-83.2648557884555,42.3489283742076,0],[-83.2656473254365,42.357053621293,0],[-83.2659788998476,42.3570442839955,0],[-83.2660496830724,42.3622718446916,0],[-83.2661649004772,42.3630712386909,0],[-83.2662999226407,42.3667191082889,0],[-83.2665303001733,42.3729458117557,0],[-83.2665858881457,42.3744480856334,0],[-83.2666241737438,42.3768788604653,0],[-83.2666533940303,42.3787339922188,0],[-83.2666534319662,42.3787363875774,0],[-83.2464023647414,42.3789793593761,0],[-83.2463795901071,42.3780025172033,0],[-83.2463325576593,42.3763062859131,0],[-83.2462975209109,42.3749150175426,0],[-83.2462197583247,42.3718269747996,0],[-83.2465191327171,42.3642143390207,0],[-83.2479475423773,42.3642027186445,0],[-83.2476411138733,42.3570761193338,0],[-83.2359290762816,42.3571819402266,0],[-83.2170427345256,42.3575245851319,0]]]},"properties":{"OBJECTID":23,"ObjectID_1":20,"meapCode":925,"schoolCode":90,"schoolName":"Dixon Educational Learning Academy","address":"8401 Trinity Street","zip":"48228-2807","telephone":"(313) 945-1330","fax":"(313) 945-1557","config":"K - 8, PK, ESE","status":"Active","Mid":1,"High":0,"Type":"Elementary - Middle","shortName":"Dixon","lat":42.3538,"lon":-83.2468,"url":"https://dixon.detroitk12.org","NAME":"Dixon","Principal":"Corey Pitts"}},{"type":"Feature","id":24,"geometry":{"type":"Polygon","coordinates":[[[-83.0688412053704,42.3925827268287,0],[-83.0666229040272,42.3897046501208,0],[-83.0624785780897,42.3912412461036,0],[-83.0619281561087,42.3904081229139,0],[-83.0608499342977,42.3889448351125,0],[-83.0577306482803,42.3842462722385,0],[-83.0564373914802,42.3823160016909,0],[-83.0560843693182,42.3818194676217,0],[-83.0558229347156,42.381451748156,0],[-83.0558051468916,42.3813964335327,0],[-83.0558043014194,42.3813604751086,0],[-83.0549994718388,42.3800649057791,0],[-83.0547386957016,42.3795935933446,0],[-83.0413189290949,42.384620123399,0],[-83.0436572258605,42.3896063721248,0],[-83.0435331936798,42.3895003322787,0],[-83.042948298273,42.3890434461399,0],[-83.042862256771,42.3889700072773,0],[-83.0427266277594,42.3888646984276,0],[-83.041967134353,42.3882599874807,0],[-83.0411852714172,42.3876373270875,0],[-83.0401553509868,42.3868170957676,0],[-83.0396465548082,42.38641190801,0],[-83.0395117239475,42.3863028201004,0],[-83.0391581253781,42.3859822109795,0],[-83.0386992849033,42.3854820614336,0],[-83.0380678418401,42.3845687752911,0],[-83.037516022162,42.3837898578559,0],[-83.037001426676,42.3830723328674,0],[-83.0369518059164,42.3830031470374,0],[-83.0356244319737,42.3811523297359,0],[-83.0348175852154,42.3800273089488,0],[-83.0347580288091,42.3799555681544,0],[-83.0346672868631,42.3798655433769,0],[-83.0344677397758,42.3797124740064,0],[-83.0342989879325,42.3795903795164,0],[-83.0338668798345,42.3792778188307,0],[-83.0337479981641,42.3791918740895,0],[-83.0334174684445,42.3789511869833,0],[-83.0331705438408,42.379084548017,0],[-83.0328850860929,42.379256962238,0],[-83.032625268737,42.3794574969343,0],[-83.0324502957855,42.3796553813712,0],[-83.032363470349,42.3797857307678,0],[-83.0318681181341,42.3805796520082,0],[-83.0318477050052,42.3806425307101,0],[-83.0318485387946,42.3806944040639,0],[-83.0318592609863,42.3807325273614,0],[-83.031879647054,42.380778076478,0],[-83.0311234720523,42.3816763462686,0],[-83.024388072571,42.3713085846784,0],[-83.0385761719644,42.3661376073856,0],[-83.0540663122687,42.3605389062428,0],[-83.0586625191715,42.3589526019299,0],[-83.0619624372389,42.3573869189714,0],[-83.0641265740204,42.3565250829868,0],[-83.064378364297,42.3569085314083,0],[-83.0681118017442,42.3625935071995,0],[-83.068658329806,42.3634256182331,0],[-83.069072368628,42.3639866981014,0],[-83.0699259400061,42.3651433649579,0],[-83.073327250836,42.3702657319536,0],[-83.0805670659827,42.3810836620245,0],[-83.088656218081,42.3931004980962,0],[-83.0738326358507,42.3987189968117,0],[-83.0737044691475,42.3985625310971,0],[-83.0731318713252,42.3978634973698,0],[-83.0727926689076,42.397449385623,0],[-83.0727418530288,42.397387347118,0],[-83.0712536465779,42.3955704080566,0],[-83.0688412053704,42.3925827268287,0]]]},"properties":{"OBJECTID":24,"ObjectID_1":3,"meapCode":176,"schoolCode":15,"schoolName":"Golightly Education Center","address":"5536 St. Antoine Street","zip":"48202-3831","telephone":"(313) 870-1101","fax":"(313) 873-3160","config":"K - 8, PK, ESE","status":"Active","Mid":1,"High":0,"Type":"Elementary - Middle","shortName":"GolightlyEducationCenter","lat":42.3649,"lon":-83.059,"url":"https://golightlyeducationcenter.detroitk12.org","NAME":"Golightly","Principal":"Domini Nailer"}},{"type":"Feature","id":25,"geometry":{"type":"Polygon","coordinates":[[[-83.0484628807298,42.3416160309508,0],[-83.0525957074945,42.3395511357546,0],[-83.0527057716974,42.3397149029362,0],[-83.0542457379227,42.3420061494902,0],[-83.0611569301295,42.352286670812,0],[-83.0613455057662,42.3525386902495,0],[-83.0629842171764,42.3547286151951,0],[-83.0641265740204,42.3565250829868,0],[-83.0619624372389,42.3573869189714,0],[-83.0586625191715,42.3589526019299,0],[-83.0540663122687,42.3605389062428,0],[-83.0385761719644,42.3661376073856,0],[-83.024388072571,42.3713085846784,0],[-83.0235986162968,42.3715956382514,0],[-83.0215392698339,42.3684737024899,0],[-83.0239535289967,42.3648345040124,0],[-83.0277532240242,42.3590332912027,0],[-83.0289947209827,42.3571402303027,0],[-83.0303528102387,42.3550694091143,0],[-83.0320376675339,42.3524934718056,0],[-83.0332819918446,42.3506418486732,0],[-83.0343004427502,42.3492800624571,0],[-83.0358405648098,42.3472748771367,0],[-83.0373587336584,42.3453257894582,0],[-83.0387742734072,42.3448155829936,0],[-83.0394142970887,42.3446333541359,0],[-83.0431407722976,42.3435722575287,0],[-83.0481473012599,42.3417888119643,0],[-83.0484628807298,42.3416160309508,0]]]},"properties":{"OBJECTID":25,"ObjectID_1":40,"meapCode":3558,"schoolCode":215,"schoolName":"Spain Elementary-Middle School","address":"3700 Beaubien Street","zip":"48201-2118","telephone":"(313) 494-2081","fax":"(313) 494-1508","config":"K - 8, PK, ESE","status":"Active","Mid":1,"High":0,"Type":"Elementary - Middle","shortName":"Spain","lat":42.3504,"lon":-83.0529,"url":"https://spain.detroitk12.org","NAME":"Spain","Principal":""}},{"type":"Feature","id":26,"geometry":{"type":"Polygon","coordinates":[[[-82.9109353009797,42.4160185165673,0],[-82.9121038418769,42.4134064222995,0],[-82.918698911669,42.3995558696213,0],[-82.9217080260429,42.395297737968,0],[-82.9223897625833,42.3948276770135,0],[-82.9290558708834,42.3922190418542,0],[-82.9333569865134,42.3988255292641,0],[-82.9364858616962,42.4036304810389,0],[-82.9322489524129,42.4051830487886,0],[-82.9320416880348,42.4052597021263,0],[-82.9308730001395,42.4056874956122,0],[-82.929820570831,42.4060730771972,0],[-82.930082075639,42.4064714106134,0],[-82.9309152016812,42.4077606296634,0],[-82.9318797509505,42.4092160188828,0],[-82.9319876309674,42.4093857609853,0],[-82.932737834858,42.4105263475716,0],[-82.9329953115271,42.4109228130566,0],[-82.9331155424033,42.4111053158265,0],[-82.9332211901288,42.4112562096024,0],[-82.9341323318748,42.4126396806505,0],[-82.935204871361,42.4142673918588,0],[-82.9354678466246,42.4146638305386,0],[-82.9363635218793,42.416042495285,0],[-82.9369632818374,42.4158195994392,0],[-82.9374299041437,42.4165036846573,0],[-82.9370442343159,42.416867125852,0],[-82.9346861992143,42.4179788457161,0],[-82.9330403254546,42.4192556675182,0],[-82.9314066648755,42.4210108995822,0],[-82.9319869844374,42.4212222623194,0],[-82.9397683860952,42.4244487948262,0],[-82.9367690778995,42.4283212758974,0],[-82.9377703598494,42.4286907214904,0],[-82.9368455072256,42.4298722369439,0],[-82.9145557024589,42.4206461260022,0],[-82.9142715631246,42.4206105263463,0],[-82.9135851466528,42.420327289347,0],[-82.9133789286644,42.4201548850037,0],[-82.9105255032754,42.4190195721307,0],[-82.9104132250912,42.4190132824939,0],[-82.9105369802206,42.4177986126421,0],[-82.910623977601,42.4171878614656,0],[-82.9109353009797,42.4160185165673,0]]]},"properties":{"OBJECTID":26,"ObjectID_1":44,"meapCode":2390,"schoolCode":236,"schoolName":"Marquette Elementary-Middle School","address":"6145 Canyon Street","zip":"48236-2009","telephone":"(313) 417-9360","fax":"(313) 642-4849","config":"K - 8, PK, ESE","status":"Active","Mid":1,"High":0,"Type":"Elementary - Middle","shortName":"Marquette","lat":42.4198,"lon":-82.9216,"url":"https://marquette.detroitk12.org","NAME":"Marquette","Principal":"Stephanie Barker"}},{"type":"Feature","id":27,"geometry":{"type":"Polygon","coordinates":[[[-82.9599433052783,42.4328964502777,0],[-82.9595573027596,42.4326574912171,0],[-82.9576598175419,42.4326897343106,0],[-82.9544689053142,42.4327692312293,0],[-82.9554071049181,42.4308405870623,0],[-82.9585017385671,42.426826558504,0],[-82.9601189680004,42.4247288591667,0],[-82.9532812998304,42.4219303930881,0],[-82.9560234326046,42.4182524639251,0],[-82.9560767219774,42.4181867663008,0],[-82.9564506316186,42.4183411578051,0],[-82.9570161397231,42.4185749014558,0],[-82.9574706355108,42.4187631447965,0],[-82.9576070965062,42.4188196746556,0],[-82.9589694759923,42.4169898805658,0],[-82.9641501765481,42.4191738429401,0],[-82.9644653835199,42.4187453780242,0],[-82.9643440845178,42.4146256447995,0],[-82.9706750201449,42.414852618993,0],[-82.9714871792739,42.416178026699,0],[-82.9735255559822,42.4154776376381,0],[-82.9793850620316,42.4134640140712,0],[-82.9851613935814,42.411462896477,0],[-82.9872903963385,42.4147161140093,0],[-82.9921043113134,42.4131409555317,0],[-82.9911674655086,42.4145709299939,0],[-82.9911422277882,42.4146078169806,0],[-82.9909962388672,42.4148303949774,0],[-82.9909314926937,42.4149312039118,0],[-82.9902181019336,42.4160206068883,0],[-82.9894732396482,42.417152766668,0],[-82.9893668566801,42.4173152968556,0],[-82.9891478889692,42.4176499936373,0],[-82.9888019621543,42.418181816275,0],[-82.9886966887339,42.4183429744888,0],[-82.9882268726842,42.4190584182756,0],[-82.9880472188384,42.4193352773089,0],[-82.987689808346,42.4198854159373,0],[-82.9873717783542,42.4203690406516,0],[-82.9871629031199,42.4206865125436,0],[-82.9868176842354,42.4212177077988,0],[-82.9866710525584,42.4214405807,0],[-82.9863139501738,42.4219847051202,0],[-82.9862046244566,42.4221516736375,0],[-82.9861538561212,42.4222291300717,0],[-82.985632044995,42.4230243940662,0],[-82.9851540270116,42.4237503511069,0],[-82.9846258136361,42.4245526813103,0],[-82.9841896424309,42.4252155741304,0],[-82.9840859906065,42.4253737766783,0],[-82.9835478779447,42.4261937199081,0],[-82.983059683706,42.426927991587,0],[-82.9819317268046,42.4286384230257,0],[-82.9817302171555,42.4289446831448,0],[-82.9816653172896,42.4290430280005,0],[-82.9811699541897,42.4297935174962,0],[-82.9806419985871,42.4305947159787,0],[-82.9801575793696,42.4313283574421,0],[-82.9800668694665,42.4314666351494,0],[-82.9796691354093,42.432069202494,0],[-82.9794789424504,42.4323574454731,0],[-82.9747376958547,42.4324879371586,0],[-82.969825316444,42.4326027099345,0],[-82.9649090797053,42.4327175723924,0],[-82.9605245955579,42.4328200104796,0],[-82.9604134846384,42.4327405755245,0],[-82.9599433052783,42.4328964502777,0]]]},"properties":{"OBJECTID":27,"ObjectID_1":106,"meapCode":9991,"schoolCode":769,"schoolName":"Brewer Academy","address":"18025 Brock Street","zip":"48205-3522","telephone":"(313) 866-2070","fax":"(313) 866-2098","config":"K - 8, PK, ESE","status":"Active","Mid":1,"High":0,"Type":"Elementary - Middle","shortName":"Brewer","lat":42.4287,"lon":-82.9637,"url":"https://brewer.detroitk12.org","NAME":"Brewer","Principal":"Stephen D. Garcia"}},{"type":"Feature","id":28,"geometry":{"type":"Polygon","coordinates":[[[-82.9643440845178,42.4146256447995,0],[-82.9638818951344,42.405890218585,0],[-82.9637240264465,42.403602789159,0],[-82.9694390946982,42.4022845642157,0],[-82.9729954280439,42.401496679799,0],[-82.9762472464299,42.4007761431781,0],[-82.982184768723,42.3990314149332,0],[-82.9832568352717,42.3986268380358,0],[-82.9859410979685,42.397613784445,0],[-82.9882064963245,42.3959854609952,0],[-82.9889479943579,42.3954016601097,0],[-82.9904639532647,42.394208054333,0],[-82.9921976640158,42.3932234243825,0],[-82.9940562758163,42.3924318271379,0],[-82.9965538564385,42.3919591765703,0],[-83.0016001040228,42.3918098489183,0],[-83.0063654825616,42.3913949178581,0],[-83.0062677538593,42.3915356046211,0],[-83.0061037319337,42.3917931658126,0],[-83.0060297508193,42.3919091053926,0],[-83.0059725926174,42.391995760658,0],[-83.0053754308649,42.3928985628984,0],[-83.0052213100751,42.3931311830704,0],[-83.0049410264723,42.3935564195272,0],[-83.0045180434229,42.3941970335987,0],[-83.0039622652178,42.3950295761001,0],[-83.0038883171753,42.3951320724947,0],[-83.0034796665202,42.3957547160709,0],[-83.0022951338552,42.3975607689076,0],[-83.0018474430323,42.3982454672096,0],[-83.0017062977127,42.3984612209912,0],[-83.0013467959107,42.3990091274782,0],[-83.0008355246602,42.3997925498596,0],[-83.0004515355712,42.4003795037045,0],[-82.999735783842,42.4014761270293,0],[-82.9987764400527,42.402947133251,0],[-82.9986243980317,42.4031795386276,0],[-82.9980406521191,42.4040786448047,0],[-82.9974949306005,42.4049078328096,0],[-82.9965573958746,42.406333229775,0],[-82.9944986556012,42.4094807706645,0],[-82.9939757577403,42.4102837867675,0],[-82.9933753801074,42.4112008064803,0],[-82.9932204787506,42.4114371836358,0],[-82.9924660610709,42.4125888754087,0],[-82.9921043113134,42.4131409555317,0],[-82.9872903963385,42.4147161140093,0],[-82.9851613935814,42.411462896477,0],[-82.9793850620316,42.4134640140712,0],[-82.9735255559822,42.4154776376381,0],[-82.9714871792739,42.416178026699,0],[-82.9706750201449,42.414852618993,0],[-82.9643440845178,42.4146256447995,0]]]},"properties":{"OBJECTID":28,"ObjectID_1":107,"meapCode":3737,"schoolCode":777,"schoolName":"Edward 'Duke' Ellington Conservatory of Music & Art at Beckham Academy","address":"9860 Park Drive","zip":"48213","telephone":"(313) 852-8500","fax":"(313) 852-8511","config":"K - 8, PK, ESE","status":"Active","Mid":1,"High":0,"Type":"Elementary - Middle","shortName":"Ellington","lat":42.4082,"lon":-82.9799,"url":"https://ellington.detroitk12.org","NAME":"Ellington","Principal":"Kimberly Pierce"}},{"type":"Feature","id":29,"geometry":{"type":"Polygon","coordinates":[[[-82.9374299041437,42.4165036846573,0],[-82.9369632818374,42.4158195994392,0],[-82.9363635218793,42.416042495285,0],[-82.9354678466246,42.4146638305386,0],[-82.935204871361,42.4142673918588,0],[-82.9341323318748,42.4126396806505,0],[-82.9332211901288,42.4112562096024,0],[-82.9331155424033,42.4111053158265,0],[-82.9329953115271,42.4109228130566,0],[-82.932737834858,42.4105263475716,0],[-82.9319876309674,42.4093857609853,0],[-82.9318797509505,42.4092160188828,0],[-82.9309152016812,42.4077606296634,0],[-82.930082075639,42.4064714106134,0],[-82.929820570831,42.4060730771972,0],[-82.9308730001395,42.4056874956122,0],[-82.9320416880348,42.4052597021263,0],[-82.9322489524129,42.4051830487886,0],[-82.9364858616962,42.4036304810389,0],[-82.9333569865134,42.3988255292641,0],[-82.9346681240895,42.3983403959949,0],[-82.9358193840192,42.3979498233926,0],[-82.9357196652719,42.3978003021775,0],[-82.9405679970783,42.3959910261476,0],[-82.9470695628518,42.3936200920891,0],[-82.9471311734531,42.3936988568509,0],[-82.9497852673947,42.3927316463643,0],[-82.9510201930459,42.3922689704137,0],[-82.9526397668569,42.3947029452517,0],[-82.9531999059321,42.3955116438367,0],[-82.9541695162384,42.3966600303078,0],[-82.9544826075568,42.3970192184187,0],[-82.9545074958842,42.3970481270698,0],[-82.954623005798,42.3971822898853,0],[-82.9548042519334,42.3973913096355,0],[-82.9558346516556,42.3985752632354,0],[-82.9559540916018,42.39871246914,0],[-82.9561578946187,42.398972520838,0],[-82.956803224568,42.399932292042,0],[-82.9568926551197,42.4000872768985,0],[-82.9569554193108,42.4002202863903,0],[-82.9575325197822,42.4011391591525,0],[-82.9576873033879,42.4015194858397,0],[-82.9577173740339,42.4015933737438,0],[-82.9578316556232,42.4018157546384,0],[-82.9579535367803,42.4019975306147,0],[-82.9589778136978,42.4035218559437,0],[-82.9597790683886,42.4047177271428,0],[-82.9598804160832,42.4048791789008,0],[-82.9561870229812,42.4060397089536,0],[-82.9548559323602,42.4063985357735,0],[-82.9525704366655,42.4070146389404,0],[-82.9516648675867,42.4072587546403,0],[-82.949114692011,42.4081227962213,0],[-82.9487714710888,42.4082714306911,0],[-82.947129610499,42.4093067258639,0],[-82.9430096754431,42.4124756174538,0],[-82.9385840959092,42.4158536805629,0],[-82.9374299041437,42.4165036846573,0]]]},"properties":{"OBJECTID":29,"ObjectID_1":64,"meapCode":4062,"schoolCode":333,"schoolName":"Ronald Brown Academy","address":"11530 E. Outer Drive","zip":"48224-3265","telephone":"(313) 886-2611","fax":"(313) 417-2860","config":"K - 8, PK, ESE","status":"Active","Mid":1,"High":0,"Type":"Elementary - Middle","shortName":"Brown","lat":42.4051,"lon":-82.9485,"url":"https://brown.detroitk12.org","NAME":"Brown","Principal":""}},{"type":"Feature","id":30,"geometry":{"type":"Polygon","coordinates":[[[-82.9515936601305,42.4362954165634,0],[-82.9544689053142,42.4327692312293,0],[-82.9576598175419,42.4326897343106,0],[-82.9595573027596,42.4326574912171,0],[-82.9599433052783,42.4328964502777,0],[-82.9604134846384,42.4327405755245,0],[-82.9605245955579,42.4328200104796,0],[-82.9649090797053,42.4327175723924,0],[-82.969825316444,42.4326027099345,0],[-82.9747376958547,42.4324879371586,0],[-82.9794789424504,42.4323574454731,0],[-82.9776868032849,42.4350760642088,0],[-82.9764720704879,42.4369198162185,0],[-82.9756836146263,42.4381155933391,0],[-82.9753633577042,42.4386034811357,0],[-82.9749747950657,42.4391940796781,0],[-82.9745935471412,42.4397725208862,0],[-82.9744547599392,42.4399831392986,0],[-82.9739146017723,42.4408151061909,0],[-82.9733495111037,42.4416631931434,0],[-82.9727981209624,42.4424994005769,0],[-82.9721995965069,42.4434035517037,0],[-82.9715665578952,42.4443582020578,0],[-82.970978254697,42.4452543210925,0],[-82.9707721494086,42.445563150095,0],[-82.9703619696221,42.446181381243,0],[-82.969749586309,42.447104078646,0],[-82.9691414211568,42.4480221426237,0],[-82.9685318231415,42.4489436074963,0],[-82.9679291796308,42.4498342462116,0],[-82.9678140296932,42.4499836744899,0],[-82.9678123630656,42.4499837701349,0],[-82.9674389321213,42.4500052151929,0],[-82.9561988152639,42.450211187664,0],[-82.9459985151245,42.450372887616,0],[-82.9429967478186,42.4503360293356,0],[-82.9406026972681,42.4503712928147,0],[-82.9422908368953,42.4486056693892,0],[-82.9515936601305,42.4362954165634,0]]]},"properties":{"OBJECTID":30,"ObjectID_1":49,"meapCode":4349,"schoolCode":263,"schoolName":"Fisher Magnet Academy","address":"15510 E. State Fair","zip":"48205-2068","telephone":"(313) 642-4854","fax":"(313) 642-4855","config":"K - 8, PK, ESE","status":"Active","Mid":0,"High":0,"Type":"Elementary","shortName":"Fisher","lat":42.4425,"lon":-82.9614,"url":"https://fisher.detroitk12.org","NAME":"Fisher","Principal":"Shekitra Green"}},{"type":"Feature","id":31,"geometry":{"type":"Polygon","coordinates":[[[-82.9374299041437,42.4165036846573,0],[-82.9385840959092,42.4158536805629,0],[-82.9465873891878,42.4191670334645,0],[-82.9532812998304,42.4219303930881,0],[-82.9601189680004,42.4247288591667,0],[-82.9585017385671,42.426826558504,0],[-82.9554071049181,42.4308405870623,0],[-82.9544689053142,42.4327692312293,0],[-82.9515936601305,42.4362954165634,0],[-82.9509949286215,42.4362710105792,0],[-82.9513474779238,42.4358071436693,0],[-82.9368455072256,42.4298722369439,0],[-82.9377703598494,42.4286907214904,0],[-82.9367690778995,42.4283212758974,0],[-82.9397683860952,42.4244487948262,0],[-82.9319869844374,42.4212222623194,0],[-82.9314066648755,42.4210108995822,0],[-82.9330403254546,42.4192556675182,0],[-82.9346861992143,42.4179788457161,0],[-82.9370442343159,42.416867125852,0],[-82.9374299041437,42.4165036846573,0]]]},"properties":{"OBJECTID":31,"ObjectID_1":10,"meapCode":5553,"schoolCode":55,"schoolName":"Carleton Elementary School","address":"11724 Casino Street","zip":"48224-1173","telephone":"(313) 866-8322","fax":"(313) 748-6129","config":"K - 5, PK, ESE","status":"Active","Mid":0,"High":0,"Type":"Elementary","shortName":"Carleton","lat":42.4275,"lon":-82.9452,"url":"https://carleton.detroitk12.org","NAME":"Carleton","Principal":"Julia Pitts"}},{"type":"Feature","id":32,"geometry":{"type":"Polygon","coordinates":[[[-83.0469433608455,42.3317795278593,0],[-83.0446575388942,42.3287773742599,0],[-83.0429862364173,42.3265821054964,0],[-83.0415590960811,42.324707405137,0],[-83.0409974191253,42.3239695461853,0],[-83.0498015115253,42.3214571801962,0],[-83.0636281573919,42.3168557476518,0],[-83.068548274322,42.3254878359422,0],[-83.0706370049227,42.3246954351963,0],[-83.0734077812732,42.3239167641028,0],[-83.0765893600962,42.3229035596953,0],[-83.0768774117023,42.3228118200537,0],[-83.0792827561319,42.3272431422048,0],[-83.0811721575286,42.3275875687409,0],[-83.0856415423473,42.3275821387106,0],[-83.0859309312562,42.3285982620038,0],[-83.0859167236506,42.3298964000508,0],[-83.0854082137053,42.3305126455929,0],[-83.0853822427051,42.3305441184445,0],[-83.0853905458027,42.3305665196367,0],[-83.0857918925276,42.331457847707,0],[-83.0868496906962,42.3314545036609,0],[-83.0873123523024,42.3314477416068,0],[-83.0876768447682,42.3314524902104,0],[-83.088208426973,42.331451959615,0],[-83.0890405074725,42.3314469258723,0],[-83.0892258323104,42.3314458611635,0],[-83.0903606373949,42.331438284823,0],[-83.0904990607468,42.3314373162169,0],[-83.0906499935505,42.3314362549238,0],[-83.0918727457752,42.3314280020755,0],[-83.0919809012584,42.3314272426282,0],[-83.0921024876896,42.3314264277633,0],[-83.0929965123028,42.3314214062586,0],[-83.0931482906877,42.3314211822041,0],[-83.0932970346996,42.3314212264262,0],[-83.0938060875606,42.3314213432737,0],[-83.0941322261916,42.331413634036,0],[-83.094273260791,42.331410282446,0],[-83.0944262873538,42.3314049564124,0],[-83.0950835712943,42.3313661566633,0],[-83.0954219427779,42.3313397201602,0],[-83.095847363866,42.3313139002238,0],[-83.0967879520878,42.3312696339922,0],[-83.0985273939535,42.3312626882455,0],[-83.0991076870856,42.3312003101461,0],[-83.1023857752899,42.3311366705055,0],[-83.1029306020423,42.3311359079157,0],[-83.1044810490786,42.3312005641426,0],[-83.1058178131032,42.331189418079,0],[-83.1073857779064,42.3311974979128,0],[-83.108155729206,42.3311919946353,0],[-83.1089421928832,42.3311860388991,0],[-83.1095064302247,42.3311818475057,0],[-83.1106310078873,42.3311741334808,0],[-83.1114657609832,42.331168514742,0],[-83.1117602486869,42.3311638127234,0],[-83.1128158604458,42.3311595893327,0],[-83.1130288417049,42.331157408379,0],[-83.1131938473272,42.3311574153162,0],[-83.1139905096068,42.331152568223,0],[-83.1147064322451,42.331148314819,0],[-83.1153956127983,42.3311467972196,0],[-83.115520555679,42.3311465237193,0],[-83.1156579277527,42.3311459162179,0],[-83.116510107924,42.3311391208414,0],[-83.1168041108114,42.3311362309005,0],[-83.118830756059,42.3311163156371,0],[-83.1192894046339,42.331111797593,0],[-83.1207684342551,42.331114313595,0],[-83.1250029331717,42.3369365876783,0],[-83.1246366311381,42.3370782725376,0],[-83.1223431851705,42.3379653691688,0],[-83.1223287353074,42.3379709975509,0],[-83.1185422065608,42.3399998553739,0],[-83.1120052334886,42.3455300890396,0],[-83.1080191601109,42.347584332084,0],[-83.0987508667522,42.3499926356679,0],[-83.08681647191,42.3535935299387,0],[-83.0817664028411,42.3553653717255,0],[-83.068658329806,42.3634256182331,0],[-83.0681118017442,42.3625935071995,0],[-83.064378364297,42.3569085314083,0],[-83.0641265740204,42.3565250829868,0],[-83.0629842171764,42.3547286151951,0],[-83.0613455057662,42.3525386902495,0],[-83.0611569301295,42.352286670812,0],[-83.0542457379227,42.3420061494902,0],[-83.0527057716974,42.3397149029362,0],[-83.0525957074945,42.3395511357546,0],[-83.0508144856448,42.336863024903,0],[-83.0495342707266,42.3351819730493,0],[-83.0481260130319,42.3333326681095,0],[-83.0469433608455,42.3317795278593,0]]]},"properties":{"OBJECTID":32,"ObjectID_1":9,"meapCode":468,"schoolCode":37,"schoolName":"Burton International Academy","address":"2001 Martin Luther King Jr. Blvd.","zip":"48208","telephone":"(313) 596-3800","fax":"(313) 596-3807","config":"K - 8, PK, ESE","status":"Active","Mid":1,"High":0,"Type":"Elementary - Middle","shortName":"Burton","lat":42.3394,"lon":-83.0784,"url":"https://burton.detroitk12.org","NAME":"Burton","Principal":"Chantay Blankenship"}},{"type":"Feature","id":33,"geometry":{"type":"Polygon","coordinates":[[[-83.1493010216462,42.3830740493321,0],[-83.1490767920174,42.3728040755834,0],[-83.1490691198975,42.3724526584095,0],[-83.1520019617726,42.373651346254,0],[-83.1588184992,42.3764195081393,0],[-83.16837745436,42.3803419711867,0],[-83.1833693191914,42.3799616745774,0],[-83.1829356880823,42.3814887174568,0],[-83.1827499536455,42.3821427627268,0],[-83.1829905694446,42.3867918834165,0],[-83.1829910166503,42.3868005155629,0],[-83.1830418605064,42.3877828482428,0],[-83.1830031283255,42.3879457265913,0],[-83.1830030636665,42.3879459978335,0],[-83.1828340275682,42.3886568173474,0],[-83.1825262283854,42.3899511130242,0],[-83.1815836687167,42.3910092232107,0],[-83.1808906798832,42.3914256714076,0],[-83.1808825681435,42.3914305460339,0],[-83.1794505730442,42.3922910643189,0],[-83.1787042603818,42.3926311368176,0],[-83.1787039940078,42.3926312195679,0],[-83.1787029113723,42.3926315575932,0],[-83.1775874054651,42.3929794052368,0],[-83.1749522457572,42.3933290453691,0],[-83.1689640008877,42.3933761382622,0],[-83.1689722224787,42.3935446476697,0],[-83.1689967046327,42.3936126842387,0],[-83.1690447576478,42.3950289443166,0],[-83.1635982719964,42.3951484633889,0],[-83.1633743223779,42.395151192594,0],[-83.1625265588227,42.3951716739693,0],[-83.1617935313775,42.3951956271102,0],[-83.1614637342914,42.3952018522294,0],[-83.1609310100492,42.3952115776543,0],[-83.1603986574982,42.3952209785896,0],[-83.1598592604555,42.3952301950355,0],[-83.159341990616,42.3952384736292,0],[-83.158816850361,42.3952454974671,0],[-83.1583017343354,42.3952491104118,0],[-83.157274773088,42.3952569079574,0],[-83.1562475407502,42.3952661339531,0],[-83.155221151253,42.3952757198075,0],[-83.154189174841,42.3952852367489,0],[-83.153163150808,42.395294717876,0],[-83.1521359149519,42.395304086741,0],[-83.1511095312147,42.3953132753611,0],[-83.1500809721857,42.3953218011369,0],[-83.148974430551,42.3953302018758,0],[-83.1484232286281,42.3953341952978,0],[-83.1478729771183,42.395339276712,0],[-83.1473060440743,42.3953463202005,0],[-83.1467525153709,42.3953513781128,0],[-83.1461914651609,42.3953558014667,0],[-83.1456360022633,42.3953601794725,0],[-83.1450810263462,42.3953645572993,0],[-83.144452669093,42.3953695113776,0],[-83.1438205227089,42.3953756538195,0],[-83.1432598079314,42.3953815195389,0],[-83.142685729167,42.3953874743772,0],[-83.1421400808378,42.3953931331766,0],[-83.1415709829682,42.395399046945,0],[-83.1410175582606,42.395404795653,0],[-83.140400297693,42.3954193912113,0],[-83.1400180092741,42.3954284844742,0],[-83.1398632882886,42.3946581207715,0],[-83.1469995586022,42.3920142536449,0],[-83.1471593303355,42.3919083799467,0],[-83.1479325416567,42.3913960015249,0],[-83.1493153397898,42.3900623480923,0],[-83.1494319871088,42.3899513576123,0],[-83.149320884326,42.3837266946156,0],[-83.1493010216462,42.3830740493321,0]]]},"properties":{"OBJECTID":33,"ObjectID_1":76,"meapCode":6103,"schoolCode":473,"schoolName":"Noble Elementary-Middle School","address":"8646 Fullerton Street","zip":"48238-3033","telephone":"(313) 873-0377","fax":"(313) 873-0398","config":"K - 8, PK, ESE","status":"Active","Mid":1,"High":0,"Type":"Elementary - Middle","shortName":"Noble","lat":42.3814,"lon":-83.1553,"url":"https://noble.detroitk12.org","NAME":"Noble","Principal":""}},{"type":"Feature","id":34,"geometry":{"type":"Polygon","coordinates":[[[-83.0857918925276,42.331457847707,0],[-83.0853905458027,42.3305665196367,0],[-83.0853822427051,42.3305441184445,0],[-83.0854082137053,42.3305126455929,0],[-83.0859167236506,42.3298964000508,0],[-83.0859309312562,42.3285982620038,0],[-83.0856415423473,42.3275821387106,0],[-83.0811721575286,42.3275875687409,0],[-83.0792827561319,42.3272431422048,0],[-83.0768774117023,42.3228118200537,0],[-83.0765893600962,42.3229035596953,0],[-83.0734077812732,42.3239167641028,0],[-83.0706370049227,42.3246954351963,0],[-83.068548274322,42.3254878359422,0],[-83.0636281573919,42.3168557476518,0],[-83.0735193770512,42.3108874914396,0],[-83.078177114553,42.3085712396428,0],[-83.0800111092555,42.3071698068682,0],[-83.0838624362624,42.3032550573519,0],[-83.0959100489793,42.3197595901576,0],[-83.0905680864122,42.3218867418114,0],[-83.0941728916154,42.3269081824776,0],[-83.1020113746938,42.3256522498583,0],[-83.1072914862336,42.3249329888898,0],[-83.1059370092374,42.3262831780524,0],[-83.1023857752899,42.3311366705055,0],[-83.0991076870856,42.3312003101461,0],[-83.0985273939535,42.3312626882455,0],[-83.0967879520878,42.3312696339922,0],[-83.095847363866,42.3313139002238,0],[-83.0954219427779,42.3313397201602,0],[-83.0950835712943,42.3313661566633,0],[-83.0944262873538,42.3314049564124,0],[-83.094273260791,42.331410282446,0],[-83.0941322261916,42.331413634036,0],[-83.0938060875606,42.3314213432737,0],[-83.0932970346996,42.3314212264262,0],[-83.0931482906877,42.3314211822041,0],[-83.0929965123028,42.3314214062586,0],[-83.0921024876896,42.3314264277633,0],[-83.0919809012584,42.3314272426282,0],[-83.0918727457752,42.3314280020755,0],[-83.0906499935505,42.3314362549238,0],[-83.0904990607468,42.3314373162169,0],[-83.0903606373949,42.331438284823,0],[-83.0892258323104,42.3314458611635,0],[-83.0890405074725,42.3314469258723,0],[-83.088208426973,42.331451959615,0],[-83.0876768447682,42.3314524902104,0],[-83.0873123523024,42.3314477416068,0],[-83.0868496906962,42.3314545036609,0],[-83.0857918925276,42.331457847707,0]]]},"properties":{"OBJECTID":34,"ObjectID_1":74,"meapCode":860,"schoolCode":432,"schoolName":"Earhart Elementary-Middle School","address":"1000 Scotten Street","zip":"48209","telephone":"(313) 849-3945","fax":"(313) 457-2849","config":"K - 8, PK, ESE","status":"Active","Mid":1,"High":0,"Type":"Elementary - Middle","shortName":"Earhart","lat":42.316,"lon":-83.0895,"url":"https://earhart.detroitk12.org","NAME":"Earhart","Principal":"Anisa Proud"}},{"type":"Feature","id":35,"geometry":{"type":"Polygon","coordinates":[[[-83.1502867931979,42.296022805561,0],[-83.1496299354805,42.2954399859198,0],[-83.1493856825589,42.2951207490506,0],[-83.1492242890153,42.2942656856168,0],[-83.1489396444336,42.2935989791802,0],[-83.148500206847,42.2931836540449,0],[-83.1480149172337,42.2928309922824,0],[-83.1473314054958,42.2927392507116,0],[-83.1469393688142,42.292779121091,0],[-83.1465722592678,42.2929498429482,0],[-83.1458853996298,42.2932292365679,0],[-83.1452635657707,42.2934579015866,0],[-83.1448928875346,42.29355804931,0],[-83.1431078871102,42.2911540434209,0],[-83.14021794406,42.2865591156013,0],[-83.1402157380009,42.2865556081216,0],[-83.1373357211349,42.2827170150534,0],[-83.1375219149536,42.2827892284261,0],[-83.1403591433852,42.279464353311,0],[-83.1435251681187,42.2757330824758,0],[-83.1497304299357,42.2684322569111,0],[-83.1549006061825,42.2621478670915,0],[-83.1589256677857,42.2573656764544,0],[-83.16085094622,42.2551895657748,0],[-83.1610433152047,42.2549585541502,0],[-83.1612609658953,42.2551285127994,0],[-83.161486191269,42.2553342141577,0],[-83.1617115078458,42.255579356635,0],[-83.1627275259222,42.256889683686,0],[-83.163052701231,42.2572432095718,0],[-83.1632600709101,42.2574264798412,0],[-83.1634853685065,42.2575976947784,0],[-83.1644682817083,42.2582251626635,0],[-83.1652867907828,42.2587488634013,0],[-83.1655911615823,42.2589687237398,0],[-83.1657609822652,42.2590945968031,0],[-83.1663918950546,42.2596364709252,0],[-83.1665327291831,42.2598138972341,0],[-83.1666353109806,42.2599887582989,0],[-83.1667087298461,42.2601673622393,0],[-83.1667516745584,42.2603361002789,0],[-83.1667705750655,42.2605071030245,0],[-83.1667665477533,42.2606917298952,0],[-83.1667697438192,42.2610746995063,0],[-83.166784508098,42.2612844660661,0],[-83.1668265371004,42.2615640311957,0],[-83.1668918089616,42.2618326775511,0],[-83.1669145009854,42.2618755961413,0],[-83.1669962896272,42.261971902999,0],[-83.1672555027207,42.2622786164409,0],[-83.1677881635933,42.263262614176,0],[-83.1680218453938,42.2636938503137,0],[-83.1681013504205,42.2638147118605,0],[-83.1681796455521,42.2639101714284,0],[-83.1682523946079,42.263985042563,0],[-83.1683320077939,42.264056023618,0],[-83.1684181301114,42.2641226633331,0],[-83.1685104013153,42.2641845941287,0],[-83.1686091971568,42.2642413742699,0],[-83.1687163292706,42.2642932867011,0],[-83.1688310600224,42.2643408701384,0],[-83.1689436446726,42.2643803263921,0],[-83.1690674505087,42.2644161194733,0],[-83.1692259300336,42.2644516493784,0],[-83.1693720422292,42.2644746212707,0],[-83.1698990904293,42.2645745995084,0],[-83.1697686823875,42.2647550124421,0],[-83.169683609528,42.2648313240396,0],[-83.1686545594019,42.2659718770659,0],[-83.1681497373146,42.2665941462153,0],[-83.1673441245344,42.2675871511176,0],[-83.1621266285646,42.2737158168174,0],[-83.1582319382168,42.2788420896468,0],[-83.1597228060519,42.2801597594745,0],[-83.1614638073785,42.2818551018658,0],[-83.1618684959864,42.2823296770534,0],[-83.1621759794945,42.2827898004723,0],[-83.162442183691,42.2833348422977,0],[-83.1629389456845,42.2844504766654,0],[-83.1631720301578,42.2849214240906,0],[-83.1637987485507,42.286052930058,0],[-83.1641568207206,42.2866774551279,0],[-83.1645549719283,42.2870784782787,0],[-83.1649727525613,42.2874496494656,0],[-83.165249211922,42.2877010872303,0],[-83.1664274739348,42.2886961234489,0],[-83.1666473611203,42.2889037600154,0],[-83.1667570622208,42.2890261141036,0],[-83.1670137573818,42.2894572348556,0],[-83.1670659261735,42.2895695375405,0],[-83.1660877334105,42.2898149295755,0],[-83.1652648357033,42.2900537265513,0],[-83.1646852241012,42.290309578717,0],[-83.1642521588032,42.2905784395446,0],[-83.1630281888541,42.2912544145052,0],[-83.1626568860018,42.2914231372894,0],[-83.1622291896598,42.2915883507211,0],[-83.1619789399503,42.291742584991,0],[-83.1617246558483,42.2918450269115,0],[-83.1614738606452,42.2918710749564,0],[-83.1612490619288,42.2918543179116,0],[-83.1609492557925,42.2918856386708,0],[-83.1604605904049,42.2919135460763,0],[-83.1586564173803,42.2919485340118,0],[-83.1583207270475,42.2920147490927,0],[-83.1580900746401,42.2921525373416,0],[-83.1578376738016,42.2924276295437,0],[-83.1577924226078,42.2926711391167,0],[-83.1577789673696,42.2930350032499,0],[-83.1578244062557,42.2932256985065,0],[-83.1579151640059,42.2934405084592,0],[-83.1580165329681,42.2935924041892,0],[-83.1581256299912,42.293744493837,0],[-83.1582190110991,42.2939019307738,0],[-83.1582476853975,42.2941209219875,0],[-83.1582387718476,42.294315989963,0],[-83.1581661969159,42.2945496616713,0],[-83.1580008904203,42.2947809988844,0],[-83.1577615954079,42.2949546073902,0],[-83.1574661932481,42.2951043969801,0],[-83.1571527671183,42.2952248848805,0],[-83.1564901258435,42.2953345514489,0],[-83.1560709824677,42.2953641924069,0],[-83.1556045088533,42.2954663515498,0],[-83.1553500403601,42.2955336064597,0],[-83.1547991133229,42.2955737416901,0],[-83.1544696147472,42.2955457851003,0],[-83.1541121123075,42.295551501618,0],[-83.1536177349169,42.2956569053975,0],[-83.1514809761089,42.2963442968677,0],[-83.151164485241,42.2964138392027,0],[-83.150936993174,42.296411686844,0],[-83.1506863277501,42.2962819406274,0],[-83.1502867931979,42.296022805561,0]]]},"properties":{"OBJECTID":35,"ObjectID_1":43,"meapCode":2383,"schoolCode":235,"schoolName":"Mark Twain School for Scholars","address":"12800 Visger Street","zip":"48217-1056","telephone":"(313) 386-5530","fax":"(313) 386-5965","config":"K - 8, PK, ESE","status":"Active","Mid":1,"High":0,"Type":"Elementary - Middle","shortName":"Twain","lat":42.2697,"lon":-83.1626,"url":"https://twain.detroitk12.org","NAME":"Twain","Principal":"Jemel Hence"}},{"type":"Feature","id":36,"geometry":{"type":"Polygon","coordinates":[[[-83.1025959296584,42.3880839228895,0],[-83.101028654379,42.3857888182523,0],[-83.1049624677106,42.3843887066018,0],[-83.1047892800804,42.3841375884229,0],[-83.1045155480153,42.3837411647366,0],[-83.1042333994092,42.3833290005825,0],[-83.1039344234114,42.3828918318219,0],[-83.1034189366938,42.3820894847599,0],[-83.1027679742156,42.381178725,0],[-83.1026491020606,42.3810036251628,0],[-83.102310137585,42.3805063445836,0],[-83.1019665606242,42.3800033372499,0],[-83.1018467270951,42.3798279556913,0],[-83.1015636794478,42.3794126914992,0],[-83.1012689872083,42.3789788368382,0],[-83.1009759380323,42.3785480601289,0],[-83.1006806456151,42.3781143799324,0],[-83.100387119868,42.3776832496381,0],[-83.1000850952991,42.3772467780157,0],[-83.0998896250302,42.3769580962414,0],[-83.0996641562249,42.3767309321919,0],[-83.0993043701495,42.3764390722937,0],[-83.0994506052844,42.37638218131,0],[-83.1028812951945,42.3751202229426,0],[-83.1049646206829,42.3743457309506,0],[-83.1055772455764,42.3741176235171,0],[-83.1061833824394,42.3738918718696,0],[-83.1079907680733,42.3732187245479,0],[-83.1084987432114,42.3730298520851,0],[-83.1087895731578,42.3734695867175,0],[-83.1176226572712,42.3701479440059,0],[-83.118209199595,42.3699264154492,0],[-83.1193619453613,42.3694916796791,0],[-83.1199193624381,42.3692808072467,0],[-83.1202459183525,42.3691567169284,0],[-83.1211278378737,42.3688262124348,0],[-83.121581824898,42.3686568902841,0],[-83.1220500236967,42.3684815661526,0],[-83.1224893235387,42.3683161356867,0],[-83.1231213367098,42.3680776127911,0],[-83.1233718883304,42.3679831143915,0],[-83.1236875261742,42.367863936959,0],[-83.1243325965292,42.3676242303998,0],[-83.1244947140913,42.3675639879037,0],[-83.1248906249593,42.3674156492202,0],[-83.1258242011264,42.3670554367696,0],[-83.126559272951,42.3667772812837,0],[-83.1269044166653,42.3666358318708,0],[-83.1278009925454,42.3663051878483,0],[-83.1286965771764,42.365966796161,0],[-83.1304802552672,42.3653049468947,0],[-83.1305887315765,42.3652597335172,0],[-83.1306651290792,42.3652068334765,0],[-83.1308723854125,42.3649246295588,0],[-83.1309559760774,42.3648094662222,0],[-83.1311555899432,42.3645265501497,0],[-83.1312868568565,42.3643529387186,0],[-83.1314830847929,42.3641141054071,0],[-83.1386607585381,42.3670530609979,0],[-83.1390383901363,42.3672060816611,0],[-83.1401087772642,42.3676928761306,0],[-83.1433342918041,42.369159682293,0],[-83.1443160851512,42.3696061220155,0],[-83.1448291525692,42.3707805996564,0],[-83.1448468770657,42.3708211729287,0],[-83.1448665931799,42.3708287917209,0],[-83.1490691198975,42.3724526584095,0],[-83.1490767920174,42.3728040755834,0],[-83.1493010216462,42.3830740493321,0],[-83.149320884326,42.3837266946156,0],[-83.1494319871088,42.3899513576123,0],[-83.1493153397898,42.3900623480923,0],[-83.1479325416567,42.3913960015249,0],[-83.1471593303355,42.3919083799467,0],[-83.1469995586022,42.3920142536449,0],[-83.1398632882886,42.3946581207715,0],[-83.1395037897203,42.3864969227665,0],[-83.1394694789733,42.3865072675526,0],[-83.1393400908615,42.3865462788206,0],[-83.1386758006165,42.386746559422,0],[-83.1358356691948,42.3878499362015,0],[-83.1353601922304,42.3880346457417,0],[-83.1308609331246,42.3897331173919,0],[-83.11319230122,42.396289415045,0],[-83.1107864133708,42.3976454088272,0],[-83.1107115889988,42.3976875798559,0],[-83.1093657912183,42.3984460412768,0],[-83.1090625878761,42.3986169147778,0],[-83.1090624686875,42.3986169818882,0],[-83.1090529962968,42.398602905568,0],[-83.1089065223311,42.3983852292219,0],[-83.1086410657959,42.3979907270458,0],[-83.107125801216,42.3957387439193,0],[-83.1070362671316,42.3955823930302,0],[-83.105764321468,42.3933611233927,0],[-83.1052402430541,42.3926202957714,0],[-83.1046493290842,42.3917849664143,0],[-83.1040980814056,42.3910056868755,0],[-83.1038121181275,42.3906026925345,0],[-83.1037542140272,42.3905210903644,0],[-83.1029967165198,42.3894535552766,0],[-83.1021240471915,42.3882565149929,0],[-83.1025959296584,42.3880839228895,0]]]},"properties":{"OBJECTID":36,"ObjectID_1":73,"meapCode":975,"schoolCode":430,"schoolName":"Durfee Elementary-Middle School","address":"2425 Tuxedo Street","zip":"48206-1222","telephone":"(313) 252-3070","fax":"(313) 866-0914","config":"K - 8, ESE","status":"Active","Mid":1,"High":0,"Type":"Elementary - Middle","shortName":"Durfee","lat":42.3816,"lon":-83.1101,"url":"https://durfee.detroitk12.org","NAME":"Durfee","Principal":"LaToyia Webb"}},{"type":"Feature","id":37,"geometry":{"type":"Polygon","coordinates":[[[-82.9758397282876,42.3893306843591,0],[-82.9760199914628,42.3892860953495,0],[-82.9767717393425,42.3895042853781,0],[-82.9771519064349,42.3896351545188,0],[-82.9784922446331,42.3900965542618,0],[-82.9787680544396,42.3902131078019,0],[-82.9788495225923,42.3902475088976,0],[-82.9791530996379,42.3904209470428,0],[-82.9794611875504,42.3906210918196,0],[-82.9802723031107,42.3911480163303,0],[-82.9806271898444,42.3913784888406,0],[-82.9808310200587,42.391510860604,0],[-82.9813973996125,42.3918787982306,0],[-82.9821305967003,42.3923550952111,0],[-82.9823472149642,42.3925013523325,0],[-82.9826125156066,42.3926434301035,0],[-82.9832072142081,42.3929362368985,0],[-82.9836185500089,42.3931419110091,0],[-82.9837713393427,42.3932306617635,0],[-82.9838799116253,42.3933030266188,0],[-82.9842553641323,42.3935945601174,0],[-82.9847795914715,42.3940357510475,0],[-82.9849141272921,42.3941426466191,0],[-82.9851230535303,42.3943079196477,0],[-82.9858145531464,42.3946889853948,0],[-82.9863646604142,42.3950869032409,0],[-82.9882064963245,42.3959854609952,0],[-82.9859410979685,42.397613784445,0],[-82.9832568352717,42.3986268380358,0],[-82.982184768723,42.3990314149332,0],[-82.9762472464299,42.4007761431781,0],[-82.9729954280439,42.401496679799,0],[-82.9694390946982,42.4022845642157,0],[-82.9637240264465,42.403602789159,0],[-82.9598804160832,42.4048791789008,0],[-82.9597790683886,42.4047177271428,0],[-82.9589778136978,42.4035218559437,0],[-82.9579535367803,42.4019975306147,0],[-82.9578316556232,42.4018157546384,0],[-82.9577173740339,42.4015933737438,0],[-82.9576873033879,42.4015194858397,0],[-82.9575325197822,42.4011391591525,0],[-82.9569554193108,42.4002202863903,0],[-82.9568926551197,42.4000872768985,0],[-82.956803224568,42.399932292042,0],[-82.9561578946187,42.398972520838,0],[-82.9559540916018,42.39871246914,0],[-82.9558346516556,42.3985752632354,0],[-82.9548042519334,42.3973913096355,0],[-82.9544826075568,42.3970192184187,0],[-82.9544833804046,42.3970189398929,0],[-82.9541695162384,42.3966600303078,0],[-82.9531999059321,42.3955116438367,0],[-82.9510201930459,42.3922689704137,0],[-82.9508344724042,42.3919880563422,0],[-82.9567828220279,42.3898595195853,0],[-82.962710371648,42.3877490586804,0],[-82.9690909937277,42.3854462856855,0],[-82.9691946020373,42.3855599331378,0],[-82.9707543937804,42.3870684112269,0],[-82.9709844283497,42.3872913353207,0],[-82.9711504445849,42.3874522185254,0],[-82.9712097835789,42.3874957284253,0],[-82.9712900611536,42.3875438166877,0],[-82.9714485466547,42.387611863725,0],[-82.9724055961116,42.3879845230424,0],[-82.9732813389596,42.388300243453,0],[-82.9735520927317,42.388397658966,0],[-82.9758397282876,42.3893306843591,0]]]},"properties":{"OBJECTID":37,"ObjectID_1":55,"meapCode":9994,"schoolCode":281,"schoolName":"Hamilton Elementary-Middle School","address":"14223 Southampton St","zip":"48213","telephone":"(313) 870-0556","fax":" ","config":"K - 8","status":"Active","Mid":1,"High":0,"Type":"Elementary - Middle","shortName":"Hamilton","lat":42.3982,"lon":-82.9629,"url":"https://hamilton.detroitk12.org","NAME":"Hamilton","Principal":"Sharida Lewis"}},{"type":"Feature","id":38,"geometry":{"type":"Polygon","coordinates":[[[-82.9767717393425,42.3895042853781,0],[-82.9760199914628,42.3892860953495,0],[-82.9758397282876,42.3893306843591,0],[-82.9735520927317,42.388397658966,0],[-82.9732813389596,42.388300243453,0],[-82.9724055961116,42.3879845230424,0],[-82.9714485466547,42.387611863725,0],[-82.9712900611536,42.3875438166877,0],[-82.9712097835789,42.3874957284253,0],[-82.9711504445849,42.3874522185254,0],[-82.9709844283497,42.3872913353207,0],[-82.9707543937804,42.3870684112269,0],[-82.9691946020373,42.3855599331378,0],[-82.9690909937277,42.3854462856855,0],[-82.9690074954528,42.3853348665718,0],[-82.9686256778002,42.3847527273421,0],[-82.9685560984754,42.3846612281417,0],[-82.9685342637764,42.384632514148,0],[-82.9685002063255,42.384587725733,0],[-82.96845979564,42.3845345842224,0],[-82.9683903405967,42.3844568043405,0],[-82.9683636984207,42.3844269695199,0],[-82.9682032525561,42.3842431106992,0],[-82.9681421329554,42.3841630309895,0],[-82.968056946694,42.3840404251358,0],[-82.9678340516369,42.383694709661,0],[-82.968310068745,42.3836713989181,0],[-82.9685969641213,42.3836705194429,0],[-82.9688672485375,42.3836629517495,0],[-82.9691369494899,42.3836488932109,0],[-82.9694060648796,42.3836284338484,0],[-82.9697630041335,42.3835911359096,0],[-82.9701175254971,42.3835424618314,0],[-82.970468898244,42.3834824926963,0],[-82.9706702235171,42.3834421277406,0],[-82.9707299809059,42.3834301466384,0],[-82.9710038231666,42.3833503139358,0],[-82.971233211451,42.3832759671167,0],[-82.9714802008529,42.3831868144042,0],[-82.9715333159607,42.3831676424627,0],[-82.9717261105494,42.3830894234699,0],[-82.9720658169808,42.382926298171,0],[-82.9723149983375,42.3827976268856,0],[-82.9732046662629,42.3823041907887,0],[-82.9688651392402,42.375821406172,0],[-82.9643178192725,42.3690105290105,0],[-82.9580115489442,42.3597472116593,0],[-82.9529570214057,42.3535415652462,0],[-82.9603308213723,42.3531491096922,0],[-82.9671092319643,42.3527879160855,0],[-82.978086823994,42.3499249740647,0],[-82.9845800892349,42.358815488686,0],[-82.9862075291146,42.3610739745334,0],[-82.9877432984337,42.3632086456425,0],[-82.9908170200192,42.3674703033921,0],[-82.9941109910056,42.3720447898004,0],[-83.0001445976574,42.3805906356581,0],[-83.0103748597219,42.376491402874,0],[-83.0134308285642,42.3806604307152,0],[-83.0116467508534,42.3834034935933,0],[-83.0063654825616,42.3913949178581,0],[-83.0016001040228,42.3918098489183,0],[-82.9965538564385,42.3919591765703,0],[-82.9940562758163,42.3924318271379,0],[-82.9921976640158,42.3932234243825,0],[-82.9904639532647,42.394208054333,0],[-82.9889479943579,42.3954016601097,0],[-82.9882064963245,42.3959854609952,0],[-82.9863646604142,42.3950869032409,0],[-82.9858145531464,42.3946889853948,0],[-82.9851230535303,42.3943079196477,0],[-82.9849141272921,42.3941426466191,0],[-82.9847795914715,42.3940357510475,0],[-82.9842553641323,42.3935945601174,0],[-82.9838799116253,42.3933030266188,0],[-82.9837713393427,42.3932306617635,0],[-82.9836185500089,42.3931419110091,0],[-82.9832072142081,42.3929362368985,0],[-82.9826125156066,42.3926434301035,0],[-82.9823472149642,42.3925013523325,0],[-82.9821305967003,42.3923550952111,0],[-82.9813973996125,42.3918787982306,0],[-82.9808310200587,42.391510860604,0],[-82.9806271898444,42.3913784888406,0],[-82.9802723031107,42.3911480163303,0],[-82.9794611875504,42.3906210918196,0],[-82.9791530996379,42.3904209470428,0],[-82.9788495225923,42.3902475088976,0],[-82.9787680544396,42.3902131078019,0],[-82.9784922446331,42.3900965542618,0],[-82.9771519064349,42.3896351545188,0],[-82.9767717393425,42.3895042853781,0]]]},"properties":{"OBJECTID":38,"ObjectID_1":36,"meapCode":1803,"schoolCode":174,"schoolName":"Hutchinson Elementary-Middle School at Howe","address":"2600 Garland","zip":"48214-4037","telephone":"(313) 866-4169","fax":"(313) 866-4193","config":"K - 8, PK, ESE","status":"Active","Mid":1,"High":0,"Type":"Elementary - Middle","shortName":"Hutchinson","lat":42.3688,"lon":-82.9832,"url":"https://hutchinson.detroitk12.org","NAME":"Hutchinson","Principal":"Vivian Pearson"}},{"type":"Feature","id":39,"geometry":{"type":"Polygon","coordinates":[[[-83.0131343610979,42.3643827895441,0],[-83.0131350979027,42.3643825183009,0],[-83.014617973424,42.3666385319168,0],[-83.0164235203228,42.3693852065512,0],[-83.0178178259475,42.3714791472849,0],[-83.018459283921,42.3724789413833,0],[-83.0186235780319,42.3728928213945,0],[-83.0187520323621,42.373365624459,0],[-83.0187530125595,42.373367188405,0],[-83.0235986162968,42.3715956382514,0],[-83.024388072571,42.3713085846784,0],[-83.0311234720523,42.3816763462686,0],[-83.029753079167,42.3832212766454,0],[-83.0289004662544,42.3838059170204,0],[-83.0273415365221,42.3844144349947,0],[-83.0198409432298,42.3859382469611,0],[-83.0134138771962,42.3885411023726,0],[-83.0063654825616,42.3913949178581,0],[-83.0116467508534,42.3834034935933,0],[-83.0134308285642,42.3806604307152,0],[-83.0103748597219,42.376491402874,0],[-83.0120546133126,42.3758445219236,0],[-83.0134170015335,42.3753198335581,0],[-83.0073417261893,42.3665159423473,0],[-83.0077371328184,42.3663646508068,0],[-83.0031003130706,42.3597982691604,0],[-83.0003578139789,42.3608749373631,0],[-82.9986567064985,42.3584440446398,0],[-82.9996696309786,42.3580536850158,0],[-82.9984761545267,42.3563956825488,0],[-82.9974309343275,42.3549433147273,0],[-82.9962127132109,42.3532504178826,0],[-82.9948720835399,42.3513968332782,0],[-82.9924869054411,42.3479668904118,0],[-82.9989282091584,42.3431936753854,0],[-83.0018213419546,42.3471190113585,0],[-83.004008592126,42.3504040053122,0],[-83.0074595218339,42.3556256783921,0],[-83.0104094394752,42.3601100784642,0],[-83.0131343610979,42.3643827895441,0]]]},"properties":{"OBJECTID":39,"ObjectID_1":59,"meapCode":7581,"schoolCode":313,"schoolName":"Garvey Academy","address":"2301 Van Dyke Street","zip":"48214-3958","telephone":"(313) 866-7400","fax":"(313) 866-7382","config":"K - 8, PK, ESE","status":"Active","Mid":1,"High":0,"Type":"Elementary - Middle","shortName":"Garvey","lat":42.3596,"lon":-83.0008,"url":"https://garvey.detroitk12.org","NAME":"Garvey","Principal":"Mama Winston"}},{"type":"Feature","id":40,"geometry":{"type":"Polygon","coordinates":[[[-82.9862075291146,42.3610739745334,0],[-82.9845800892349,42.358815488686,0],[-82.978086823994,42.3499249740647,0],[-82.9671092319643,42.3527879160855,0],[-82.9603308213723,42.3531491096922,0],[-82.9529570214057,42.3535415652462,0],[-82.9472259188908,42.3465045128017,0],[-82.9535492853121,42.3431268848887,0],[-82.9598375397338,42.3397672983631,0],[-82.9891884324769,42.3324797391177,0],[-83.0060837285144,42.3316920191907,0],[-83.0064401658732,42.337625686772,0],[-82.9924869054411,42.3479668904118,0],[-82.9948720835399,42.3513968332782,0],[-82.9962127132109,42.3532504178826,0],[-82.9974309343275,42.3549433147273,0],[-82.9981513709842,42.3559430903092,0],[-82.9984761545267,42.3563956825488,0],[-82.9986333139436,42.3566142166863,0],[-82.9996696309786,42.3580536850158,0],[-82.9986567064985,42.3584440446398,0],[-83.0003578139789,42.3608749373631,0],[-83.0031003130706,42.3597982691604,0],[-83.0077371328184,42.3663646508068,0],[-83.0073417261893,42.3665159423473,0],[-83.0134170015335,42.3753198335581,0],[-83.0120546133126,42.3758445219236,0],[-83.0103748597219,42.376491402874,0],[-83.0004069035424,42.380439705104,0],[-83.0001445976574,42.3805906356581,0],[-82.9941109910056,42.3720447898004,0],[-82.9908170200192,42.3674703033921,0],[-82.9877432984337,42.3632086456425,0],[-82.9862075291146,42.3610739745334,0]]]},"properties":{"OBJECTID":40,"ObjectID_1":53,"meapCode":2703,"schoolCode":273,"schoolName":"Nichols Elementary-Middle School","address":"3000 Burns Street","zip":"48214-1874","telephone":"(313) 852-0800","fax":"(313) 852-0811","config":"K - 8, ESE","status":"Active","Mid":1,"High":0,"Type":"Elementary - Middle","shortName":"Nichols","lat":42.3662,"lon":-82.9982,"url":"https://nichols.detroitk12.org","NAME":"Nichols","Principal":""}},{"type":"Feature","id":41,"geometry":{"type":"Polygon","coordinates":[[[-83.0805670659827,42.3810836620245,0],[-83.073327250836,42.3702657319536,0],[-83.0699259400061,42.3651433649579,0],[-83.069072368628,42.3639866981014,0],[-83.068658329806,42.3634256182331,0],[-83.0817664028411,42.3553653717255,0],[-83.08681647191,42.3535935299387,0],[-83.0987508667522,42.3499926356679,0],[-83.1024176341789,42.3524892963259,0],[-83.1044366307747,42.3534767648208,0],[-83.1105895208152,42.3555389437247,0],[-83.1108653384957,42.3556797796994,0],[-83.1126343318291,42.3568635236103,0],[-83.1224980485557,42.3610408776045,0],[-83.1271087026449,42.3628202352346,0],[-83.1314830847929,42.3641141054071,0],[-83.1312868568565,42.3643529387186,0],[-83.1311555899432,42.3645265501497,0],[-83.1309559760774,42.3648094662222,0],[-83.1308723854125,42.3649246295588,0],[-83.1306651290792,42.3652068334765,0],[-83.1305887315765,42.3652597335172,0],[-83.1304802552672,42.3653049468947,0],[-83.1286965771764,42.365966796161,0],[-83.1278009925454,42.3663051878483,0],[-83.1269044166653,42.3666358318708,0],[-83.126559272951,42.3667772812837,0],[-83.1258242011264,42.3670554367696,0],[-83.1248906249593,42.3674156492202,0],[-83.1244947140913,42.3675639879037,0],[-83.1243325965292,42.3676242303998,0],[-83.1236875261742,42.367863936959,0],[-83.1233718883304,42.3679831143915,0],[-83.1231213367098,42.3680776127911,0],[-83.1224893235387,42.3683161356867,0],[-83.1220500236967,42.3684815661526,0],[-83.121581824898,42.3686568902841,0],[-83.1211278378737,42.3688262124348,0],[-83.1202459183525,42.3691567169284,0],[-83.1199193624381,42.3692808072467,0],[-83.1193619453613,42.3694916796791,0],[-83.118209199595,42.3699264154492,0],[-83.1176226572712,42.3701479440059,0],[-83.1087895731578,42.3734695867175,0],[-83.1084987432114,42.3730298520851,0],[-83.1079907680733,42.3732187245479,0],[-83.1061833824394,42.3738918718696,0],[-83.1055772455764,42.3741176235171,0],[-83.1049646206829,42.3743457309506,0],[-83.1028812951945,42.3751202229426,0],[-83.0994506052844,42.37638218131,0],[-83.0993043701495,42.3764390722937,0],[-83.0996641562249,42.3767309321919,0],[-83.0998896250302,42.3769580962414,0],[-83.1000850952991,42.3772467780157,0],[-83.100387119868,42.3776832496381,0],[-83.1006806456151,42.3781143799324,0],[-83.1009759380323,42.3785480601289,0],[-83.1012689872083,42.3789788368382,0],[-83.1015636794478,42.3794126914992,0],[-83.1018467270951,42.3798279556913,0],[-83.1019665606242,42.3800033372499,0],[-83.102310137585,42.3805063445836,0],[-83.1026491020606,42.3810036251628,0],[-83.1027679742156,42.381178725,0],[-83.1034189366938,42.3820894847599,0],[-83.1039344234114,42.3828918318219,0],[-83.1042333994092,42.3833290005825,0],[-83.1045155480153,42.3837411647366,0],[-83.1047892800804,42.3841375884229,0],[-83.1049624677106,42.3843887066018,0],[-83.101028654379,42.3857888182523,0],[-83.1025959296584,42.3880839228895,0],[-83.1021240471915,42.3882565149929,0],[-83.088656218081,42.3931004980962,0],[-83.0805670659827,42.3810836620245,0]]]},"properties":{"OBJECTID":41,"ObjectID_1":-1,"meapCode":4156,"schoolCode":351,"schoolName":"Thirkell Elementary-Middle School","address":"7724 14th Street","zip":"48206-2644","telephone":"(313) 596-0990","fax":"(313) 596-0982","config":"K - 8, ESE","status":"Active","Mid":0,"High":0,"Type":"Elementary - Middle","shortName":"Thirkell","lat":42.3665,"lon":-83.0968,"url":"https://thirkell.detroitk12.org","NAME":"Thirkell","Principal":""}},{"type":"Feature","id":42,"geometry":{"type":"Polygon","coordinates":[[[-83.1024176341789,42.3524892963259,0],[-83.0987508667522,42.3499926356679,0],[-83.1080191601109,42.347584332084,0],[-83.1120052334886,42.3455300890396,0],[-83.1185422065608,42.3399998553739,0],[-83.1223287353074,42.3379709975509,0],[-83.1259014137287,42.3418921392543,0],[-83.1274392287222,42.3441208233408,0],[-83.1349150205822,42.3445633268674,0],[-83.1399560440495,42.3445608965109,0],[-83.1485753957289,42.3443318780781,0],[-83.148422356249,42.3446866756406,0],[-83.1477046925608,42.3491393983895,0],[-83.1475370254907,42.3499159932738,0],[-83.1476585661801,42.3512734832808,0],[-83.1476667321138,42.3514104006419,0],[-83.1476755562941,42.3515583719634,0],[-83.1477278002226,42.3519138436121,0],[-83.1481957651862,42.3519045585058,0],[-83.1481958115107,42.3519057304111,0],[-83.1486394777274,42.363247594677,0],[-83.1475477180337,42.3632621918542,0],[-83.1390246755356,42.3633757839844,0],[-83.1390267075716,42.3639434921574,0],[-83.1390383901363,42.3672060816611,0],[-83.1386607585381,42.3670530609979,0],[-83.1314830847929,42.3641141054071,0],[-83.1271087026449,42.3628202352346,0],[-83.1224980485557,42.3610408776045,0],[-83.1126343318291,42.3568635236103,0],[-83.1108653384957,42.3556797796994,0],[-83.1105895208152,42.3555389437247,0],[-83.1044366307747,42.3534767648208,0],[-83.1024176341789,42.3524892963259,0]]]},"properties":{"OBJECTID":42,"ObjectID_1":-1,"meapCode":4413,"schoolCode":323,"schoolName":"Sampson-Webber Leadership Academy","address":"4700 Tireman Street","zip":"48204-4243","telephone":"(313) 596-4750","fax":"(313) 596-4748","config":"K - 8, PK, ESE","status":"Active","Mid":1,"High":0,"Type":"Elementary - Middle","shortName":"Sampson","lat":42.3544,"lon":-83.1181,"url":"https://sampson.detroitk12.org","NAME":"Sampson","Principal":""}},{"type":"Feature","id":43,"geometry":{"type":"Polygon","coordinates":[[[-83.1388196198006,42.3319855996916,0],[-83.149103903447,42.3305655671073,0],[-83.1566715380916,42.3288655908331,0],[-83.1567284646235,42.3299228264912,0],[-83.1569726451268,42.3369587791144,0],[-83.1558135836233,42.3369814536323,0],[-83.1544151357599,42.3372287184669,0],[-83.1534164856697,42.3374581144326,0],[-83.1530296022628,42.3375844905459,0],[-83.1518787955165,42.3381805961095,0],[-83.1511769437936,42.3386838338719,0],[-83.1508880410064,42.3388588748262,0],[-83.1500123261662,42.3398352552947,0],[-83.1495021529373,42.3407513996208,0],[-83.1487868390366,42.3438416707122,0],[-83.1485753957289,42.3443318780781,0],[-83.1399560440495,42.3445608965109,0],[-83.1349150205822,42.3445633268674,0],[-83.1274392287222,42.3441208233408,0],[-83.1259014137287,42.3418921392543,0],[-83.1223287353074,42.3379709975509,0],[-83.1223431851705,42.3379653691688,0],[-83.1246366311381,42.3370782725376,0],[-83.1250029331717,42.3369365876783,0],[-83.1277430189496,42.3357818204289,0],[-83.1300709108026,42.3348006809483,0],[-83.1300752955789,42.3347988325057,0],[-83.1307593272091,42.3345595395218,0],[-83.1331992501804,42.3337059407584,0],[-83.1347959773405,42.3330749018024,0],[-83.1368578720699,42.3322599739886,0],[-83.1375834180301,42.3321585019846,0],[-83.1388196198006,42.3319855996916,0]]]},"properties":{"OBJECTID":43,"ObjectID_1":-1,"meapCode":3123,"schoolCode":296,"schoolName":"Priest Elementary-Middle School","address":"7840 Wagner Street","zip":"48210-1962","telephone":"(313) 849-3705","fax":"(313) 849-4824","config":"K - 8, PK, ESE","status":"Active","Mid":1,"High":0,"Type":"Elementary - Middle","shortName":"Priest","lat":42.3374,"lon":-83.1444,"url":"https://priest.detroitk12.org","NAME":"Priest","Principal":""}},{"type":"Feature","id":44,"geometry":{"type":"Polygon","coordinates":[[[-83.1394694791675,42.3865072675547,0],[-83.1395037899145,42.3864969227686,0],[-83.1398632884829,42.3946581207736,0],[-83.1400180094684,42.3954284844763,0],[-83.1400225268145,42.3955685881775,0],[-83.1403190097391,42.4047635003941,0],[-83.1403585798401,42.4062600932178,0],[-83.140500091146,42.4098922251024,0],[-83.1408112859408,42.4170820824315,0],[-83.1219229826542,42.4174800759733,0],[-83.118675821294,42.4127173879681,0],[-83.1176397479839,42.4110872475529,0],[-83.1157018417627,42.4082191741589,0],[-83.1140022506878,42.4057937085624,0],[-83.1132460344719,42.4045878408849,0],[-83.112080692505,42.4030298883682,0],[-83.1093979973886,42.3991075898611,0],[-83.1090624688818,42.3986169818903,0],[-83.1090625880704,42.39861691478,0],[-83.1093657914126,42.398446041279,0],[-83.1107115891931,42.3976875798581,0],[-83.1107864135651,42.3976454088293,0],[-83.1131923014143,42.3962894150472,0],[-83.1308609333189,42.389733117394,0],[-83.1353601924246,42.3880346457437,0],[-83.1358356693891,42.3878499362036,0],[-83.1386758008108,42.3867465594241,0],[-83.1393400910558,42.3865462788227,0],[-83.1394694791675,42.3865072675547,0]]]},"properties":{"OBJECTID":44,"ObjectID_1":-1,"meapCode":7633,"schoolCode":80,"schoolName":"Paul Robeson Malcolm X Academy","address":"2585 Grove Street","zip":"48221-3164","telephone":"(313) 494-8100","fax":"(313) 494-7089","config":"K - 8, PK, ESE","status":"Active","Mid":1,"High":0,"Type":"Elementary - Middle","shortName":"RobesonMalcolmX","lat":42.4138,"lon":-83.1273,"url":"https://robesonmalcolmx.detroitk12.org","NAME":"PRMXA","Principal":""}},{"type":"Feature","id":46,"geometry":{"type":"Polygon","coordinates":[[[-83.2193368903976,42.4155330971948,0],[-83.2189874522093,42.4083192459223,0],[-83.2185846375741,42.4011122500846,0],[-83.2192989759333,42.4010975922401,0],[-83.2195645015541,42.4010819855034,0],[-83.2205312531435,42.4010542804102,0],[-83.2213012071405,42.4010346752311,0],[-83.2217166262946,42.4010242771599,0],[-83.2228834148771,42.4009940744171,0],[-83.2240223928714,42.4009633098329,0],[-83.2252373791527,42.4009346482185,0],[-83.2264732587646,42.4009060032706,0],[-83.226580108817,42.400903536379,0],[-83.2276341486532,42.4008792040392,0],[-83.2288956574416,42.40085060968,0],[-83.2301536390256,42.4008222361451,0],[-83.2313405596064,42.4007933185331,0],[-83.232602462447,42.4007695490176,0],[-83.2337629074948,42.4007483020157,0],[-83.2349441620042,42.4007215295067,0],[-83.2361796428047,42.4006908437631,0],[-83.2364300738323,42.4006848876485,0],[-83.2374165886799,42.4006678636791,0],[-83.23819737206,42.4006552161485,0],[-83.238917068809,42.4151611899247,0],[-83.2381976971779,42.4151815833514,0],[-83.237118914122,42.4151443167112,0],[-83.2360422916259,42.4152004960404,0],[-83.2331939163973,42.4152695459124,0],[-83.2303641825459,42.4153237448165,0],[-83.2279279039467,42.415369942388,0],[-83.2193368903976,42.4155330971948,0]]]},"properties":{"OBJECTID":46,"ObjectID_1":-1,"meapCode":781,"schoolCode":69,"schoolName":"Cooke STEM Academy","address":"18800 Puritan Street","zip":"48223-1350","telephone":"(313) 494-7458","fax":"(313) 494-7759","config":"K - 6, ESE","status":"Active","Mid":1,"High":0,"Type":"Elementary","shortName":"Cooke","lat":42.4091,"lon":-83.2256,"url":"https://cooke.detroitk12.org","NAME":"Cooke","Principal":"Jason A. Drain"}},{"type":"Feature","id":47,"geometry":{"type":"Polygon","coordinates":[[[-83.2359290762816,42.3571819402266,0],[-83.2476411138733,42.3570761193338,0],[-83.2479475423773,42.3642027186445,0],[-83.2465191327171,42.3642143390207,0],[-83.2462197583247,42.3718269747996,0],[-83.2462965686523,42.3749150306557,0],[-83.2463325576593,42.3763062859131,0],[-83.2463795901071,42.3780025172033,0],[-83.2464023647414,42.3789793593761,0],[-83.237171486096,42.3788839555999,0],[-83.2343218688082,42.3775552548561,0],[-83.2175474326807,42.3647609124744,0],[-83.2172410781565,42.3612680184651,0],[-83.2170427345256,42.3575245851319,0],[-83.2359290762816,42.3571819402266,0]]]},"properties":{"OBJECTID":47,"ObjectID_1":-1,"meapCode":2341,"schoolCode":233,"schoolName":"Mann Learning Community","address":"19625 Elmira Street","zip":"48228-5903","telephone":"(313) 866-9580","fax":"(313) 866-9587","config":"K - 5, PK, ESE","status":"Active","Mid":0,"High":0,"Type":"Elementary","shortName":"Mann","lat":42.3695,"lon":-83.2344,"url":"https://mann.detroitk12.org","NAME":"Mann","Principal":"Lakeisha Simpson"}},{"type":"Feature","id":48,"geometry":{"type":"Polygon","coordinates":[[[-83.1053716761435,42.305345636121,0],[-83.1020230612557,42.3008097269716,0],[-83.1002088717926,42.301535980216,0],[-83.0988797768635,42.2996959635151,0],[-83.0979847397953,42.3006503287443,0],[-83.0953501854941,42.3016318823262,0],[-83.0912222353491,42.2958076674144,0],[-83.0976950388964,42.2896735136944,0],[-83.0999685011956,42.2866962457205,0],[-83.1032728005219,42.2879395062298,0],[-83.1078897540506,42.2889619765704,0],[-83.1093620846948,42.2892354821522,0],[-83.1111350544228,42.2894724688451,0],[-83.1120651368401,42.2895858404389,0],[-83.1136479522281,42.2899964956851,0],[-83.1146965097446,42.2901754448246,0],[-83.1158371791953,42.2902286264402,0],[-83.1166156955986,42.2901844641073,0],[-83.1173674561167,42.2900195080086,0],[-83.1179821471128,42.2897869908411,0],[-83.1181990018626,42.2897253885815,0],[-83.1193181271148,42.2890541776284,0],[-83.1195271326085,42.2887524006327,0],[-83.1196828895638,42.2883832589525,0],[-83.1198492999239,42.2880124316392,0],[-83.1199458582301,42.2875520687924,0],[-83.1198025656988,42.2864537334203,0],[-83.1194958128557,42.2856026158605,0],[-83.1193744710077,42.2851144274132,0],[-83.1193355235859,42.2847598914934,0],[-83.1193588318708,42.2843994585891,0],[-83.1190607498719,42.2832811572408,0],[-83.1189285119669,42.282973129981,0],[-83.1178302628762,42.2811613696933,0],[-83.1177100576533,42.280410106107,0],[-83.1176947614152,42.2800232852622,0],[-83.1177355204368,42.2796214529046,0],[-83.1178426561249,42.2794597515927,0],[-83.1180493218301,42.2793005915816,0],[-83.1183646663524,42.2791853174849,0],[-83.118843230046,42.2791317631983,0],[-83.119428196715,42.2791713646505,0],[-83.1219625658563,42.2794333656855,0],[-83.1287818700928,42.2807889918524,0],[-83.1302717381899,42.2810985765093,0],[-83.1315619002477,42.2814065556924,0],[-83.1342812013198,42.2822241206334,0],[-83.1356928537503,42.2827503351182,0],[-83.1357784383989,42.2825930212293,0],[-83.1358391467722,42.2826092841255,0],[-83.1358584915303,42.2825766523173,0],[-83.1359151131371,42.2825309814181,0],[-83.1359493844281,42.282518602994,0],[-83.1359695172482,42.2824904060526,0],[-83.136059250413,42.2824360068517,0],[-83.1361919379173,42.2823959479371,0],[-83.1363539111175,42.2823886352172,0],[-83.1365633477374,42.2824171353457,0],[-83.1373357211349,42.2827170150534,0],[-83.1402157380009,42.2865556081216,0],[-83.1301352215794,42.2902509350224,0],[-83.1248496673975,42.2975190677927,0],[-83.1193967539138,42.2996603961029,0],[-83.1193551125092,42.3003280170105,0],[-83.1193134677718,42.3009956387772,0],[-83.1208235583576,42.3030857345537,0],[-83.1214613701203,42.3033724956203,0],[-83.1132343780592,42.3149884871891,0],[-83.1100706559223,42.3151415206543,0],[-83.1035563256049,42.3061416596413,0],[-83.1053716761435,42.305345636121,0]]]},"properties":{"OBJECTID":48,"ObjectID_1":-1,"meapCode":238,"schoolCode":266,"schoolName":"Roberto Clemente Learning Academy","address":"1551 Beard","zip":"48209-2073","telephone":"(313) 849-3489","fax":"(313) 849-6304","config":"K - 5, PK, ESE","status":"Active","Mid":0,"High":0,"Type":"Elementary","shortName":"Clemente","lat":42.3093,"lon":-83.1156,"url":"https://clemente.detroitk12.org","NAME":"Clemente","Principal":""}},{"type":"Feature","id":49,"geometry":{"type":"Polygon","coordinates":[[[-83.1132343780592,42.3149884871891,0],[-83.1214613701203,42.3033724956203,0],[-83.1208235583576,42.3030857345537,0],[-83.1193134677718,42.3009956387772,0],[-83.1193551125092,42.3003280170105,0],[-83.1193967539138,42.2996603961029,0],[-83.1248496673975,42.2975190677927,0],[-83.1301352215794,42.2902509350224,0],[-83.1402157380009,42.2865556081216,0],[-83.14021794406,42.2865591156013,0],[-83.1431078871102,42.2911540434209,0],[-83.1448928875346,42.29355804931,0],[-83.144200122397,42.2937452141872,0],[-83.1436511846756,42.2939538023677,0],[-83.1437212711516,42.2942050957933,0],[-83.1436685022879,42.2943893680404,0],[-83.1435054189129,42.2944854635653,0],[-83.1430964770914,42.2945792916017,0],[-83.1429362402147,42.2945540883707,0],[-83.1426283580596,42.2944046498118,0],[-83.1423092652032,42.2947014099126,0],[-83.1418392549784,42.2951886161108,0],[-83.1415548769073,42.2954554140313,0],[-83.1412674877965,42.2960048252348,0],[-83.140921330142,42.2965079281619,0],[-83.1406912935774,42.2970345216316,0],[-83.1405199935131,42.2977466794894,0],[-83.1403944803851,42.2990526446613,0],[-83.1407610905337,42.3003388016005,0],[-83.1416432493306,42.3021698655777,0],[-83.141920355219,42.3036837761925,0],[-83.1419443965884,42.3040709431582,0],[-83.142230811045,42.3047113365999,0],[-83.1423156144092,42.3049414801453,0],[-83.1164898079011,42.3154429055347,0],[-83.1132343780592,42.3149884871891,0]]]},"properties":{"OBJECTID":49,"ObjectID_1":-1,"meapCode":277,"schoolCode":22,"schoolName":"Bennett Elementary School","address":"2111 Mullane Street","zip":"48209-1529","telephone":"(313) 849-3585","fax":"(313) 849-1169","config":"K - 5, PK, ESE","status":"Active","Mid":0,"High":0,"Type":"Elementary","shortName":"Bennett","lat":42.3092,"lon":-83.1296,"url":"https://bennett.detroitk12.org","NAME":"Bennett","Principal":""}},{"type":"Feature","id":50,"geometry":{"type":"Polygon","coordinates":[[[-83.1099269670729,42.316173388012,0],[-83.1100706559223,42.3151415206543,0],[-83.1132343780592,42.3149884871891,0],[-83.1164898079011,42.3154429055347,0],[-83.1423156144092,42.3049414801453,0],[-83.1424292029098,42.3052497389882,0],[-83.142485191356,42.3055003496884,0],[-83.1424693266153,42.3058454912594,0],[-83.1423853415786,42.3059847252651,0],[-83.1422250634857,42.3060958465048,0],[-83.1413480153805,42.306455825964,0],[-83.1411711669715,42.3064670519269,0],[-83.1409574109719,42.3065139907737,0],[-83.1406749562139,42.3066743698406,0],[-83.1405754313456,42.3068446205578,0],[-83.1406734822237,42.3071664721349,0],[-83.1407457600656,42.3074353162898,0],[-83.1407142819212,42.3076596445436,0],[-83.1405980197687,42.3078870630465,0],[-83.1404146748475,42.3080394828486,0],[-83.1400330957415,42.3082078196002,0],[-83.1398657634624,42.3083187604778,0],[-83.1397662350012,42.3084890095976,0],[-83.1397089779249,42.3086603299933,0],[-83.1397289792944,42.3088388456074,0],[-83.139799018992,42.3090029217645,0],[-83.140475860601,42.3100828861585,0],[-83.1405254892642,42.3102307376033,0],[-83.1405800699125,42.3105776642941,0],[-83.1406790067588,42.3108066805623,0],[-83.1407719522613,42.311006603346,0],[-83.1417583620221,42.3123997118011,0],[-83.1465489146309,42.3189707495298,0],[-83.1381923173941,42.3202533591901,0],[-83.1312994796659,42.3214200064682,0],[-83.1152742411824,42.3236963303946,0],[-83.1099269670729,42.316173388012,0]]]},"properties":{"OBJECTID":50,"ObjectID_1":-1,"meapCode":1574,"schoolCode":157,"schoolName":"Harms Elementary School","address":"2400 Central Street","zip":"48209-1191","telephone":"(313) 849-3492","fax":"(313) 849-4690","config":"K - 5, ESE","status":"Active","Mid":0,"High":0,"Type":"Elementary","shortName":"Harms","lat":42.3144,"lon":-83.1247,"url":"https://harms.detroitk12.org","NAME":"Harms","Principal":"Aurelia Ramos"}},{"type":"Feature","id":51,"geometry":{"type":"Polygon","coordinates":[[[-83.0959100489793,42.3197595901576,0],[-83.0838624362624,42.3032550573519,0],[-83.0883982267714,42.2986381737014,0],[-83.1021240222607,42.3176934359713,0],[-83.1018236951946,42.3178167610571,0],[-83.1006580167329,42.3182959152003,0],[-83.1001223815434,42.3185167463768,0],[-83.099813826031,42.3186439928364,0],[-83.101758788986,42.3214075235989,0],[-83.0997369784314,42.3222733446889,0],[-83.1020113746938,42.3256522498583,0],[-83.0941728916154,42.3269081824776,0],[-83.0905680864122,42.3218867418114,0],[-83.0959100489793,42.3197595901576,0]]]},"properties":{"OBJECTID":51,"ObjectID_1":-1,"meapCode":2448,"schoolCode":243,"schoolName":"Maybury Elementary School","address":"4410 Porter Street","zip":"48209-2429","telephone":"(313) 849-2014","fax":"(313) 849-2016","config":"K - 5, PK, ESE","status":"Active","Mid":0,"High":0,"Type":"Elementary","shortName":"Maybury","lat":42.3164,"lon":-83.0938,"url":"https://maybury.detroitk12.org","NAME":"Maybury","Principal":"Latisha Smith"}},{"type":"Feature","id":52,"geometry":{"type":"Polygon","coordinates":[[[-83.0296760717419,42.3379757126375,0],[-83.0280770771326,42.3354254930478,0],[-83.0243593607064,42.3369966848177,0],[-83.0224128868632,42.3340695542066,0],[-83.0195313972436,42.3304916458089,0],[-83.0263971812093,42.3288663604025,0],[-83.0391440849359,42.324769130343,0],[-83.040571252112,42.324091155651,0],[-83.0409974191253,42.3239695461853,0],[-83.0415590960811,42.324707405137,0],[-83.0429862364173,42.3265821054964,0],[-83.0446575388942,42.3287773742599,0],[-83.0469433608455,42.3317795278593,0],[-83.0481260130319,42.3333326681095,0],[-83.0495342707266,42.3351819730493,0],[-83.0508144856448,42.336863024903,0],[-83.0525957074945,42.3395511357546,0],[-83.0484628807298,42.3416160309508,0],[-83.0481473012599,42.3417888119643,0],[-83.0431407722976,42.3435722575287,0],[-83.0394142970887,42.3446333541359,0],[-83.0387742734072,42.3448155829936,0],[-83.0373587336584,42.3453257894582,0],[-83.0366386888394,42.3462551240623,0],[-83.0365934109458,42.3463190410625,0],[-83.036293814203,42.3467077312094,0],[-83.0362178098133,42.3468016442491,0],[-83.0358405648098,42.3472748771367,0],[-83.0339990768778,42.3443615242073,0],[-83.0302062644525,42.3387068900359,0],[-83.0296760717419,42.3379757126375,0]]]},"properties":{"OBJECTID":52,"ObjectID_1":-1,"meapCode":689,"schoolCode":62,"schoolName":"Chrysler Elementary School","address":"1445 E. Lafayette Street","zip":"48207-2903","telephone":"(313) 494-8440","fax":"(313) 494-8367","config":"K - 5, ESE","status":"Active","Mid":0,"High":0,"Type":"Elementary","shortName":"Chrysler","lat":42.3383,"lon":-83.0336,"url":"https://chrysler.detroitk12.org","NAME":"Chrysler","Principal":"Wendy Y. Shirley"}},{"type":"Feature","id":53,"geometry":{"type":"Polygon","coordinates":[[[-82.9465873891878,42.4191670334645,0],[-82.9385840959092,42.4158536805629,0],[-82.9430096754431,42.4124756174538,0],[-82.947129610499,42.4093067258639,0],[-82.9487714710888,42.4082714306911,0],[-82.949114692011,42.4081227962213,0],[-82.9516648675867,42.4072587546403,0],[-82.9525704366655,42.4070146389404,0],[-82.9548559323602,42.4063985357735,0],[-82.9561870229812,42.4060397089536,0],[-82.9598804160832,42.4048791789008,0],[-82.9637240264465,42.403602789159,0],[-82.9638818951344,42.405890218585,0],[-82.9643440845178,42.4146256447995,0],[-82.9644653835199,42.4187453780242,0],[-82.9641501765481,42.4191738429401,0],[-82.9589694759923,42.4169898805658,0],[-82.9576070965062,42.4188196746556,0],[-82.9574706355108,42.4187631447965,0],[-82.9570161397231,42.4185749014558,0],[-82.9564506316186,42.4183411578051,0],[-82.9560767219774,42.4181867663008,0],[-82.9560234326046,42.4182524639251,0],[-82.9532812998304,42.4219303930881,0],[-82.9465873891878,42.4191670334645,0]]]},"properties":{"OBJECTID":53,"ObjectID_1":-1,"meapCode":4406,"schoolCode":373,"schoolName":"Wayne Elementary School","address":"10633 Courville Street","zip":"48224-2403","telephone":"(313) 866-0400","fax":"(313) 866-2022","config":"K - 5, PK, ESE","status":"Active","Mid":0,"High":0,"Type":"Elementary","shortName":"Wayne","lat":42.4161,"lon":-82.9559,"url":"https://wayne.detroitk12.org","NAME":"Wayne","Principal":"Kimberly Dawkins"}},{"type":"Feature","id":54,"geometry":{"type":"Polygon","coordinates":[[[-83.2154067500015,42.336133674029,0],[-83.2165620107411,42.3361207953148,0],[-83.2170283886329,42.3466355620368,0],[-83.217038652348,42.3502633139798,0],[-83.1970710151824,42.3505821266192,0],[-83.1965844395183,42.3505902948065,0],[-83.1962498346412,42.3428045350502,0],[-83.19611559528,42.3396804328635,0],[-83.1962034323646,42.3394321433938,0],[-83.1961265097097,42.336432714058,0],[-83.1983717254191,42.3364064226745,0],[-83.2070583591996,42.3363042849061,0],[-83.2128037855513,42.3361722433793,0],[-83.2144418319988,42.3361612143334,0],[-83.2154067500015,42.336133674029,0]]]},"properties":{"OBJECTID":54,"ObjectID_1":-1,"meapCode":1362,"schoolCode":130,"schoolName":"Gardner Elementary School","address":"6528 Mansfield Street","zip":"48228-5209","telephone":"(313) 581-4615","fax":"(313) 581-3713","config":"K - 5, ESE","status":"Active","Mid":0,"High":0,"Type":"Elementary","shortName":"Gardner","lat":42.3392,"lon":-83.2015,"url":"https://gardner.detroitk12.org","NAME":"Gardner","Principal":"Lynn Bradley"}},{"type":"Feature","id":55,"geometry":{"type":"Polygon","coordinates":[[[-83.1845435475056,42.4165317959279,0],[-83.1842574423468,42.4092112507794,0],[-83.17945777934,42.4093592134979,0],[-83.1794390077249,42.4089729324259,0],[-83.1793715054051,42.4075273798026,0],[-83.1792871999192,42.4057200569243,0],[-83.1792014626487,42.4038988529415,0],[-83.1791951897889,42.4037568417128,0],[-83.1791207046678,42.402078060954,0],[-83.1801849946515,42.4020548780095,0],[-83.1812377342123,42.4020258021024,0],[-83.182285300186,42.4019955514318,0],[-83.183403837352,42.4019744292157,0],[-83.1845172371061,42.4019359965734,0],[-83.1855148824856,42.4019099092231,0],[-83.1865971492407,42.4018801903458,0],[-83.1877626669704,42.4018486240702,0],[-83.1889086418543,42.4018161229149,0],[-83.190074197475,42.4017824624591,0],[-83.1913720619328,42.4017415154255,0],[-83.1926067288694,42.401701881238,0],[-83.1938185409484,42.4016629880888,0],[-83.1950156412136,42.401624650587,0],[-83.1962728054048,42.4015835879637,0],[-83.197530922018,42.4015433315913,0],[-83.1986865845302,42.4015118220366,0],[-83.2001628479917,42.4014735092953,0],[-83.2015450876817,42.4014413260156,0],[-83.2029288081943,42.401407880569,0],[-83.2040835167462,42.4013815286002,0],[-83.2051612873097,42.4013572594262,0],[-83.2062416122712,42.4013328260545,0],[-83.2066132536397,42.4013250071883,0],[-83.2072831972152,42.401311937885,0],[-83.2078339997786,42.4013011823256,0],[-83.208402994274,42.401289968529,0],[-83.2090359102422,42.4012776025854,0],[-83.2093810486932,42.4012708551389,0],[-83.2098331307994,42.4012620445098,0],[-83.2103558214095,42.4012517899654,0],[-83.2106268286026,42.4012464449913,0],[-83.2114544301697,42.4012302843585,0],[-83.2126773239312,42.4012083201247,0],[-83.214225915668,42.4011862261707,0],[-83.2160213854847,42.4011547677267,0],[-83.2161793555185,42.4011524295668,0],[-83.2178901185561,42.4011276450106,0],[-83.218194643821,42.4011251393302,0],[-83.2183771840065,42.4011188840821,0],[-83.2185846375741,42.4011122500846,0],[-83.2189874522093,42.4083192459223,0],[-83.1990085011776,42.4087509595072,0],[-83.1990470696593,42.4096504770148,0],[-83.1990839031749,42.4105518674429,0],[-83.1991065502328,42.4111142084093,0],[-83.1991641330575,42.4123417501019,0],[-83.1992313762958,42.4141635526901,0],[-83.1992898298309,42.4155391257941,0],[-83.1993079240116,42.4159818491636,0],[-83.1983577658025,42.4160106190824,0],[-83.1981148739047,42.4160229774862,0],[-83.1968594200019,42.4160871308409,0],[-83.1956028490946,42.4161522492572,0],[-83.1949371691123,42.4161866676763,0],[-83.1944384756927,42.4162124525929,0],[-83.1938401412665,42.4162431439321,0],[-83.1932651081293,42.4162726411694,0],[-83.1920321490364,42.4163367106946,0],[-83.1907215413963,42.4164044507341,0],[-83.1898541057275,42.4164469713139,0],[-83.1895465994926,42.4164575617041,0],[-83.1884196329081,42.4164790035959,0],[-83.1872427129662,42.416495525512,0],[-83.1862382772604,42.4165090904829,0],[-83.1861028439701,42.4165110282424,0],[-83.1859720983168,42.4165128560865,0],[-83.1851667371799,42.4165231174832,0],[-83.1846765385883,42.4165301740638,0],[-83.1845435475056,42.4165317959279,0]]]},"properties":{"OBJECTID":55,"ObjectID_1":-1,"meapCode":3717,"schoolCode":393,"schoolName":"Coleman A. Young Elementary School","address":"15771 Hubbell Street","zip":"48227-2948","telephone":"(313) 852-0725","fax":"(313) 852-0732","config":"K - 5, PK, ESE","status":"Active","Mid":0,"High":0,"Type":"Elementary","shortName":"Young","lat":42.407,"lon":-83.1894,"url":"https://young.detroitk12.org","NAME":"Young","Principal":"Evege James"}},{"type":"Feature","id":56,"geometry":{"type":"Polygon","coordinates":[[[-83.1758932789996,42.4199828546841,0],[-83.1725539852209,42.4163065984432,0],[-83.1704477799326,42.4140970158697,0],[-83.1663962105673,42.4102292893974,0],[-83.1635317747114,42.4074950764232,0],[-83.1620222797556,42.4064158922773,0],[-83.1598006302252,42.4050010305393,0],[-83.1597865626263,42.4046919580727,0],[-83.1597666098788,42.4043228572531,0],[-83.1597580037403,42.4041863669854,0],[-83.1708804206718,42.4038898926667,0],[-83.1787769601712,42.4037635481575,0],[-83.1791951897889,42.4037568417128,0],[-83.1792014626487,42.4038988529415,0],[-83.1792871999192,42.4057200569243,0],[-83.1793715054051,42.4075273798026,0],[-83.1794390077249,42.4089729324259,0],[-83.17945777934,42.4093592134979,0],[-83.1842574423468,42.4092112507794,0],[-83.1845435475056,42.4165317959279,0],[-83.1846765385883,42.4165301740638,0],[-83.1851667371799,42.4165231174832,0],[-83.1859720983168,42.4165128560865,0],[-83.1861028439701,42.4165110282424,0],[-83.1862382772604,42.4165090904829,0],[-83.1872427129662,42.416495525512,0],[-83.1884196329081,42.4164790035959,0],[-83.1895465994926,42.4164575617041,0],[-83.1898541057275,42.4164469713139,0],[-83.1907215413963,42.4164044507341,0],[-83.1920321490364,42.4163367106946,0],[-83.1932651081293,42.4162726411694,0],[-83.1938401412665,42.4162431439321,0],[-83.1944384756927,42.4162124525929,0],[-83.1949371691123,42.4161866676763,0],[-83.1956028490946,42.4161522492572,0],[-83.1968594200019,42.4160871308409,0],[-83.1981148739047,42.4160229774862,0],[-83.1983577658025,42.4160106190824,0],[-83.1993079240116,42.4159818491636,0],[-83.1992898298309,42.4155391257941,0],[-83.1992313762958,42.4141635526901,0],[-83.1991641330575,42.4123417501019,0],[-83.1991065502328,42.4111142084093,0],[-83.1990839031749,42.4105518674429,0],[-83.1990470696593,42.4096504770148,0],[-83.1990085011776,42.4087509595072,0],[-83.2189874522093,42.4083192459223,0],[-83.2193368903976,42.4155330971948,0],[-83.2199048558604,42.4299945924845,0],[-83.2181309238705,42.4300278725632,0],[-83.2138823699254,42.4301583983463,0],[-83.2073508720968,42.4303020996433,0],[-83.1998686902956,42.4304103565718,0],[-83.1935597777778,42.4305938109245,0],[-83.1875527459936,42.4307919402751,0],[-83.1793179965481,42.4237992253873,0],[-83.1758932789996,42.4199828546841,0]]]},"properties":{"OBJECTID":56,"ObjectID_1":-1,"meapCode":2036,"schoolCode":201,"schoolName":"John R.King Academic and Performing Arts Academy","address":"15850 Strathmoor Street","zip":"48227-2965","telephone":"(313) 866-9600","fax":"(313) 866-9626","config":"K - 8, PK, ESE","status":"Active","Mid":1,"High":0,"Type":"Elementary - Middle","shortName":"JRKing","lat":42.4082,"lon":-83.1868,"url":"https://jrking.detroitk12.org","NAME":"J.R. King","Principal":"Jennifer Spencer"}},{"type":"Feature","id":57,"geometry":{"type":"Polygon","coordinates":[[[-83.2684626872527,42.4431559172347,0],[-83.2588526860133,42.443400546544,0],[-83.2564020817701,42.4434656849085,0],[-83.2503596577985,42.4436260680656,0],[-83.2491742768939,42.4436574961654,0],[-83.2442742097843,42.4437872820687,0],[-83.2414449829512,42.443862123043,0],[-83.2394097970706,42.4439159149043,0],[-83.2387953724006,42.4439293967889,0],[-83.238306853023,42.4295870089686,0],[-83.2582806758075,42.4291592906985,0],[-83.258140860657,42.4219062729944,0],[-83.2578490850634,42.4187310418218,0],[-83.257619351492,42.4164779160069,0],[-83.2574655976986,42.4146563371873,0],[-83.256824554466,42.4002878674888,0],[-83.2690043437393,42.4002245000963,0],[-83.2692278316275,42.4002145261362,0],[-83.2696864625738,42.4001715346,0],[-83.2700594423793,42.4001099311164,0],[-83.2708532993429,42.3999916286181,0],[-83.2710329195935,42.3999694132325,0],[-83.2722072440584,42.3999719853803,0],[-83.2725248349743,42.3999914407863,0],[-83.2732812755755,42.4000683756089,0],[-83.2734368677991,42.4000891375507,0],[-83.2739842603053,42.4001151527461,0],[-83.2752141174857,42.4001037283995,0],[-83.276456411213,42.4000725515292,0],[-83.2766731614057,42.4072764569743,0],[-83.2864550478872,42.4069986378904,0],[-83.2872060058363,42.4254339150285,0],[-83.2872371563533,42.4261984203388,0],[-83.2873059836693,42.4278874748059,0],[-83.287332389445,42.4285519049001,0],[-83.2874392048343,42.4322378542307,0],[-83.2876628040631,42.4394970345843,0],[-83.2877084718496,42.4421015267073,0],[-83.2877974839413,42.4426821581064,0],[-83.2684626872527,42.4431559172347,0]]]},"properties":{"OBJECTID":57,"ObjectID_1":0,"meapCode":9125,"schoolCode":262,"schoolName":"Charles Wright Academy of Arts and Science","address":"19299 Berg Road","zip":"48219-1712 ","telephone":"(313) 538-3024 ","fax":" ","config":"K - 8, PK, ESE","status":"Active","Mid":0,"High":0,"Type":"Elementary - Middle","shortName":"Wright","lat":0,"lon":0,"url":"https://wright.detroitk12.org","NAME":"Wright","Principal":"Laura Jawor"}},{"type":"Feature","id":58,"geometry":{"type":"Polygon","coordinates":[[[-83.1448663166656,42.4170279866877,0],[-83.1603154557955,42.4169300594035,0],[-83.1603350094649,42.4173208640008,0],[-83.1604144874535,42.4187400787628,0],[-83.1605160526289,42.4205575079312,0],[-83.1606170926207,42.4223647568838,0],[-83.1607016184918,42.423920172151,0],[-83.160710916979,42.4241747201905,0],[-83.1607766923808,42.4259709698279,0],[-83.1608390582896,42.4277678133622,0],[-83.1609021687504,42.4295703370416,0],[-83.1609759014128,42.4313454213887,0],[-83.1598844128279,42.4313658899388,0],[-83.1595974586304,42.4313717562553,0],[-83.1587879126927,42.4313752199882,0],[-83.1576926884888,42.4313814016807,0],[-83.1566137754485,42.4313863058795,0],[-83.1554799237963,42.431391244603,0],[-83.1542711800426,42.4313972638807,0],[-83.1530598923974,42.4314028829841,0],[-83.1518493948651,42.4314114689068,0],[-83.1510053806145,42.431418560502,0],[-83.1506751268174,42.4314258319304,0],[-83.1494517496704,42.4314528925526,0],[-83.1481821856014,42.4314736823275,0],[-83.1469582634004,42.4314912562042,0],[-83.1458185828726,42.4315149432787,0],[-83.1447464295482,42.4315372155958,0],[-83.143652066401,42.4315599401953,0],[-83.1425666955124,42.4315824675018,0],[-83.1415683933677,42.4316031769059,0],[-83.1413664994071,42.4316073651446,0],[-83.1408112859408,42.4170820824315,0],[-83.1448663166656,42.4170279866877,0]]]},"properties":{"OBJECTID":58,"ObjectID_1":-1,"meapCode":168,"schoolCode":14,"schoolName":"Bagley Elementary School of Journalism and Technology","address":"8100 Curtis Street","zip":"48221-2519","telephone":"(313) 494-7175","fax":"(313) 494-7173","config":"K - 6, PK, ESE","status":"Active","Mid":1,"High":0,"Type":"Elementary","shortName":"Bagley","lat":42.4246,"lon":-83.1477,"url":"https://bagley.detroitk12.org","NAME":"Bagley","Principal":""}},{"type":"Feature","id":59,"geometry":{"type":"Polygon","coordinates":[[[-83.1413664505725,42.4316060770608,0],[-83.1415683919452,42.4316031255683,0],[-83.1425666833628,42.4315821576369,0],[-83.1436521250103,42.4315614759898,0],[-83.1447463837937,42.4315360148851,0],[-83.1458184937873,42.4315126022107,0],[-83.1469582634004,42.4314912562042,0],[-83.1481821856014,42.4314736823275,0],[-83.1494517496704,42.4314528925526,0],[-83.1506751268174,42.4314258319304,0],[-83.1510053806145,42.431418560502,0],[-83.1518493948651,42.4314114689068,0],[-83.1530598923974,42.4314028829841,0],[-83.1542711800426,42.4313972638807,0],[-83.1554799237963,42.431391244603,0],[-83.1566137754485,42.4313863058795,0],[-83.1576926884888,42.4313814016807,0],[-83.1587879126927,42.4313752199882,0],[-83.1595974586304,42.4313717562553,0],[-83.1598844128279,42.4313658899388,0],[-83.1609759014128,42.4313454213887,0],[-83.1610287420148,42.4331514372674,0],[-83.1610452896103,42.4337751251265,0],[-83.161098013401,42.434850678444,0],[-83.1611021342823,42.4350432500085,0],[-83.1611332074068,42.4360282900211,0],[-83.1611543926967,42.436762149634,0],[-83.1612065407601,42.4385101727163,0],[-83.161218649257,42.4388521778489,0],[-83.1613055849354,42.4409137239938,0],[-83.1614039222929,42.4432536100703,0],[-83.1614960879202,42.4456439842991,0],[-83.1615029493928,42.4457922317826,0],[-83.1614796136107,42.4457927442944,0],[-83.1612670216449,42.4457974140693,0],[-83.1556892283775,42.4459197923511,0],[-83.1535794046677,42.4459699770859,0],[-83.1521554966646,42.4460018598851,0],[-83.149307263968,42.4460655819672,0],[-83.1469824134088,42.4461175425514,0],[-83.1423397592891,42.4462223677289,0],[-83.139893946861,42.4462731992924,0],[-83.1331093805747,42.4463933651018,0],[-83.1277274647864,42.4464883752304,0],[-83.1253195407069,42.4465607942641,0],[-83.1250651425438,42.4465660203136,0],[-83.124071532639,42.4450026713358,0],[-83.1202873817995,42.43925827385,0],[-83.1154551555273,42.4321083879785,0],[-83.1130291154327,42.4286529407866,0],[-83.1115763228864,42.4266177185602,0],[-83.1051921284975,42.4177500060042,0],[-83.1057001162218,42.4177438326135,0],[-83.1095999544568,42.4176963663798,0],[-83.1140858255474,42.4176186077131,0],[-83.116431007342,42.4175778842874,0],[-83.1175023845198,42.4175588254643,0],[-83.1219229826542,42.4174800759733,0],[-83.1408112859408,42.4170820824315,0],[-83.1413664505725,42.4316060770608,0]]]},"properties":{"OBJECTID":59,"ObjectID_1":-1,"meapCode":2969,"schoolCode":287,"schoolName":"Pasteur Elementary School","address":"19811 Stoepel Street","zip":"48221-1745","telephone":"(313) 494-7314","fax":"(313) 494-9382","config":"K - 6, ESE","status":"Active","Mid":1,"High":0,"Type":"Elementary","shortName":"Pasteur","lat":42.4379,"lon":-83.1432,"url":"https://pasteur.detroitk12.org","NAME":"Pasteur","Principal":"Karla Craig"}},{"type":"Feature","id":63,"geometry":{"type":"Polygon","coordinates":[[[-83.1486394777274,42.363247594677,0],[-83.1481958115107,42.3519057304111,0],[-83.1481957651862,42.3519045585058,0],[-83.1673843849192,42.3514969940479,0],[-83.1966004845378,42.3508885734846,0],[-83.1965844398721,42.3505903083159,0],[-83.1970710151824,42.3505821266192,0],[-83.1973908441899,42.3581340746676,0],[-83.1606582156801,42.3588538282424,0],[-83.1606582147488,42.3596101860694,0],[-83.1554096285393,42.3638115816583,0],[-83.154915465846,42.3635699233161,0],[-83.1486659975349,42.3637637623242,0],[-83.1486394777274,42.363247594677,0]]]},"properties":{"OBJECTID":63,"ObjectID_1":-1,"meapCode":3640,"schoolCode":17,"schoolName":"Barton Elementary School","address":"8530 Joy Road","zip":"48204-3263","telephone":"(313) 873-9952","fax":null,"config":"K - 6","status":"Active","Mid":0,"High":0,"Type":"Elementary","shortName":"Barton","lat":42.3595,"lon":-83.1544,"url":"https://barton.detroitk12.org","NAME":"Barton","Principal":""}},{"type":"Feature","id":64,"geometry":{"type":"Polygon","coordinates":[[[-83.16837745436,42.3803419711867,0],[-83.1588184992,42.3764195081393,0],[-83.1520019617726,42.373651346254,0],[-83.1490691198975,42.3724526584095,0],[-83.1448665931799,42.3708287917209,0],[-83.1448468770657,42.3708211729287,0],[-83.1448291525692,42.3707805996564,0],[-83.1443160851512,42.3696061220155,0],[-83.1433342918041,42.369159682293,0],[-83.1401087772642,42.3676928761306,0],[-83.1390383901363,42.3672060816611,0],[-83.1390267075716,42.3639434921574,0],[-83.1390246755356,42.3633757839844,0],[-83.1475477180337,42.3632621918542,0],[-83.1486394777274,42.363247594677,0],[-83.1486659975349,42.3637637623242,0],[-83.154915465846,42.3635699233161,0],[-83.1554096285393,42.3638115816583,0],[-83.1606582147488,42.3596101860694,0],[-83.1606582156801,42.3588538282424,0],[-83.1973908441899,42.3581340746676,0],[-83.1976502770705,42.3650888585834,0],[-83.182820323023,42.3653950465831,0],[-83.183043776203,42.370243958754,0],[-83.1833555470182,42.3713603211226,0],[-83.1835422791236,42.3778417005562,0],[-83.1834319714851,42.3799628244634,0],[-83.1833693191914,42.3799616745774,0],[-83.16837745436,42.3803419711867,0]]]},"properties":{"OBJECTID":64,"ObjectID_1":-1,"meapCode":853,"schoolCode":126,"schoolName":"Mackenzie Elementary-Middle School","address":"10147 West Chicago","zip":"48204","telephone":"(313) 416-6400","fax":"(313) 416-6531","config":"K - 8, PK, ESE","status":"Active","Mid":1,"High":0,"Type":"Elementary - Middle","shortName":"Mackenzie","lat":42.3654,"lon":-83.1605,"url":"https://mackenzie.detroitk12.org","NAME":"Mackenzie","Principal":"Morenike Hood"}},{"type":"Feature","id":66,"geometry":{"type":"Polygon","coordinates":[[[-83.1961719633327,42.3792195859358,0],[-83.1982181576686,42.3789753003007,0],[-83.1982187156033,42.3790588939494,0],[-83.1982235183219,42.3792327036816,0],[-83.1982275135544,42.3794039795307,0],[-83.1982391319592,42.3795924978121,0],[-83.1982482106407,42.3798029025653,0],[-83.1982609690361,42.3800023461072,0],[-83.1983301819928,42.3811458830679,0],[-83.1983353143284,42.3815408661087,0],[-83.1983163742216,42.3818629613179,0],[-83.1982683214508,42.3821484931775,0],[-83.1981346572542,42.3824714157303,0],[-83.1980704690875,42.3826985564455,0],[-83.1980277437092,42.3828855610683,0],[-83.1979703738482,42.3831375540276,0],[-83.1980004824684,42.3837506686681,0],[-83.198012163316,42.383931058943,0],[-83.1980433757279,42.3848327394581,0],[-83.1980945077243,42.3860846170396,0],[-83.198137511131,42.3866550015602,0],[-83.1981619238062,42.3870507006707,0],[-83.1981918837352,42.3878637840398,0],[-83.1982201268309,42.3886841428091,0],[-83.1982430534875,42.3893474201858,0],[-83.1983031074868,42.3910833446812,0],[-83.1983338908629,42.3917487736847,0],[-83.1983568893786,42.3926548847702,0],[-83.1983816390948,42.3934350503757,0],[-83.1984132385817,42.3942711101012,0],[-83.1985212246688,42.3966850646535,0],[-83.1985419832655,42.3971724748612,0],[-83.1986312305525,42.3993030661789,0],[-83.1986575367121,42.400921953283,0],[-83.1986865845302,42.4015118220366,0],[-83.197530922018,42.4015433315913,0],[-83.1962728054048,42.4015835879637,0],[-83.1950156412136,42.401624650587,0],[-83.1938185409484,42.4016629880888,0],[-83.1926067288693,42.401701881238,0],[-83.1913720619328,42.4017415154255,0],[-83.190074197475,42.4017824624591,0],[-83.1889086418543,42.4018161229149,0],[-83.1877626669704,42.4018486240702,0],[-83.1865971492407,42.4018801903458,0],[-83.1855148824856,42.4019099092231,0],[-83.1845172371061,42.4019359965734,0],[-83.183403837352,42.4019744292157,0],[-83.182285300186,42.4019955514318,0],[-83.1812377342123,42.4020258021024,0],[-83.1801849946516,42.4020548780095,0],[-83.1791207046678,42.402078060954,0],[-83.1790225697218,42.3998810863547,0],[-83.1789015246805,42.3972479955317,0],[-83.1787915977118,42.3948226493523,0],[-83.1787068862974,42.3926977630687,0],[-83.1787042603818,42.3926311368176,0],[-83.1794505730442,42.3922910643189,0],[-83.1808825681435,42.3914305460339,0],[-83.1808906798832,42.3914256714076,0],[-83.1815836687167,42.3910092232107,0],[-83.1825262283854,42.3899511130242,0],[-83.1828340275682,42.3886568173474,0],[-83.1830030636665,42.3879459978335,0],[-83.1830031283255,42.3879457265913,0],[-83.1830418605064,42.3877828482428,0],[-83.1829910166503,42.3868005155629,0],[-83.1829905694446,42.3867918834165,0],[-83.1827499536455,42.3821427627268,0],[-83.1829413091955,42.38208530883,0],[-83.1919779970934,42.3793715530674,0],[-83.1949457667182,42.3793632314786,0],[-83.1961719633327,42.3792195859358,0]]]},"properties":{"OBJECTID":66,"ObjectID_1":-1,"meapCode":456,"schoolCode":35,"schoolName":"Burns Elementary-Middle School","address":"14350 Terry Street","zip":"48227-5513","telephone":"(313) 852-0534","fax":"(313) 852-0539","config":"K - 8, ESE","status":"Active","Mid":1,"High":0,"Type":"Elementary - Middle","shortName":"Burns","lat":42.3926,"lon":-83.1914,"url":"https://burns.detroitk12.org","NAME":"Burns","Principal":"Cynthia Clayton"}},{"type":"Feature","id":67,"geometry":{"type":"Polygon","coordinates":[[[-83.1982430534875,42.3893474201858,0],[-83.2182558022076,42.3889520208204,0],[-83.2185846375741,42.4011122500846,0],[-83.2183771840065,42.4011188840821,0],[-83.218194643821,42.4011251393302,0],[-83.2178901185561,42.4011276450106,0],[-83.2161793555185,42.4011524295668,0],[-83.2160213854847,42.4011547677267,0],[-83.214225915668,42.4011862261707,0],[-83.2126773239312,42.4012083201247,0],[-83.2114544301697,42.4012302843585,0],[-83.2106268286026,42.4012464449913,0],[-83.2103558214095,42.4012517899654,0],[-83.2098331307994,42.4012620445098,0],[-83.2093810486932,42.4012708551389,0],[-83.2090359102422,42.4012776025854,0],[-83.208402994274,42.401289968529,0],[-83.2078339997786,42.4013011823256,0],[-83.2072831972152,42.401311937885,0],[-83.2066132536397,42.4013250071883,0],[-83.2062416122712,42.4013328260545,0],[-83.2051612873097,42.4013572594262,0],[-83.2040835167462,42.4013815286002,0],[-83.2029288081943,42.401407880569,0],[-83.2015450876817,42.4014413260156,0],[-83.2001628479917,42.4014735092953,0],[-83.1986865845302,42.4015118220366,0],[-83.1986575367121,42.400921953283,0],[-83.1986312305525,42.3993030661789,0],[-83.1985419832655,42.3971724748612,0],[-83.1985212246688,42.3966850646535,0],[-83.1984132385817,42.3942711101012,0],[-83.1983816390948,42.3934350503757,0],[-83.1983568893786,42.3926548847702,0],[-83.1983338908629,42.3917487736847,0],[-83.1983031074868,42.3910833446812,0],[-83.1982430534875,42.3893474201858,0]]]},"properties":{"OBJECTID":67,"ObjectID_1":-1,"meapCode":1084,"schoolCode":104,"schoolName":"Edison Elementary School","address":"17045 Grand River Avenue","zip":"48227-1424","telephone":"(313) 852-1066","fax":"(313) 852-1060","config":"K - 5, PK, ESE","status":"Active","Mid":0,"High":0,"Type":"Elementary","shortName":"Edison","lat":42.3975,"lon":-83.2137,"url":"https://edison.detroitk12.org","NAME":"Edison","Principal":"Kristina Christian"}}]}